timestamp,value,is_real_anomaly,scaled_value,reconstruction_error,threshold,predicted_anomaly
2014-02-14 17:00:00,0.132,False,0.02897278314310799,0.009999929702649133,0.044826340631875926,False
2014-02-14 17:05:00,0.136,False,0.030728709394205442,0.009980800212790188,0.044826340631875926,False
2014-02-14 17:10:00,0.134,False,0.029850746268656716,0.00998433190372025,0.044826340631875926,False
2014-02-14 17:15:00,0.134,False,0.029850746268656716,0.009971753895644695,0.044826340631875926,False
2014-02-14 17:20:00,0.132,False,0.02897278314310799,0.009964878996575227,0.044826340631875926,False
2014-02-14 17:25:00,0.132,False,0.02897278314310799,0.009940017535159605,0.044826340631875926,False
2014-02-14 17:30:00,0.134,False,0.029850746268656716,0.009919087186331438,0.044826340631875926,False
2014-02-14 17:35:00,0.134,False,0.029850746268656716,0.00992756004867443,0.044826340631875926,False
2014-02-14 17:40:00,0.066,False,0.0,0.00987294015275924,0.044826340631875926,False
2014-02-14 17:45:00,0.134,False,0.029850746268656716,0.01008421750850964,0.044826340631875926,False
2014-02-14 17:50:00,0.134,False,0.029850746268656716,0.010102490483591573,0.044826340631875926,False
2014-02-14 17:55:00,0.2019999999999999,False,0.05970149253731338,0.010028583704302327,0.044826340631875926,False
2014-02-14 18:00:00,0.134,False,0.029850746268656716,0.009453810386867732,0.044826340631875926,False
2014-02-14 18:05:00,0.134,False,0.029850746268656716,0.00955809764514977,0.044826340631875926,False
2014-02-14 18:10:00,0.134,False,0.029850746268656716,0.008563835026011117,0.044826340631875926,False
2014-02-14 18:15:00,0.068,False,0.0008779631255487266,0.008136475263536848,0.044826340631875926,False
2014-02-14 18:20:00,0.132,False,0.02897278314310799,0.00904365496206805,0.044826340631875926,False
2014-02-14 18:25:00,0.134,False,0.029850746268656716,0.009064753888731448,0.044826340631875926,False
2014-02-14 18:30:00,0.134,False,0.029850746268656716,0.009092555171435323,0.044826340631875926,False
2014-02-14 18:35:00,0.134,False,0.029850746268656716,0.009124632901137318,0.044826340631875926,False
2014-02-14 18:40:00,0.134,False,0.029850746268656716,0.009127075520347073,0.044826340631875926,False
2014-02-14 18:45:00,0.134,False,0.029850746268656716,0.009187966251060609,0.044826340631875926,False
2014-02-14 18:50:00,0.134,False,0.029850746268656716,0.009216923118815069,0.044826340631875926,False
2014-02-14 18:55:00,0.134,False,0.029850746268656716,0.009178631853247927,0.044826340631875926,False
2014-02-14 19:00:00,0.066,False,0.0,0.008666362116243583,0.044826340631875926,False
2014-02-14 19:05:00,0.134,False,0.029850746268656716,0.009493687352722135,0.044826340631875926,False
2014-02-14 19:10:00,0.134,False,0.029850746268656716,0.009407661210681246,0.044826340631875926,False
2014-02-14 19:15:00,0.134,False,0.029850746268656716,0.00883774397224798,0.044826340631875926,False
2014-02-14 19:20:00,0.066,False,0.0,0.0088185042137962,0.044826340631875926,False
2014-02-14 19:25:00,0.132,False,0.02897278314310799,0.009555153462971496,0.044826340631875926,False
2014-02-14 19:30:00,0.134,False,0.029850746268656716,0.00949220693080675,0.044826340631875926,False
2014-02-14 19:35:00,0.2,False,0.058823529411764705,0.009493279433434454,0.044826340631875926,False
2014-02-14 19:40:00,0.132,False,0.02897278314310799,0.009555554406361461,0.044826340631875926,False
2014-02-14 19:45:00,0.134,False,0.029850746268656716,0.009616187922678338,0.044826340631875926,False
2014-02-14 19:50:00,0.136,False,0.030728709394205442,0.009680373619021918,0.044826340631875926,False
2014-02-14 19:55:00,0.132,False,0.02897278314310799,0.009785447463901253,0.044826340631875926,False
2014-02-14 20:00:00,0.066,False,0.0,0.009846038441371332,0.044826340631875926,False
2014-02-14 20:05:00,0.134,False,0.029850746268656716,0.010753749792467073,0.044826340631875926,False
2014-02-14 20:10:00,0.134,False,0.029850746268656716,0.01069231466421536,0.044826340631875926,False
2014-02-14 20:15:00,0.134,False,0.029850746268656716,0.010174830141674886,0.044826340631875926,False
2014-02-14 20:20:00,0.2,False,0.058823529411764705,0.010189739498507388,0.044826340631875926,False
2014-02-14 20:25:00,0.132,False,0.02897278314310799,0.010280759982603364,0.044826340631875926,False
2014-02-14 20:30:00,0.136,False,0.030728709394205442,0.009389662146590101,0.044826340631875926,False
2014-02-14 20:35:00,0.134,False,0.029850746268656716,0.00947336761059034,0.044826340631875926,False
2014-02-14 20:40:00,0.134,False,0.029850746268656716,0.009537684685505112,0.044826340631875926,False
2014-02-14 20:45:00,0.134,False,0.029850746268656716,0.009521087834255574,0.044826340631875926,False
2014-02-14 20:50:00,0.066,False,0.0,0.009108250308863626,0.044826340631875926,False
2014-02-14 20:55:00,0.134,False,0.029850746268656716,0.010089508629844729,0.044826340631875926,False
2014-02-14 21:00:00,0.134,False,0.029850746268656716,0.01009040276160453,0.044826340631875926,False
2014-02-14 21:05:00,0.134,False,0.029850746268656716,0.010106418157126647,0.044826340631875926,False
2014-02-14 21:10:00,0.134,False,0.029850746268656716,0.010125419869528356,0.044826340631875926,False
2014-02-14 21:15:00,0.132,False,0.02897278314310799,0.01014527423879121,0.044826340631875926,False
2014-02-14 21:20:00,0.066,False,0.0,0.010143113206338296,0.044826340631875926,False
2014-02-14 21:25:00,0.134,False,0.029850746268656716,0.010959099031677359,0.044826340631875926,False
2014-02-14 21:30:00,0.132,False,0.02897278314310799,0.010887481877893719,0.044826340631875926,False
2014-02-14 21:35:00,0.134,False,0.029850746268656716,0.010318658206876793,0.044826340631875926,False
2014-02-14 21:40:00,0.132,False,0.02897278314310799,0.01031615419091451,0.044826340631875926,False
2014-02-14 21:45:00,0.066,False,0.0,0.010297070095958259,0.044826340631875926,False
2014-02-14 21:50:00,0.134,False,0.029850746268656716,0.011006981508633544,0.044826340631875926,False
2014-02-14 21:55:00,0.132,False,0.02897278314310799,0.010416874314369702,0.044826340631875926,False
2014-02-14 22:00:00,0.134,False,0.029850746268656716,0.010405220861258056,0.044826340631875926,False
2014-02-14 22:05:00,0.134,False,0.029850746268656716,0.010393663458547935,0.044826340631875926,False
2014-02-14 22:10:00,0.066,False,0.0,0.009433907946642025,0.044826340631875926,False
2014-02-14 22:15:00,0.134,False,0.029850746268656716,0.01017717435843708,0.044826340631875926,False
2014-02-14 22:20:00,0.132,False,0.02897278314310799,0.010160202929248035,0.044826340631875926,False
2014-02-14 22:25:00,0.134,False,0.029850746268656716,0.010102984660248115,0.044826340631875926,False
2014-02-14 22:30:00,0.132,False,0.02897278314310799,0.010051718883092092,0.044826340631875926,False
2014-02-14 22:35:00,0.068,False,0.0008779631255487266,0.009439886983932107,0.044826340631875926,False
2014-02-14 22:40:00,0.132,False,0.02897278314310799,0.010085837716247065,0.044826340631875926,False
2014-02-14 22:45:00,0.132,False,0.02897278314310799,0.010021094476571372,0.044826340631875926,False
2014-02-14 22:50:00,0.134,False,0.029850746268656716,0.00996566961596008,0.044826340631875926,False
2014-02-14 22:55:00,0.132,False,0.02897278314310799,0.008985627663204866,0.044826340631875926,False
2014-02-14 23:00:00,0.134,False,0.029850746268656716,0.008971110703617132,0.044826340631875926,False
2014-02-14 23:05:00,0.134,False,0.029850746268656716,0.008925011362209979,0.044826340631875926,False
2014-02-14 23:10:00,0.134,False,0.029850746268656716,0.008910849112346833,0.044826340631875926,False
2014-02-14 23:15:00,0.066,False,0.0,0.008902605914150739,0.044826340631875926,False
2014-02-14 23:20:00,0.132,False,0.02897278314310799,0.009569327366604574,0.044826340631875926,False
2014-02-14 23:25:00,0.132,False,0.02897278314310799,0.00893601047652993,0.044826340631875926,False
2014-02-14 23:30:00,0.066,False,0.0,0.008883986557608447,0.044826340631875926,False
2014-02-14 23:35:00,0.136,False,0.030728709394205442,0.009550797851646645,0.044826340631875926,False
2014-02-14 23:40:00,0.134,False,0.029850746268656716,0.009552609451869566,0.044826340631875926,False
2014-02-14 23:45:00,0.066,False,0.0,0.009547914592682756,0.044826340631875926,False
2014-02-14 23:50:00,0.134,False,0.029850746268656716,0.010180752472513195,0.044826340631875926,False
2014-02-14 23:55:00,0.2,False,0.058823529411764705,0.009574029986812838,0.044826340631875926,False
2014-02-15 00:00:00,0.134,False,0.029850746268656716,0.009812231723547312,0.044826340631875926,False
2014-02-15 00:05:00,0.134,False,0.029850746268656716,0.009895656176482701,0.044826340631875926,False
2014-02-15 00:10:00,0.066,False,0.0,0.009944110033984049,0.044826340631875926,False
2014-02-15 00:15:00,0.132,False,0.02897278314310799,0.010762219576784868,0.044826340631875926,False
2014-02-15 00:20:00,0.134,False,0.029850746268656716,0.010206937025561991,0.044826340631875926,False
2014-02-15 00:25:00,0.066,False,0.0,0.010226399370109104,0.044826340631875926,False
2014-02-15 00:30:00,0.136,False,0.030728709394205442,0.01100775141144683,0.044826340631875926,False
2014-02-15 00:35:00,0.134,False,0.029850746268656716,0.011046765499058996,0.044826340631875926,False
2014-02-15 00:40:00,0.134,False,0.029850746268656716,0.010995718032363686,0.044826340631875926,False
2014-02-15 00:45:00,0.066,False,0.0,0.010449241500163603,0.044826340631875926,False
2014-02-15 00:50:00,0.134,False,0.029850746268656716,0.011147138168656461,0.044826340631875926,False
2014-02-15 00:55:00,0.134,False,0.029850746268656716,0.011171753698824212,0.044826340631875926,False
2014-02-15 01:00:00,0.134,False,0.029850746268656716,0.01117293635431763,0.044826340631875926,False
2014-02-15 01:05:00,0.068,False,0.0008779631255487266,0.011127242369684672,0.044826340631875926,False
2014-02-15 01:10:00,0.132,False,0.02897278314310799,0.01122092392120073,0.044826340631875926,False
2014-02-15 01:15:00,0.134,False,0.029850746268656716,0.01119752127501676,0.044826340631875926,False
2014-02-15 01:20:00,0.134,False,0.029850746268656716,0.011207144188113837,0.044826340631875926,False
2014-02-15 01:25:00,0.068,False,0.0008779631255487266,0.011193110460765987,0.044826340631875926,False
2014-02-15 01:30:00,0.134,False,0.029850746268656716,0.011833719490872753,0.044826340631875926,False
2014-02-15 01:35:00,0.134,False,0.029850746268656716,0.011834031918552451,0.044826340631875926,False
2014-02-15 01:40:00,0.134,False,0.029850746268656716,0.01184868528585328,0.044826340631875926,False
2014-02-15 01:45:00,0.134,False,0.029850746268656716,0.011789246913201544,0.044826340631875926,False
2014-02-15 01:50:00,0.134,False,0.029850746268656716,0.011225539795783984,0.044826340631875926,False
2014-02-15 01:55:00,0.134,False,0.029850746268656716,0.01125752686830616,0.044826340631875926,False
2014-02-15 02:00:00,0.066,False,0.0,0.011217646012919436,0.044826340631875926,False
2014-02-15 02:05:00,0.134,False,0.029850746268656716,0.011351015192982844,0.044826340631875926,False
2014-02-15 02:10:00,0.132,False,0.02897278314310799,0.011309219182752132,0.044826340631875926,False
2014-02-15 02:15:00,0.134,False,0.029850746268656716,0.011204703750439313,0.044826340631875926,False
2014-02-15 02:20:00,0.066,False,0.0,0.010617728221464874,0.044826340631875926,False
2014-02-15 02:25:00,0.132,False,0.02897278314310799,0.011278758361665236,0.044826340631875926,False
2014-02-15 02:30:00,0.132,False,0.02897278314310799,0.010282447950449518,0.044826340631875926,False
2014-02-15 02:35:00,0.066,False,0.0,0.010262420363637009,0.044826340631875926,False
2014-02-15 02:40:00,0.134,False,0.029850746268656716,0.010867077796748583,0.044826340631875926,False
2014-02-15 02:45:00,0.134,False,0.029850746268656716,0.010273977890523475,0.044826340631875926,False
2014-02-15 02:50:00,0.136,False,0.030728709394205442,0.010308393479791214,0.044826340631875926,False
2014-02-15 02:55:00,0.134,False,0.029850746268656716,0.010263125668368405,0.044826340631875926,False
2014-02-15 03:00:00,0.134,False,0.029850746268656716,0.009686338125390373,0.044826340631875926,False
2014-02-15 03:05:00,1.466,False,0.6145741878841088,0.009652888255544334,0.044826340631875926,False
2014-02-15 03:10:00,0.066,False,0.0,0.02908415252493816,0.044826340631875926,False
2014-02-15 03:15:00,0.134,False,0.029850746268656716,0.038020884841985784,0.044826340631875926,False
2014-02-15 03:20:00,0.134,False,0.029850746268656716,0.050426089902208635,0.044826340631875926,True
2014-02-15 03:25:00,0.134,False,0.029850746268656716,0.051664257404755026,0.044826340631875926,True
2014-02-15 03:30:00,0.134,False,0.029850746268656716,0.04956524929160921,0.044826340631875926,True
2014-02-15 03:35:00,0.134,False,0.029850746268656716,0.04822428248090059,0.044826340631875926,True
2014-02-15 03:40:00,0.132,False,0.02897278314310799,0.04482875297078794,0.044826340631875926,True
2014-02-15 03:45:00,0.066,False,0.0,0.04267336448105606,0.044826340631875926,False
2014-02-15 03:50:00,0.134,False,0.029850746268656716,0.04265037033612055,0.044826340631875926,False
2014-02-15 03:55:00,0.132,False,0.02897278314310799,0.04215085555106742,0.044826340631875926,False
2014-02-15 04:00:00,0.134,False,0.029850746268656716,0.04134625078113257,0.044826340631875926,False
2014-02-15 04:05:00,0.066,False,0.0,0.041317381752387264,0.044826340631875926,False
2014-02-15 04:10:00,0.134,False,0.029850746268656716,0.04144615202265627,0.044826340631875926,False
2014-02-15 04:15:00,0.134,False,0.029850746268656716,0.041985242119898986,0.044826340631875926,False
2014-02-15 04:20:00,0.134,False,0.029850746268656716,0.04198945568640626,0.044826340631875926,False
2014-02-15 04:25:00,0.068,False,0.0008779631255487266,0.04255407645443675,0.044826340631875926,False
2014-02-15 04:30:00,0.132,False,0.02897278314310799,0.04229144276148933,0.044826340631875926,False
2014-02-15 04:35:00,0.134,False,0.029850746268656716,0.04270269641876744,0.044826340631875926,False
2014-02-15 04:40:00,0.066,False,0.0,0.044275988786780324,0.044826340631875926,False
2014-02-15 04:45:00,0.132,False,0.02897278314310799,0.04523390648766092,0.044826340631875926,True
2014-02-15 04:50:00,0.134,False,0.029850746268656716,0.045712226444028406,0.044826340631875926,True
2014-02-15 04:55:00,0.134,False,0.029850746268656716,0.04509519179598836,0.044826340631875926,True
2014-02-15 05:00:00,0.066,False,0.0,0.044145363431401005,0.044826340631875926,False
2014-02-15 05:05:00,0.134,False,0.029850746268656716,0.04330555854274196,0.044826340631875926,False
2014-02-15 05:10:00,0.132,False,0.02897278314310799,0.0422068931557563,0.044826340631875926,False
2014-02-15 05:15:00,0.134,False,0.029850746268656716,0.043025384734272684,0.044826340631875926,False
2014-02-15 05:20:00,0.066,False,0.0,0.043937525634384286,0.044826340631875926,False
2014-02-15 05:25:00,0.136,False,0.030728709394205442,0.045656034225455694,0.044826340631875926,True
2014-02-15 05:30:00,0.068,False,0.0008779631255487266,0.04664163832390014,0.044826340631875926,True
2014-02-15 05:35:00,0.132,False,0.02897278314310799,0.048143693161073524,0.044826340631875926,True
2014-02-15 05:40:00,0.132,False,0.02897278314310799,0.010847986064947222,0.044826340631875926,False
2014-02-15 05:45:00,0.134,False,0.029850746268656716,0.010217564470492541,0.044826340631875926,False
2014-02-15 05:50:00,0.134,False,0.029850746268656716,0.010196927666090665,0.044826340631875926,False
2014-02-15 05:55:00,0.2,False,0.058823529411764705,0.010180989259901381,0.044826340631875926,False
2014-02-15 06:00:00,0.066,False,0.0,0.010500206436960795,0.044826340631875926,False
2014-02-15 06:05:00,0.134,False,0.029850746268656716,0.011344685828117533,0.044826340631875926,False
2014-02-15 06:10:00,0.134,False,0.029850746268656716,0.011353970865833764,0.044826340631875926,False
2014-02-15 06:15:00,0.068,False,0.0008779631255487266,0.011321321047269043,0.044826340631875926,False
2014-02-15 06:20:00,0.132,False,0.02897278314310799,0.01149311517718236,0.044826340631875926,False
2014-02-15 06:25:00,0.066,False,0.0,0.011473025874727242,0.044826340631875926,False
2014-02-15 06:30:00,0.132,False,0.02897278314310799,0.012200254663434733,0.044826340631875926,False
2014-02-15 06:35:00,0.136,False,0.030728709394205442,0.012118426932009435,0.044826340631875926,False
2014-02-15 06:40:00,0.066,False,0.0,0.011586933881469573,0.044826340631875926,False
2014-02-15 06:45:00,0.132,False,0.02897278314310799,0.012240427324778945,0.044826340631875926,False
2014-02-15 06:50:00,0.134,False,0.029850746268656716,0.012241492393724499,0.044826340631875926,False
2014-02-15 06:55:00,0.134,False,0.029850746268656716,0.012191168192140635,0.044826340631875926,False
2014-02-15 07:00:00,0.066,False,0.0,0.011662737081873422,0.044826340631875926,False
2014-02-15 07:05:00,0.134,False,0.029850746268656716,0.012354648938876233,0.044826340631875926,False
2014-02-15 07:10:00,0.132,False,0.02897278314310799,0.0122959965403893,0.044826340631875926,False
2014-02-15 07:15:00,0.066,False,0.0,0.011699398781287673,0.044826340631875926,False
2014-02-15 07:20:00,0.134,False,0.029850746268656716,0.012353545321625312,0.044826340631875926,False
2014-02-15 07:25:00,0.134,False,0.029850746268656716,0.012376610394420067,0.044826340631875926,False
2014-02-15 07:30:00,0.134,False,0.029850746268656716,0.012322197872998158,0.044826340631875926,False
2014-02-15 07:35:00,0.066,False,0.0,0.011753944100859498,0.044826340631875926,False
2014-02-15 07:40:00,0.134,False,0.029850746268656716,0.0123887429198641,0.044826340631875926,False
2014-02-15 07:45:00,0.132,False,0.02897278314310799,0.012442235099868549,0.044826340631875926,False
2014-02-15 07:50:00,0.066,False,0.0,0.012358484746120215,0.044826340631875926,False
2014-02-15 07:55:00,0.134,False,0.029850746268656716,0.012418067039153815,0.044826340631875926,False
2014-02-15 08:00:00,0.134,False,0.029850746268656716,0.012307394757476556,0.044826340631875926,False
2014-02-15 08:05:00,0.134,False,0.029850746268656716,0.011736040045244232,0.044826340631875926,False
2014-02-15 08:10:00,0.068,False,0.0008779631255487266,0.011747773397383558,0.044826340631875926,False
2014-02-15 08:15:00,0.134,False,0.029850746268656716,0.012350690561132204,0.044826340631875926,False
2014-02-15 08:20:00,0.068,False,0.0008779631255487266,0.012354866114851407,0.044826340631875926,False
2014-02-15 08:25:00,0.132,False,0.02897278314310799,0.012948638071895583,0.044826340631875926,False
2014-02-15 08:30:00,0.134,False,0.029850746268656716,0.011916435854593961,0.044826340631875926,False
2014-02-15 08:35:00,0.134,False,0.029850746268656716,0.011352991494318789,0.044826340631875926,False
2014-02-15 08:40:00,0.066,False,0.0,0.011381914337755188,0.044826340631875926,False
2014-02-15 08:45:00,0.134,False,0.029850746268656716,0.011966145755807607,0.044826340631875926,False
2014-02-15 08:50:00,0.134,False,0.029850746268656716,0.011435574528352099,0.044826340631875926,False
2014-02-15 08:55:00,0.134,False,0.029850746268656716,0.011407655952642768,0.044826340631875926,False
2014-02-15 09:00:00,0.066,False,0.0,0.010832889317563477,0.044826340631875926,False
2014-02-15 09:05:00,0.132,False,0.02897278314310799,0.011505776117012045,0.044826340631875926,False
2014-02-15 09:10:00,0.134,False,0.029850746268656716,0.01138474499113925,0.044826340631875926,False
2014-02-15 09:15:00,0.066,False,0.0,0.010800551384783358,0.044826340631875926,False
2014-02-15 09:20:00,0.134,False,0.029850746268656716,0.0114453134221538,0.044826340631875926,False
2014-02-15 09:25:00,0.134,False,0.029850746268656716,0.011467220053842077,0.044826340631875926,False
2014-02-15 09:30:00,0.134,False,0.029850746268656716,0.011406765794525951,0.044826340631875926,False
2014-02-15 09:35:00,0.066,False,0.0,0.010828489501368308,0.044826340631875926,False
2014-02-15 09:40:00,0.134,False,0.029850746268656716,0.011470885553231249,0.044826340631875926,False
2014-02-15 09:45:00,0.134,False,0.029850746268656716,0.011430796702469529,0.044826340631875926,False
2014-02-15 09:50:00,0.132,False,0.02897278314310799,0.010844824394172467,0.044826340631875926,False
2014-02-15 09:55:00,0.134,False,0.029850746268656716,0.01081728438694408,0.044826340631875926,False
2014-02-15 10:00:00,0.068,False,0.0008779631255487266,0.010823342081498408,0.044826340631875926,False
2014-02-15 10:05:00,0.134,False,0.029850746268656716,0.011387438872730412,0.044826340631875926,False
2014-02-15 10:10:00,0.132,False,0.02897278314310799,0.010800120741224857,0.044826340631875926,False
2014-02-15 10:15:00,0.066,False,0.0,0.010780836225650549,0.044826340631875926,False
2014-02-15 10:20:00,0.134,False,0.029850746268656716,0.01138741608637142,0.044826340631875926,False
2014-02-15 10:25:00,0.134,False,0.029850746268656716,0.010797844216323467,0.044826340631875926,False
2014-02-15 10:30:00,0.066,False,0.0,0.010803605005241008,0.044826340631875926,False
2014-02-15 10:35:00,0.132,False,0.02897278314310799,0.0114602482435859,0.044826340631875926,False
2014-02-15 10:40:00,0.132,False,0.02897278314310799,0.011381528459768439,0.044826340631875926,False
2014-02-15 10:45:00,0.134,False,0.029850746268656716,0.010817677049439985,0.044826340631875926,False
2014-02-15 10:50:00,0.134,False,0.029850746268656716,0.010749063162606794,0.044826340631875926,False
2014-02-15 10:55:00,0.132,False,0.02897278314310799,0.010195900284665294,0.044826340631875926,False
2014-02-15 11:00:00,0.068,False,0.0008779631255487266,0.010193534787413944,0.044826340631875926,False
2014-02-15 11:05:00,0.132,False,0.02897278314310799,0.010835470588109733,0.044826340631875926,False
2014-02-15 11:10:00,0.132,False,0.02897278314310799,0.010737340489632992,0.044826340631875926,False
2014-02-15 11:15:00,0.134,False,0.029850746268656716,0.010127395884626382,0.044826340631875926,False
2014-02-15 11:20:00,0.066,False,0.0,0.010122273920906855,0.044826340631875926,False
2014-02-15 11:25:00,0.134,False,0.029850746268656716,0.010799302382382133,0.044826340631875926,False
2014-02-15 11:30:00,0.066,False,0.0,0.01072802000801998,0.044826340631875926,False
2014-02-15 11:35:00,0.132,False,0.02897278314310799,0.010777228671423968,0.044826340631875926,False
2014-02-15 11:40:00,0.136,False,0.030728709394205442,0.010789882675421612,0.044826340631875926,False
2014-02-15 11:45:00,0.134,False,0.029850746268656716,0.010743878746635824,0.044826340631875926,False
2014-02-15 11:50:00,0.068,False,0.0008779631255487266,0.010155016916918759,0.044826340631875926,False
2014-02-15 11:55:00,0.132,False,0.02897278314310799,0.010752759909244755,0.044826340631875926,False
2014-02-15 12:00:00,0.132,False,0.02897278314310799,0.010734134832141445,0.044826340631875926,False
2014-02-15 12:05:00,0.134,False,0.029850746268656716,0.0106368255392938,0.044826340631875926,False
2014-02-15 12:10:00,0.134,False,0.029850746268656716,0.010050927053832818,0.044826340631875926,False
2014-02-15 12:15:00,0.132,False,0.02897278314310799,0.010043828699433611,0.044826340631875926,False
2014-02-15 12:20:00,0.066,False,0.0,0.010020189505764917,0.044826340631875926,False
2014-02-15 12:25:00,0.134,False,0.029850746268656716,0.010735270992043527,0.044826340631875926,False
2014-02-15 12:30:00,0.132,False,0.02897278314310799,0.010669456847134143,0.044826340631875926,False
2014-02-15 12:35:00,0.134,False,0.029850746268656716,0.010099510613524721,0.044826340631875926,False
2014-02-15 12:40:00,0.134,False,0.029850746268656716,0.010103430798593965,0.044826340631875926,False
2014-02-15 12:45:00,0.066,False,0.0,0.010060614786981085,0.044826340631875926,False
2014-02-15 12:50:00,0.134,False,0.029850746268656716,0.010168104002812046,0.044826340631875926,False
2014-02-15 12:55:00,0.2,False,0.058823529411764705,0.01015335533016775,0.044826340631875926,False
2014-02-15 13:00:00,0.134,False,0.029850746268656716,0.01030016979750465,0.044826340631875926,False
2014-02-15 13:05:00,0.066,False,0.0,0.009794330035731793,0.044826340631875926,False
2014-02-15 13:10:00,0.134,False,0.029850746268656716,0.010662559447943606,0.044826340631875926,False
2014-02-15 13:15:00,0.136,False,0.030728709394205442,0.010695544898265769,0.044826340631875926,False
2014-02-15 13:20:00,0.134,False,0.029850746268656716,0.010736010917771759,0.044826340631875926,False
2014-02-15 13:25:00,0.066,False,0.0,0.010762084100394349,0.044826340631875926,False
2014-02-15 13:30:00,0.134,False,0.029850746268656716,0.011495367789688444,0.044826340631875926,False
2014-02-15 13:35:00,0.134,False,0.029850746268656716,0.01098246139212287,0.044826340631875926,False
2014-02-15 13:40:00,0.134,False,0.029850746268656716,0.011030179930958247,0.044826340631875926,False
2014-02-15 13:45:00,0.134,False,0.029850746268656716,0.011082684660680919,0.044826340631875926,False
2014-02-15 13:50:00,0.134,False,0.029850746268656716,0.011039420753447044,0.044826340631875926,False
2014-02-15 13:55:00,0.134,False,0.029850746268656716,0.010509983761160297,0.044826340631875926,False
2014-02-15 14:00:00,0.134,False,0.029850746268656716,0.010456807539412104,0.044826340631875926,False
2014-02-15 14:05:00,0.066,False,0.0,0.009914329671730218,0.044826340631875926,False
2014-02-15 14:10:00,0.134,False,0.029850746268656716,0.010683363606078878,0.044826340631875926,False
2014-02-15 14:15:00,0.134,False,0.029850746268656716,0.010640979745039069,0.044826340631875926,False
2014-02-15 14:20:00,0.132,False,0.02897278314310799,0.010564401808429482,0.044826340631875926,False
2014-02-15 14:25:00,0.134,False,0.029850746268656716,0.009996482815712311,0.044826340631875926,False
2014-02-15 14:30:00,0.134,False,0.029850746268656716,0.010007706361874293,0.044826340631875926,False
2014-02-15 14:35:00,0.066,False,0.0,0.010022020967661423,0.044826340631875926,False
2014-02-15 14:40:00,0.134,False,0.029850746268656716,0.010740729653376526,0.044826340631875926,False
2014-02-15 14:45:00,0.134,False,0.029850746268656716,0.01072536959850608,0.044826340631875926,False
2014-02-15 14:50:00,0.132,False,0.02897278314310799,0.010676926349632859,0.044826340631875926,False
2014-02-15 14:55:00,0.132,False,0.02897278314310799,0.01007481975541421,0.044826340631875926,False
2014-02-15 15:00:00,0.134,False,0.029850746268656716,0.010037767467761388,0.044826340631875926,False
2014-02-15 15:05:00,0.132,False,0.02897278314310799,0.010059309074639363,0.044826340631875926,False
2014-02-15 15:10:00,0.066,False,0.0,0.010038753055398015,0.044826340631875926,False
2014-02-15 15:15:00,0.132,False,0.02897278314310799,0.010718189358257708,0.044826340631875926,False
2014-02-15 15:20:00,0.134,False,0.029850746268656716,0.010100284925470372,0.044826340631875926,False
2014-02-15 15:25:00,0.132,False,0.02897278314310799,0.010089134883254388,0.044826340631875926,False
2014-02-15 15:30:00,0.134,False,0.029850746268656716,0.009114121522057777,0.044826340631875926,False
2014-02-15 15:35:00,0.068,False,0.0008779631255487266,0.00904431262418501,0.044826340631875926,False
2014-02-15 15:40:00,0.134,False,0.029850746268656716,0.009156829189811146,0.044826340631875926,False
2014-02-15 15:45:00,0.134,False,0.029850746268656716,0.009133456283861393,0.044826340631875926,False
2014-02-15 15:50:00,0.134,False,0.029850746268656716,0.009094930581807355,0.044826340631875926,False
2014-02-15 15:55:00,0.134,False,0.029850746268656716,0.009011764407216767,0.044826340631875926,False
2014-02-15 16:00:00,0.132,False,0.02897278314310799,0.008422444801410195,0.044826340631875926,False
2014-02-15 16:05:00,0.204,False,0.06057945566286216,0.008376896554614531,0.044826340631875926,False
2014-02-15 16:10:00,0.066,False,0.0,0.008394017196398033,0.044826340631875926,False
2014-02-15 16:15:00,0.132,False,0.02897278314310799,0.009406232129415033,0.044826340631875926,False
2014-02-15 16:20:00,0.134,False,0.029850746268656716,0.00940901052145702,0.044826340631875926,False
2014-02-15 16:25:00,0.066,False,0.0,0.009441502689704721,0.044826340631875926,False
2014-02-15 16:30:00,0.134,False,0.029850746268656716,0.01029779423133982,0.044826340631875926,False
2014-02-15 16:35:00,0.134,False,0.029850746268656716,0.010233810259465901,0.044826340631875926,False
2014-02-15 16:40:00,0.134,False,0.029850746268656716,0.009704882700627469,0.044826340631875926,False
2014-02-15 16:45:00,0.066,False,0.0,0.009718221723422828,0.044826340631875926,False
2014-02-15 16:50:00,0.134,False,0.029850746268656716,0.010468024848465648,0.044826340631875926,False
2014-02-15 16:55:00,0.134,False,0.029850746268656716,0.010495031456211466,0.044826340631875926,False
2014-02-15 17:00:00,0.134,False,0.029850746268656716,0.010503458870012817,0.044826340631875926,False
2014-02-15 17:05:00,0.132,False,0.02897278314310799,0.010443297108073292,0.044826340631875926,False
2014-02-15 17:10:00,0.134,False,0.029850746268656716,0.009867664599801523,0.044826340631875926,False
2014-02-15 17:15:00,0.134,False,0.029850746268656716,0.009864566896742007,0.044826340631875926,False
2014-02-15 17:20:00,0.066,False,0.0,0.009863344504818738,0.044826340631875926,False
2014-02-15 17:25:00,0.134,False,0.029850746268656716,0.01061161398148463,0.044826340631875926,False
2014-02-15 17:30:00,0.136,False,0.030728709394205442,0.010628639418933779,0.044826340631875926,False
2014-02-15 17:35:00,0.134,False,0.029850746268656716,0.010651642084666813,0.044826340631875926,False
2014-02-15 17:40:00,0.066,False,0.0,0.010611974005444304,0.044826340631875926,False
2014-02-15 17:45:00,0.134,False,0.029850746268656716,0.010743039217634457,0.044826340631875926,False
2014-02-15 17:50:00,0.134,False,0.029850746268656716,0.010746864399351862,0.044826340631875926,False
2014-02-15 17:55:00,0.132,False,0.02897278314310799,0.010731176581023323,0.044826340631875926,False
2014-02-15 18:00:00,0.134,False,0.029850746268656716,0.01072771075719415,0.044826340631875926,False
2014-02-15 18:05:00,0.134,False,0.029850746268656716,0.01064544243965366,0.044826340631875926,False
2014-02-15 18:10:00,0.134,False,0.029850746268656716,0.010092520029200925,0.044826340631875926,False
2014-02-15 18:15:00,0.068,False,0.0008779631255487266,0.010073805226240372,0.044826340631875926,False
2014-02-15 18:20:00,0.134,False,0.029850746268656716,0.010731707310714511,0.044826340631875926,False
2014-02-15 18:25:00,0.066,False,0.0,0.010709889278847166,0.044826340631875926,False
2014-02-15 18:30:00,0.132,False,0.02897278314310799,0.011375494820592098,0.044826340631875926,False
2014-02-15 18:35:00,0.132,False,0.02897278314310799,0.01138855016253123,0.044826340631875926,False
2014-02-15 18:40:00,0.066,False,0.0,0.010284861255593034,0.044826340631875926,False
2014-02-15 18:45:00,0.132,False,0.02897278314310799,0.010361547163533104,0.044826340631875926,False
2014-02-15 18:50:00,0.134,False,0.029850746268656716,0.01037602146854692,0.044826340631875926,False
2014-02-15 18:55:00,0.134,False,0.029850746268656716,0.010309950402783288,0.044826340631875926,False
2014-02-15 19:00:00,0.134,False,0.029850746268656716,0.00972588469806098,0.044826340631875926,False
2014-02-15 19:05:00,0.134,False,0.029850746268656716,0.009719232881792215,0.044826340631875926,False
2014-02-15 19:10:00,0.132,False,0.02897278314310799,0.009717568918792236,0.044826340631875926,False
2014-02-15 19:15:00,0.134,False,0.029850746268656716,0.009617271322243508,0.044826340631875926,False
2014-02-15 19:20:00,0.134,False,0.029850746268656716,0.009034272292309992,0.044826340631875926,False
2014-02-15 19:25:00,0.066,False,0.0,0.009015293180002762,0.044826340631875926,False
2014-02-15 19:30:00,0.134,False,0.029850746268656716,0.009703162732951937,0.044826340631875926,False
2014-02-15 19:35:00,0.134,False,0.029850746268656716,0.009676543484859763,0.044826340631875926,False
2014-02-15 19:40:00,0.134,False,0.029850746268656716,0.009691031999615659,0.044826340631875926,False
2014-02-15 19:45:00,0.066,False,0.0,0.009685522419440576,0.044826340631875926,False
2014-02-15 19:50:00,0.132,False,0.02897278314310799,0.010319369364685749,0.044826340631875926,False
2014-02-15 19:55:00,0.132,False,0.02897278314310799,0.009687212654186384,0.044826340631875926,False
2014-02-15 20:00:00,0.134,False,0.029850746268656716,0.009639950711765256,0.044826340631875926,False
2014-02-15 20:05:00,0.066,False,0.0,0.009594957719488572,0.044826340631875926,False
2014-02-15 20:10:00,0.136,False,0.030728709394205442,0.010205195016585527,0.044826340631875926,False
2014-02-15 20:15:00,0.134,False,0.029850746268656716,0.009609709674356747,0.044826340631875926,False
2014-02-15 20:20:00,0.134,False,0.029850746268656716,0.009584145055948066,0.044826340631875926,False
2014-02-15 20:25:00,0.132,False,0.02897278314310799,0.009570987268525726,0.044826340631875926,False
2014-02-15 20:30:00,0.068,False,0.0008779631255487266,0.009575135130920374,0.044826340631875926,False
2014-02-15 20:35:00,0.132,False,0.02897278314310799,0.010229300190431612,0.044826340631875926,False
2014-02-15 20:40:00,0.134,False,0.029850746268656716,0.010225786380894985,0.044826340631875926,False
2014-02-15 20:45:00,0.066,False,0.0,0.010177155075399087,0.044826340631875926,False
2014-02-15 20:50:00,0.132,False,0.02897278314310799,0.010329808833124975,0.044826340631875926,False
2014-02-15 20:55:00,0.134,False,0.029850746268656716,0.010239687363731867,0.044826340631875926,False
2014-02-15 21:00:00,0.134,False,0.029850746268656716,0.009656748745589357,0.044826340631875926,False
2014-02-15 21:05:00,0.134,False,0.029850746268656716,0.00968321226809783,0.044826340631875926,False
2014-02-15 21:10:00,0.066,False,0.0,0.00962932730142113,0.044826340631875926,False
2014-02-15 21:15:00,0.134,False,0.029850746268656716,0.009709541493891046,0.044826340631875926,False
2014-02-15 21:20:00,0.134,False,0.029850746268656716,0.009700186101827123,0.044826340631875926,False
2014-02-15 21:25:00,0.134,False,0.029850746268656716,0.009669196964038508,0.044826340631875926,False
2014-02-15 21:30:00,0.066,False,0.0,0.009643925525976316,0.044826340631875926,False
2014-02-15 21:35:00,0.134,False,0.029850746268656716,0.010281003601761858,0.044826340631875926,False
2014-02-15 21:40:00,0.066,False,0.0,0.010263912280313373,0.044826340631875926,False
2014-02-15 21:45:00,0.134,False,0.029850746268656716,0.010916428695704576,0.044826340631875926,False
2014-02-15 21:50:00,0.136,False,0.030728709394205442,0.010929414995596843,0.044826340631875926,False
2014-02-15 21:55:00,0.136,False,0.030728709394205442,0.010889052646439046,0.044826340631875926,False
2014-02-15 22:00:00,0.134,False,0.029850746268656716,0.010331472567614316,0.044826340631875926,False
2014-02-15 22:05:00,0.066,False,0.0,0.010329188592132329,0.044826340631875926,False
2014-02-15 22:10:00,0.134,False,0.029850746268656716,0.010998482047096395,0.044826340631875926,False
2014-02-15 22:15:00,0.134,False,0.029850746268656716,0.010928150242642069,0.044826340631875926,False
2014-02-15 22:20:00,0.134,False,0.029850746268656716,0.010342120751138923,0.044826340631875926,False
2014-02-15 22:25:00,0.066,False,0.0,0.010363754621039957,0.044826340631875926,False
2014-02-15 22:30:00,0.134,False,0.029850746268656716,0.011056770716175402,0.044826340631875926,False
2014-02-15 22:35:00,0.132,False,0.02897278314310799,0.010978734204237627,0.044826340631875926,False
2014-02-15 22:40:00,0.066,False,0.0,0.010364082198233534,0.044826340631875926,False
2014-02-15 22:45:00,0.134,False,0.029850746268656716,0.010952693138098222,0.044826340631875926,False
2014-02-15 22:50:00,0.134,False,0.029850746268656716,0.010954793084239465,0.044826340631875926,False
2014-02-15 22:55:00,0.136,False,0.030728709394205442,0.01097104404228479,0.044826340631875926,False
2014-02-15 23:00:00,0.066,False,0.0,0.01095857405072944,0.044826340631875926,False
2014-02-15 23:05:00,0.134,False,0.029850746268656716,0.011055858632484773,0.044826340631875926,False
2014-02-15 23:10:00,0.134,False,0.029850746268656716,0.011088411576603285,0.044826340631875926,False
2014-02-15 23:15:00,0.066,False,0.0,0.011012842510694695,0.044826340631875926,False
2014-02-15 23:20:00,0.134,False,0.029850746268656716,0.011044003694806926,0.044826340631875926,False
2014-02-15 23:25:00,0.134,False,0.029850746268656716,0.011065026679187183,0.044826340631875926,False
2014-02-15 23:30:00,0.066,False,0.0,0.011066108379313511,0.044826340631875926,False
2014-02-15 23:35:00,0.134,False,0.029850746268656716,0.01170384843918509,0.044826340631875926,False
2014-02-15 23:40:00,0.134,False,0.029850746268656716,0.011644630789983538,0.044826340631875926,False
2014-02-15 23:45:00,0.066,False,0.0,0.011068818279652955,0.044826340631875926,False
2014-02-15 23:50:00,0.132,False,0.02897278314310799,0.011689124415544934,0.044826340631875926,False
2014-02-15 23:55:00,0.134,False,0.029850746268656716,0.011700461537871297,0.044826340631875926,False
2014-02-16 00:00:00,0.134,False,0.029850746268656716,0.011651954408718681,0.044826340631875926,False
2014-02-16 00:05:00,0.134,False,0.029850746268656716,0.011085379438653021,0.044826340631875926,False
2014-02-16 00:10:00,0.066,False,0.0,0.011012715540383687,0.044826340631875926,False
2014-02-16 00:15:00,0.132,False,0.02897278314310799,0.011059928876215647,0.044826340631875926,False
2014-02-16 00:20:00,0.068,False,0.0008779631255487266,0.011022812637746035,0.044826340631875926,False
2014-02-16 00:25:00,0.132,False,0.02897278314310799,0.011564562165984848,0.044826340631875926,False
2014-02-16 00:30:00,0.134,False,0.029850746268656716,0.011527761157611881,0.044826340631875926,False
2014-02-16 00:35:00,0.066,False,0.0,0.01146367877598591,0.044826340631875926,False
2014-02-16 00:40:00,0.134,False,0.029850746268656716,0.011476447705189264,0.044826340631875926,False
2014-02-16 00:45:00,0.136,False,0.030728709394205442,0.011487744213402146,0.044826340631875926,False
2014-02-16 00:50:00,0.068,False,0.0008779631255487266,0.011537115601454784,0.044826340631875926,False
2014-02-16 00:55:00,0.134,False,0.029850746268656716,0.012057900553384402,0.044826340631875926,False
2014-02-16 01:00:00,0.134,False,0.029850746268656716,0.011479221742610013,0.044826340631875926,False
2014-02-16 01:05:00,0.134,False,0.029850746268656716,0.011498516262829179,0.044826340631875926,False
2014-02-16 01:10:00,0.066,False,0.0,0.01146586495414834,0.044826340631875926,False
2014-02-16 01:15:00,0.134,False,0.029850746268656716,0.011496369555845466,0.044826340631875926,False
2014-02-16 01:20:00,0.134,False,0.029850746268656716,0.01150694410279851,0.044826340631875926,False
2014-02-16 01:25:00,0.134,False,0.029850746268656716,0.01153081607347191,0.044826340631875926,False
2014-02-16 01:30:00,0.132,False,0.02897278314310799,0.011443710537016266,0.044826340631875926,False
2014-02-16 01:35:00,0.066,False,0.0,0.010850299018706915,0.044826340631875926,False
2014-02-16 01:40:00,0.134,False,0.029850746268656716,0.01150955821798756,0.044826340631875926,False
2014-02-16 01:45:00,0.134,False,0.029850746268656716,0.011444873456920326,0.044826340631875926,False
2014-02-16 01:50:00,0.198,False,0.057945566286215985,0.010866496394660112,0.044826340631875926,False
2014-02-16 01:55:00,0.134,False,0.029850746268656716,0.011216156776664127,0.044826340631875926,False
2014-02-16 02:00:00,0.134,False,0.029850746268656716,0.0111530930135821,0.044826340631875926,False
2014-02-16 02:05:00,0.136,False,0.030728709394205442,0.010633528475203479,0.044826340631875926,False
2014-02-16 02:10:00,0.132,False,0.02897278314310799,0.01067196284555703,0.044826340631875926,False
2014-02-16 02:15:00,0.066,False,0.0,0.0105997729989274,0.044826340631875926,False
2014-02-16 02:20:00,0.132,False,0.02897278314310799,0.010872606368599698,0.044826340631875926,False
2014-02-16 02:25:00,0.066,False,0.0,0.010874529922245309,0.044826340631875926,False
2014-02-16 02:30:00,0.134,False,0.029850746268656716,0.011593240035988361,0.044826340631875926,False
2014-02-16 02:35:00,0.132,False,0.02897278314310799,0.011607928731458854,0.044826340631875926,False
2014-02-16 02:40:00,0.068,False,0.0008779631255487266,0.01153738242082073,0.044826340631875926,False
2014-02-16 02:45:00,0.134,False,0.029850746268656716,0.011661130985049412,0.044826340631875926,False
2014-02-16 02:50:00,0.134,False,0.029850746268656716,0.011634677131397264,0.044826340631875926,False
2014-02-16 02:55:00,0.134,False,0.029850746268656716,0.011111544998226926,0.044826340631875926,False
2014-02-16 03:00:00,0.134,False,0.029850746268656716,0.011158920189473127,0.044826340631875926,False
2014-02-16 03:05:00,1.534,False,0.6444249341527655,0.011108051164183116,0.044826340631875926,False
2014-02-16 03:10:00,0.134,False,0.029850746268656716,0.031171000507824554,0.044826340631875926,False
2014-02-16 03:15:00,0.134,False,0.029850746268656716,0.04110481961809353,0.044826340631875926,False
2014-02-16 03:20:00,0.066,False,0.0,0.051940501575816915,0.044826340631875926,True
2014-02-16 03:25:00,0.134,False,0.029850746268656716,0.05102714394203683,0.044826340631875926,True
2014-02-16 03:30:00,0.068,False,0.0008779631255487266,0.04979122699441959,0.044826340631875926,True
2014-02-16 03:35:00,0.132,False,0.02897278314310799,0.04565693015183077,0.044826340631875926,True
2014-02-16 03:40:00,0.134,False,0.029850746268656716,0.04298760133544962,0.044826340631875926,False
2014-02-16 03:45:00,0.066,False,0.0,0.040835954396848374,0.044826340631875926,False
2014-02-16 03:50:00,0.132,False,0.02897278314310799,0.039460755372787905,0.044826340631875926,False
2014-02-16 03:55:00,0.134,False,0.029850746268656716,0.03966401856515818,0.044826340631875926,False
2014-02-16 04:00:00,0.134,False,0.029850746268656716,0.04033737461343472,0.044826340631875926,False
2014-02-16 04:05:00,0.134,False,0.029850746268656716,0.04092546848927477,0.044826340631875926,False
2014-02-16 04:10:00,0.068,False,0.0008779631255487266,0.04042581033429313,0.044826340631875926,False
2014-02-16 04:15:00,0.134,False,0.029850746268656716,0.040241772208645187,0.044826340631875926,False
2014-02-16 04:20:00,0.132,False,0.02897278314310799,0.03982236539917206,0.044826340631875926,False
2014-02-16 04:25:00,0.066,False,0.0,0.03988544479053919,0.044826340631875926,False
2014-02-16 04:30:00,0.132,False,0.02897278314310799,0.04006307652944584,0.044826340631875926,False
2014-02-16 04:35:00,0.134,False,0.029850746268656716,0.041512422460516465,0.044826340631875926,False
2014-02-16 04:40:00,0.066,False,0.0,0.042683761539621806,0.044826340631875926,False
2014-02-16 04:45:00,0.134,False,0.029850746268656716,0.043444723949568956,0.044826340631875926,False
2014-02-16 04:50:00,0.134,False,0.029850746268656716,0.04480225626534063,0.044826340631875926,False
2014-02-16 04:55:00,0.134,False,0.029850746268656716,0.04541220623309724,0.044826340631875926,True
2014-02-16 05:00:00,0.134,False,0.029850746268656716,0.04443650237451678,0.044826340631875926,False
2014-02-16 05:05:00,0.066,False,0.0,0.04409038816563151,0.044826340631875926,False
2014-02-16 05:10:00,0.134,False,0.029850746268656716,0.045170540620924717,0.044826340631875926,True
2014-02-16 05:15:00,0.066,False,0.0,0.04635106464098392,0.044826340631875926,True
2014-02-16 05:20:00,0.134,False,0.029850746268656716,0.04822682645210037,0.044826340631875926,True
2014-02-16 05:25:00,0.134,False,0.029850746268656716,0.04949968600062936,0.044826340631875926,True
2014-02-16 05:30:00,0.132,False,0.02897278314310799,0.050747208359722386,0.044826340631875926,True
2014-02-16 05:35:00,0.066,False,0.0,0.051450779529292216,0.044826340631875926,True
2014-02-16 05:40:00,0.132,False,0.02897278314310799,0.011409826377308049,0.044826340631875926,False
2014-02-16 05:45:00,0.066,False,0.0,0.011417264424543523,0.044826340631875926,False
2014-02-16 05:50:00,0.134,False,0.029850746268656716,0.01198617633130158,0.044826340631875926,False
2014-02-16 05:55:00,0.132,False,0.02897278314310799,0.01142606275308226,0.044826340631875926,False
2014-02-16 06:00:00,0.134,False,0.029850746268656716,0.011345889174725824,0.044826340631875926,False
2014-02-16 06:05:00,0.134,False,0.029850746268656716,0.010796838644744795,0.044826340631875926,False
2014-02-16 06:10:00,0.068,False,0.0008779631255487266,0.010831698102351598,0.044826340631875926,False
2014-02-16 06:15:00,0.134,False,0.029850746268656716,0.011366726391296532,0.044826340631875926,False
2014-02-16 06:20:00,0.066,False,0.0,0.010771249936125517,0.044826340631875926,False
2014-02-16 06:25:00,0.134,False,0.029850746268656716,0.011389114073689458,0.044826340631875926,False
2014-02-16 06:30:00,0.132,False,0.02897278314310799,0.011402942972159066,0.044826340631875926,False
2014-02-16 06:35:00,0.066,False,0.0,0.011404392987768795,0.044826340631875926,False
2014-02-16 06:40:00,0.134,False,0.029850746268656716,0.011957828486422748,0.044826340631875926,False
2014-02-16 06:45:00,0.066,False,0.0,0.01141217039205201,0.044826340631875926,False
2014-02-16 06:50:00,0.132,False,0.02897278314310799,0.012021469723139984,0.044826340631875926,False
2014-02-16 06:55:00,0.132,False,0.02897278314310799,0.011979672338520271,0.044826340631875926,False
2014-02-16 07:00:00,0.134,False,0.029850746268656716,0.011377025825561032,0.044826340631875926,False
2014-02-16 07:05:00,0.066,False,0.0,0.011422110397890883,0.044826340631875926,False
2014-02-16 07:10:00,0.134,False,0.029850746268656716,0.011957286324058755,0.044826340631875926,False
2014-02-16 07:15:00,0.132,False,0.02897278314310799,0.011367400101597784,0.044826340631875926,False
2014-02-16 07:20:00,0.068,False,0.0008779631255487266,0.011347633657635197,0.044826340631875926,False
2014-02-16 07:25:00,0.134,False,0.029850746268656716,0.011917276040181833,0.044826340631875926,False
2014-02-16 07:30:00,0.134,False,0.029850746268656716,0.011960380877519964,0.044826340631875926,False
2014-02-16 07:35:00,0.066,False,0.0,0.011916765302881913,0.044826340631875926,False
2014-02-16 07:40:00,0.134,False,0.029850746268656716,0.01195614925818177,0.044826340631875926,False
2014-02-16 07:45:00,0.134,False,0.029850746268656716,0.011901046130026694,0.044826340631875926,False
2014-02-16 07:50:00,0.134,False,0.029850746268656716,0.011323756231651914,0.044826340631875926,False
2014-02-16 07:55:00,0.134,False,0.029850746268656716,0.011333269195046238,0.044826340631875926,False
2014-02-16 08:00:00,0.132,False,0.02897278314310799,0.011346943369792114,0.044826340631875926,False
2014-02-16 08:05:00,0.066,False,0.0,0.011286025622274688,0.044826340631875926,False
2014-02-16 08:10:00,0.134,False,0.029850746268656716,0.01136964137731613,0.044826340631875926,False
2014-02-16 08:15:00,0.066,False,0.0,0.011314612870694145,0.044826340631875926,False
2014-02-16 08:20:00,0.132,False,0.02897278314310799,0.011324317065657123,0.044826340631875926,False
2014-02-16 08:25:00,0.134,False,0.029850746268656716,0.011293074492401097,0.044826340631875926,False
2014-02-16 08:30:00,0.066,False,0.0,0.011330006018560077,0.044826340631875926,False
2014-02-16 08:35:00,0.134,False,0.029850746268656716,0.011969025405208321,0.044826340631875926,False
2014-02-16 08:40:00,0.134,False,0.029850746268656716,0.011924799441754867,0.044826340631875926,False
2014-02-16 08:45:00,0.134,False,0.029850746268656716,0.011397575077191666,0.044826340631875926,False
2014-02-16 08:50:00,0.066,False,0.0,0.011342673363065398,0.044826340631875926,False
2014-02-16 08:55:00,0.134,False,0.029850746268656716,0.011401089143530208,0.044826340631875926,False
2014-02-16 09:00:00,0.134,False,0.029850746268656716,0.011430131134167987,0.044826340631875926,False
2014-02-16 09:05:00,0.132,False,0.02897278314310799,0.011408478745093353,0.044826340631875926,False
2014-02-16 09:10:00,0.134,False,0.029850746268656716,0.010821388547715118,0.044826340631875926,False
2014-02-16 09:15:00,0.066,False,0.0,0.010754748009241194,0.044826340631875926,False
2014-02-16 09:20:00,0.132,False,0.02897278314310799,0.010823150299585435,0.044826340631875926,False
2014-02-16 09:25:00,0.132,False,0.02897278314310799,0.010826952082511358,0.044826340631875926,False
2014-02-16 09:30:00,0.066,False,0.0,0.010845770572718553,0.044826340631875926,False
2014-02-16 09:35:00,0.134,False,0.029850746268656716,0.011430019747988063,0.044826340631875926,False
2014-02-16 09:40:00,0.132,False,0.02897278314310799,0.010846037427680266,0.044826340631875926,False
2014-02-16 09:45:00,0.068,False,0.0008779631255487266,0.010834050259095273,0.044826340631875926,False
2014-02-16 09:50:00,0.132,False,0.02897278314310799,0.011401224814634467,0.044826340631875926,False
2014-02-16 09:55:00,0.134,False,0.029850746268656716,0.01081215511371875,0.044826340631875926,False
2014-02-16 10:00:00,0.134,False,0.029850746268656716,0.010813625672064066,0.044826340631875926,False
2014-02-16 10:05:00,0.132,False,0.02897278314310799,0.010733230057956617,0.044826340631875926,False
2014-02-16 10:10:00,0.066,False,0.0,0.010116101168521248,0.044826340631875926,False
2014-02-16 10:15:00,0.134,False,0.029850746268656716,0.010735688261297453,0.044826340631875926,False
2014-02-16 10:20:00,0.132,False,0.02897278314310799,0.010729708549486705,0.044826340631875926,False
2014-02-16 10:25:00,0.066,False,0.0,0.010712632510177667,0.044826340631875926,False
2014-02-16 10:30:00,0.132,False,0.02897278314310799,0.011375373427859426,0.044826340631875926,False
2014-02-16 10:35:00,0.134,False,0.029850746268656716,0.011330875021508814,0.044826340631875926,False
2014-02-16 10:40:00,0.066,False,0.0,0.010770652975253639,0.044826340631875926,False
2014-02-16 10:45:00,0.132,False,0.02897278314310799,0.01134526234099416,0.044826340631875926,False
2014-02-16 10:50:00,0.132,False,0.02897278314310799,0.01073478806179528,0.044826340631875926,False
2014-02-16 10:55:00,0.132,False,0.02897278314310799,0.010751379387197538,0.044826340631875926,False
2014-02-16 11:00:00,0.132,False,0.02897278314310799,0.010657824938618055,0.044826340631875926,False
2014-02-16 11:05:00,0.134,False,0.029850746268656716,0.010046371404776051,0.044826340631875926,False
2014-02-16 11:10:00,0.068,False,0.0008779631255487266,0.010033652456550872,0.044826340631875926,False
2014-02-16 11:15:00,0.132,False,0.02897278314310799,0.01066790205203836,0.044826340631875926,False
2014-02-16 11:20:00,0.134,False,0.029850746268656716,0.01055978513324133,0.044826340631875926,False
2014-02-16 11:25:00,0.134,False,0.029850746268656716,0.009965947805801642,0.044826340631875926,False
2014-02-16 11:30:00,0.066,False,0.0,0.00995091147865813,0.044826340631875926,False
2014-02-16 11:35:00,0.132,False,0.02897278314310799,0.010601216508089222,0.044826340631875926,False
2014-02-16 11:40:00,0.132,False,0.02897278314310799,0.010614876899260994,0.044826340631875926,False
2014-02-16 11:45:00,0.134,False,0.029850746268656716,0.010523792628590248,0.044826340631875926,False
2014-02-16 11:50:00,0.068,False,0.0008779631255487266,0.009946639137928565,0.044826340631875926,False
2014-02-16 11:55:00,0.134,False,0.029850746268656716,0.010615498658661033,0.044826340631875926,False
2014-02-16 12:00:00,0.134,False,0.029850746268656716,0.010571273680169102,0.044826340631875926,False
2014-02-16 12:05:00,0.066,False,0.0,0.00998491785323581,0.044826340631875926,False
2014-02-16 12:10:00,0.132,False,0.02897278314310799,0.010638353989162758,0.044826340631875926,False
2014-02-16 12:15:00,0.132,False,0.02897278314310799,0.010562120579817608,0.044826340631875926,False
2014-02-16 12:20:00,0.066,False,0.0,0.009973170895337672,0.044826340631875926,False
2014-02-16 12:25:00,0.132,False,0.02897278314310799,0.010615013733142064,0.044826340631875926,False
2014-02-16 12:30:00,0.2,False,0.058823529411764705,0.010597405287761206,0.044826340631875926,False
2014-02-16 12:35:00,0.066,False,0.0,0.010981683728560685,0.044826340631875926,False
2014-02-16 12:40:00,0.134,False,0.029850746268656716,0.011753366220135208,0.044826340631875926,False
2014-02-16 12:45:00,0.132,False,0.02897278314310799,0.011223367702424141,0.044826340631875926,False
2014-02-16 12:50:00,0.066,False,0.0,0.011234174467588344,0.044826340631875926,False
2014-02-16 12:55:00,0.134,False,0.029850746268656716,0.011938589268067198,0.044826340631875926,False
2014-02-16 13:00:00,0.134,False,0.029850746268656716,0.011390522285262357,0.044826340631875926,False
2014-02-16 13:05:00,0.066,False,0.0,0.01143867457206482,0.044826340631875926,False
2014-02-16 13:10:00,0.132,False,0.02897278314310799,0.012061266049378561,0.044826340631875926,False
2014-02-16 13:15:00,0.134,False,0.029850746268656716,0.011463291795511654,0.044826340631875926,False
2014-02-16 13:20:00,0.068,False,0.0008779631255487266,0.011491840114647489,0.044826340631875926,False
2014-02-16 13:25:00,0.134,False,0.029850746268656716,0.012117935475839621,0.044826340631875926,False
2014-02-16 13:30:00,0.134,False,0.029850746268656716,0.012158159227299868,0.044826340631875926,False
2014-02-16 13:35:00,0.134,False,0.029850746268656716,0.012206073902669461,0.044826340631875926,False
2014-02-16 13:40:00,0.066,False,0.0,0.012145297405742517,0.044826340631875926,False
2014-02-16 13:45:00,0.134,False,0.029850746268656716,0.012233351959901693,0.044826340631875926,False
2014-02-16 13:50:00,0.132,False,0.02897278314310799,0.01226502461792268,0.044826340631875926,False
2014-02-16 13:55:00,0.134,False,0.029850746268656716,0.012251502940175575,0.044826340631875926,False
2014-02-16 14:00:00,0.066,False,0.0,0.012185103241719447,0.044826340631875926,False
2014-02-16 14:05:00,0.132,False,0.02897278314310799,0.012238070785122755,0.044826340631875926,False
2014-02-16 14:10:00,0.134,False,0.029850746268656716,0.012242662702120984,0.044826340631875926,False
2014-02-16 14:15:00,0.066,False,0.0,0.012285759397459402,0.044826340631875926,False
2014-02-16 14:20:00,0.134,False,0.029850746268656716,0.012855579467904051,0.044826340631875926,False
2014-02-16 14:25:00,0.134,False,0.029850746268656716,0.012306331870066235,0.044826340631875926,False
2014-02-16 14:30:00,0.136,False,0.030728709394205442,0.012323141870009012,0.044826340631875926,False
2014-02-16 14:35:00,0.066,False,0.0,0.012285551509362301,0.044826340631875926,False
2014-02-16 14:40:00,0.134,False,0.029850746268656716,0.012347076292933861,0.044826340631875926,False
2014-02-16 14:45:00,0.132,False,0.02897278314310799,0.012393556607362206,0.044826340631875926,False
2014-02-16 14:50:00,0.066,False,0.0,0.012337217986679645,0.044826340631875926,False
2014-02-16 14:55:00,0.132,False,0.02897278314310799,0.012386132414238228,0.044826340631875926,False
2014-02-16 15:00:00,0.134,False,0.029850746268656716,0.012411771786805562,0.044826340631875926,False
2014-02-16 15:05:00,0.134,False,0.029850746268656716,0.01139489130752326,0.044826340631875926,False
2014-02-16 15:10:00,0.066,False,0.0,0.010823306815416916,0.044826340631875926,False
2014-02-16 15:15:00,0.132,False,0.02897278314310799,0.011475415878763209,0.044826340631875926,False
2014-02-16 15:20:00,0.134,False,0.029850746268656716,0.011421239727010734,0.044826340631875926,False
2014-02-16 15:25:00,0.134,False,0.029850746268656716,0.010846981842409873,0.044826340631875926,False
2014-02-16 15:30:00,0.134,False,0.029850746268656716,0.010860020855159863,0.044826340631875926,False
2014-02-16 15:35:00,0.066,False,0.0,0.010794446991474731,0.044826340631875926,False
2014-02-16 15:40:00,0.134,False,0.029850746268656716,0.010876344145925148,0.044826340631875926,False
2014-02-16 15:45:00,0.134,False,0.029850746268656716,0.01090830154030128,0.044826340631875926,False
2014-02-16 15:50:00,0.134,False,0.029850746268656716,0.010835400899833477,0.044826340631875926,False
2014-02-16 15:55:00,0.132,False,0.02897278314310799,0.010278249788186615,0.044826340631875926,False
2014-02-16 16:00:00,0.134,False,0.029850746268656716,0.010241784047491286,0.044826340631875926,False
2014-02-16 16:05:00,0.132,False,0.02897278314310799,0.010238219565557373,0.044826340631875926,False
2014-02-16 16:10:00,0.066,False,0.0,0.010140575741640925,0.044826340631875926,False
2014-02-16 16:15:00,0.132,False,0.02897278314310799,0.010253743976267379,0.044826340631875926,False
2014-02-16 16:20:00,0.134,False,0.029850746268656716,0.010211331616756783,0.044826340631875926,False
2014-02-16 16:25:00,0.066,False,0.0,0.010238546095701257,0.044826340631875926,False
2014-02-16 16:30:00,0.134,False,0.029850746268656716,0.010851425306589706,0.044826340631875926,False
2014-02-16 16:35:00,0.132,False,0.02897278314310799,0.01025464437893252,0.044826340631875926,False
2014-02-16 16:40:00,0.068,False,0.0008779631255487266,0.010259803595555029,0.044826340631875926,False
2014-02-16 16:45:00,0.134,False,0.029850746268656716,0.01081708099454301,0.044826340631875926,False
2014-02-16 16:50:00,0.134,False,0.029850746268656716,0.010220934732176333,0.044826340631875926,False
2014-02-16 16:55:00,0.134,False,0.029850746268656716,0.01022160739542789,0.044826340631875926,False
2014-02-16 17:00:00,0.066,False,0.0,0.010236349176285135,0.044826340631875926,False
2014-02-16 17:05:00,0.132,False,0.02897278314310799,0.010815960373582286,0.044826340631875926,False
2014-02-16 17:10:00,0.134,False,0.029850746268656716,0.010208824513284368,0.044826340631875926,False
2014-02-16 17:15:00,0.068,False,0.0008779631255487266,0.010222181107032302,0.044826340631875926,False
2014-02-16 17:20:00,0.134,False,0.029850746268656716,0.010804206594434488,0.044826340631875926,False
2014-02-16 17:25:00,0.132,False,0.02897278314310799,0.01021555381559134,0.044826340631875926,False
2014-02-16 17:30:00,0.134,False,0.029850746268656716,0.010222568847664202,0.044826340631875926,False
2014-02-16 17:35:00,0.068,False,0.0008779631255487266,0.01023176497511864,0.044826340631875926,False
2014-02-16 17:40:00,0.134,False,0.029850746268656716,0.010782442277284837,0.044826340631875926,False
2014-02-16 17:45:00,0.134,False,0.029850746268656716,0.010186108198198946,0.044826340631875926,False
2014-02-16 17:50:00,0.066,False,0.0,0.010204858941761655,0.044826340631875926,False
2014-02-16 17:55:00,0.134,False,0.029850746268656716,0.010827827108012745,0.044826340631875926,False
2014-02-16 18:00:00,0.134,False,0.029850746268656716,0.010832768519329137,0.044826340631875926,False
2014-02-16 18:05:00,0.132,False,0.02897278314310799,0.01075201614658744,0.044826340631875926,False
2014-02-16 18:10:00,0.134,False,0.029850746268656716,0.01012590974214998,0.044826340631875926,False
2014-02-16 18:15:00,0.132,False,0.02897278314310799,0.010101209204826028,0.044826340631875926,False
2014-02-16 18:20:00,0.132,False,0.02897278314310799,0.010056849946517288,0.044826340631875926,False
2014-02-16 18:25:00,0.066,False,0.0,0.010017537835681245,0.044826340631875926,False
2014-02-16 18:30:00,0.134,False,0.029850746268656716,0.01070733900528912,0.044826340631875926,False
2014-02-16 18:35:00,0.134,False,0.029850746268656716,0.010710338484861099,0.044826340631875926,False
2014-02-16 18:40:00,0.134,False,0.029850746268656716,0.010669500602396702,0.044826340631875926,False
2014-02-16 18:45:00,0.068,False,0.0008779631255487266,0.010092944896651577,0.044826340631875926,False
2014-02-16 18:50:00,0.134,False,0.029850746268656716,0.010768938162041084,0.044826340631875926,False
2014-02-16 18:55:00,0.136,False,0.030728709394205442,0.010692122551910457,0.044826340631875926,False
2014-02-16 19:00:00,0.134,False,0.029850746268656716,0.010131700573293373,0.044826340631875926,False
2014-02-16 19:05:00,0.132,False,0.02897278314310799,0.010130395479925478,0.044826340631875926,False
2014-02-16 19:10:00,0.134,False,0.029850746268656716,0.01006375289254189,0.044826340631875926,False
2014-02-16 19:15:00,0.134,False,0.029850746268656716,0.009518162225925556,0.044826340631875926,False
2014-02-16 19:20:00,0.066,False,0.0,0.009511346621060006,0.044826340631875926,False
2014-02-16 19:25:00,0.134,False,0.029850746268656716,0.010228302247248825,0.044826340631875926,False
2014-02-16 19:30:00,0.136,False,0.030728709394205442,0.010150592815799251,0.044826340631875926,False
2014-02-16 19:35:00,0.134,False,0.029850746268656716,0.009596274104454483,0.044826340631875926,False
2014-02-16 19:40:00,0.066,False,0.0,0.009627041579021113,0.044826340631875926,False
2014-02-16 19:45:00,0.134,False,0.029850746268656716,0.010266020732534131,0.044826340631875926,False
2014-02-16 19:50:00,0.134,False,0.029850746268656716,0.0097010806597549,0.044826340631875926,False
2014-02-16 19:55:00,0.134,False,0.029850746268656716,0.009696921745665698,0.044826340631875926,False
2014-02-16 20:00:00,0.066,False,0.0,0.009732702529651483,0.044826340631875926,False
2014-02-16 20:05:00,0.134,False,0.029850746268656716,0.010369834311705494,0.044826340631875926,False
2014-02-16 20:10:00,0.134,False,0.029850746268656716,0.00980547712268163,0.044826340631875926,False
2014-02-16 20:15:00,0.134,False,0.029850746268656716,0.009801309081631198,0.044826340631875926,False
2014-02-16 20:20:00,0.134,False,0.029850746268656716,0.009720261603809687,0.044826340631875926,False
2014-02-16 20:25:00,0.066,False,0.0,0.009131424112655906,0.044826340631875926,False
2014-02-16 20:30:00,0.132,False,0.02897278314310799,0.009792954745607867,0.044826340631875926,False
2014-02-16 20:35:00,0.134,False,0.029850746268656716,0.009745775877160391,0.044826340631875926,False
2014-02-16 20:40:00,0.066,False,0.0,0.009761879553613358,0.044826340631875926,False
2014-02-16 20:45:00,0.134,False,0.029850746268656716,0.010419480129476784,0.044826340631875926,False
2014-02-16 20:50:00,0.132,False,0.02897278314310799,0.010456242837897072,0.044826340631875926,False
2014-02-16 20:55:00,0.134,False,0.029850746268656716,0.010393466294697055,0.044826340631875926,False
2014-02-16 21:00:00,0.132,False,0.02897278314310799,0.009808154977075285,0.044826340631875926,False
2014-02-16 21:05:00,0.136,False,0.030728709394205442,0.009773110620893333,0.044826340631875926,False
2014-02-16 21:10:00,0.132,False,0.02897278314310799,0.009788905905397759,0.044826340631875926,False
2014-02-16 21:15:00,0.134,False,0.029850746268656716,0.009684705632644187,0.044826340631875926,False
2014-02-16 21:20:00,0.134,False,0.029850746268656716,0.009128344406716947,0.044826340631875926,False
2014-02-16 21:25:00,0.134,False,0.029850746268656716,0.009105546747677447,0.044826340631875926,False
2014-02-16 21:30:00,0.066,False,0.0,0.009056640772559433,0.044826340631875926,False
2014-02-16 21:35:00,0.2019999999999999,False,0.05970149253731338,0.009759870194114539,0.044826340631875926,False
2014-02-16 21:40:00,0.136,False,0.030728709394205442,0.009937080343597056,0.044826340631875926,False
2014-02-16 21:45:00,0.134,False,0.029850746268656716,0.01000873939844733,0.044826340631875926,False
2014-02-16 21:50:00,0.068,False,0.0008779631255487266,0.009970959118532791,0.044826340631875926,False
2014-02-16 21:55:00,0.132,False,0.02897278314310799,0.010296510197254936,0.044826340631875926,False
2014-02-16 22:00:00,0.134,False,0.029850746268656716,0.010285360163488178,0.044826340631875926,False
2014-02-16 22:05:00,0.134,False,0.029850746268656716,0.010279456083519713,0.044826340631875926,False
2014-02-16 22:10:00,0.066,False,0.0,0.010234467056436792,0.044826340631875926,False
2014-02-16 22:15:00,0.134,False,0.029850746268656716,0.01048222313775962,0.044826340631875926,False
2014-02-16 22:20:00,0.066,False,0.0,0.01048408988072818,0.044826340631875926,False
2014-02-16 22:25:00,0.132,False,0.02897278314310799,0.011214913272582054,0.044826340631875926,False
2014-02-16 22:30:00,0.132,False,0.02897278314310799,0.011132202957796877,0.044826340631875926,False
2014-02-16 22:35:00,0.134,False,0.029850746268656716,0.010551932214750837,0.044826340631875926,False
2014-02-16 22:40:00,0.068,False,0.0008779631255487266,0.010562891335839023,0.044826340631875926,False
2014-02-16 22:45:00,0.134,False,0.029850746268656716,0.011223862562813722,0.044826340631875926,False
2014-02-16 22:50:00,0.066,False,0.0,0.011249338084696098,0.044826340631875926,False
2014-02-16 22:55:00,0.134,False,0.029850746268656716,0.011858016347803143,0.044826340631875926,False
2014-02-16 23:00:00,0.134,False,0.029850746268656716,0.011287870997427266,0.044826340631875926,False
2014-02-16 23:05:00,0.134,False,0.029850746268656716,0.011331382007135047,0.044826340631875926,False
2014-02-16 23:10:00,0.134,False,0.029850746268656716,0.011260837674869193,0.044826340631875926,False
2014-02-16 23:15:00,0.134,False,0.029850746268656716,0.010673077910198756,0.044826340631875926,False
2014-02-16 23:20:00,0.134,False,0.029850746268656716,0.010648523776783535,0.044826340631875926,False
2014-02-16 23:25:00,0.066,False,0.0,0.010652535719721239,0.044826340631875926,False
2014-02-16 23:30:00,0.134,False,0.029850746268656716,0.01130153515907906,0.044826340631875926,False
2014-02-16 23:35:00,0.2,False,0.058823529411764705,0.011300258990349926,0.044826340631875926,False
2014-02-16 23:40:00,0.134,False,0.029850746268656716,0.01158489486481149,0.044826340631875926,False
2014-02-16 23:45:00,0.066,False,0.0,0.011639728956469617,0.044826340631875926,False
2014-02-16 23:50:00,0.134,False,0.029850746268656716,0.012465044833449351,0.044826340631875926,False
2014-02-16 23:55:00,0.132,False,0.02897278314310799,0.012466954913961716,0.044826340631875926,False
2014-02-17 00:00:00,0.136,False,0.030728709394205442,0.012380566744241211,0.044826340631875926,False
2014-02-17 00:05:00,0.068,False,0.0008779631255487266,0.011872593934882408,0.044826340631875926,False
2014-02-17 00:10:00,0.134,False,0.029850746268656716,0.011587003270697793,0.044826340631875926,False
2014-02-17 00:15:00,0.134,False,0.029850746268656716,0.011566981954790622,0.044826340631875926,False
2014-02-17 00:20:00,0.132,False,0.02897278314310799,0.011514380669511824,0.044826340631875926,False
2014-02-17 00:25:00,0.066,False,0.0,0.010979479483503467,0.044826340631875926,False
2014-02-17 00:30:00,0.134,False,0.029850746268656716,0.011710934738230904,0.044826340631875926,False
2014-02-17 00:35:00,0.068,False,0.0008779631255487266,0.011729823388072054,0.044826340631875926,False
2014-02-17 00:40:00,0.132,False,0.02897278314310799,0.012324124708867642,0.044826340631875926,False
2014-02-17 00:45:00,0.066,False,0.0,0.011745567785623407,0.044826340631875926,False
2014-02-17 00:50:00,0.134,False,0.029850746268656716,0.012323843830428362,0.044826340631875926,False
2014-02-17 00:55:00,0.132,False,0.02897278314310799,0.011755642833235599,0.044826340631875926,False
2014-02-17 01:00:00,0.134,False,0.029850746268656716,0.011783853090726073,0.044826340631875926,False
2014-02-17 01:05:00,0.134,False,0.029850746268656716,0.011843149273015528,0.044826340631875926,False
2014-02-17 01:10:00,0.068,False,0.0008779631255487266,0.011793537967818447,0.044826340631875926,False
2014-02-17 01:15:00,0.132,False,0.02897278314310799,0.011889782456971674,0.044826340631875926,False
2014-02-17 01:20:00,0.132,False,0.02897278314310799,0.011789592955929771,0.044826340631875926,False
2014-02-17 01:25:00,0.068,False,0.0008779631255487266,0.011171216156332592,0.044826340631875926,False
2014-02-17 01:30:00,0.132,False,0.02897278314310799,0.01173590862148332,0.044826340631875926,False
2014-02-17 01:35:00,0.134,False,0.029850746268656716,0.01169905923797542,0.044826340631875926,False
2014-02-17 01:40:00,0.066,False,0.0,0.011692574066359342,0.044826340631875926,False
2014-02-17 01:45:00,0.132,False,0.02897278314310799,0.01230196522585317,0.044826340631875926,False
2014-02-17 01:50:00,0.134,False,0.029850746268656716,0.012293736254297607,0.044826340631875926,False
2014-02-17 01:55:00,0.132,False,0.02897278314310799,0.012228495679917845,0.044826340631875926,False
2014-02-17 02:00:00,0.134,False,0.029850746268656716,0.011616843339750244,0.044826340631875926,False
2014-02-17 02:05:00,0.066,False,0.0,0.011607395817288832,0.044826340631875926,False
2014-02-17 02:10:00,0.134,False,0.029850746268656716,0.011294498075348155,0.044826340631875926,False
2014-02-17 02:15:00,0.134,False,0.029850746268656716,0.0112190900661568,0.044826340631875926,False
2014-02-17 02:20:00,0.132,False,0.02897278314310799,0.01062741613896977,0.044826340631875926,False
2014-02-17 02:25:00,0.068,False,0.0008779631255487266,0.010592471744744163,0.044826340631875926,False
2014-02-17 02:30:00,0.132,False,0.02897278314310799,0.01123776961148509,0.044826340631875926,False
2014-02-17 02:35:00,0.134,False,0.029850746268656716,0.011113193002658903,0.044826340631875926,False
2014-02-17 02:40:00,0.066,False,0.0,0.010561280456317908,0.044826340631875926,False
2014-02-17 02:45:00,0.134,False,0.029850746268656716,0.011193373224449708,0.044826340631875926,False
2014-02-17 02:50:00,0.134,False,0.029850746268656716,0.011224765128207756,0.044826340631875926,False
2014-02-17 02:55:00,0.132,False,0.02897278314310799,0.011209740216838602,0.044826340631875926,False
2014-02-17 03:00:00,0.066,False,0.0,0.010627307066950645,0.044826340631875926,False
2014-02-17 03:05:00,0.132,False,0.02897278314310799,0.011226705073130679,0.044826340631875926,False
2014-02-17 03:10:00,0.134,False,0.029850746268656716,0.010651487677925278,0.044826340631875926,False
2014-02-17 03:15:00,1.398,False,0.5847234416154521,0.01060489974779703,0.044826340631875926,False
2014-02-17 03:20:00,0.134,False,0.029850746268656716,0.028855140214387457,0.044826340631875926,False
2014-02-17 03:25:00,0.134,False,0.029850746268656716,0.036272602484997314,0.044826340631875926,False
2014-02-17 03:30:00,0.134,False,0.029850746268656716,0.049024501672128525,0.044826340631875926,True
2014-02-17 03:35:00,0.066,False,0.0,0.051506788509371584,0.044826340631875926,True
2014-02-17 03:40:00,0.134,False,0.029850746268656716,0.04788860657048226,0.044826340631875926,True
2014-02-17 03:45:00,0.066,False,0.0,0.045562127651905655,0.044826340631875926,True
2014-02-17 03:50:00,0.134,False,0.029850746268656716,0.04385483622036379,0.044826340631875926,False
2014-02-17 03:55:00,0.134,False,0.029850746268656716,0.042764732575729235,0.044826340631875926,False
2014-02-17 04:00:00,0.134,False,0.029850746268656716,0.04158567872458787,0.044826340631875926,False
2014-02-17 04:05:00,0.134,False,0.029850746268656716,0.041520689847206714,0.044826340631875926,False
2014-02-17 04:10:00,0.066,False,0.0,0.04137131969183073,0.044826340631875926,False
2014-02-17 04:15:00,0.134,False,0.029850746268656716,0.04031938892021395,0.044826340631875926,False
2014-02-17 04:20:00,0.134,False,0.029850746268656716,0.04096886337938358,0.044826340631875926,False
2014-02-17 04:25:00,0.134,False,0.029850746268656716,0.04130255597915294,0.044826340631875926,False
2014-02-17 04:30:00,0.068,False,0.0008779631255487266,0.04098963877096238,0.044826340631875926,False
2014-02-17 04:35:00,0.132,False,0.02897278314310799,0.04009407482341365,0.044826340631875926,False
2014-02-17 04:40:00,0.134,False,0.029850746268656716,0.040673543932611377,0.044826340631875926,False
2014-02-17 04:45:00,0.066,False,0.0,0.041526850780217596,0.044826340631875926,False
2014-02-17 04:50:00,0.134,False,0.029850746268656716,0.0427947130306622,0.044826340631875926,False
2014-02-17 04:55:00,0.198,False,0.057945566286215985,0.044334859914482425,0.044826340631875926,False
2014-02-17 05:00:00,0.134,False,0.029850746268656716,0.04646763951534814,0.044826340631875926,True
2014-02-17 05:05:00,0.134,False,0.029850746268656716,0.04669887310284811,0.044826340631875926,True
2014-02-17 05:10:00,0.134,False,0.029850746268656716,0.045724885894886706,0.044826340631875926,True
2014-02-17 05:15:00,0.132,False,0.02897278314310799,0.04421228289092874,0.044826340631875926,False
2014-02-17 05:20:00,0.066,False,0.0,0.04240943854699228,0.044826340631875926,False
2014-02-17 05:25:00,0.134,False,0.029850746268656716,0.0424136529771738,0.044826340631875926,False
2014-02-17 05:30:00,0.132,False,0.02897278314310799,0.04274297969855688,0.044826340631875926,False
2014-02-17 05:35:00,0.134,False,0.029850746268656716,0.04223692210820166,0.044826340631875926,False
2014-02-17 05:40:00,0.134,False,0.029850746268656716,0.04279167912311727,0.044826340631875926,False
2014-02-17 05:45:00,0.068,False,0.0008779631255487266,0.042887846002055946,0.044826340631875926,False
2014-02-17 05:50:00,0.132,False,0.02897278314310799,0.011082697405654552,0.044826340631875926,False
2014-02-17 05:55:00,0.134,False,0.029850746268656716,0.011055481560770302,0.044826340631875926,False
2014-02-17 06:00:00,0.134,False,0.029850746268656716,0.011064126531525085,0.044826340631875926,False
2014-02-17 06:05:00,0.134,False,0.029850746268656716,0.01100513078544898,0.044826340631875926,False
2014-02-17 06:10:00,0.066,False,0.0,0.01045478839532984,0.044826340631875926,False
2014-02-17 06:15:00,0.134,False,0.029850746268656716,0.011116984675569963,0.044826340631875926,False
2014-02-17 06:20:00,0.134,False,0.029850746268656716,0.01052689443137698,0.044826340631875926,False
2014-02-17 06:25:00,0.134,False,0.029850746268656716,0.010514346411888328,0.044826340631875926,False
2014-02-17 06:30:00,0.068,False,0.0008779631255487266,0.010509973976576851,0.044826340631875926,False
2014-02-17 06:35:00,0.134,False,0.029850746268656716,0.011184301114329597,0.044826340631875926,False
2014-02-17 06:40:00,0.134,False,0.029850746268656716,0.01111423188075314,0.044826340631875926,False
2014-02-17 06:45:00,0.136,False,0.030728709394205442,0.010541524772415354,0.044826340631875926,False
2014-02-17 06:50:00,0.134,False,0.029850746268656716,0.01056745290861977,0.044826340631875926,False
2014-02-17 06:55:00,0.134,False,0.029850746268656716,0.010576980711087116,0.044826340631875926,False
2014-02-17 07:00:00,0.134,False,0.029850746268656716,0.010514175296887286,0.044826340631875926,False
2014-02-17 07:05:00,0.134,False,0.029850746268656716,0.009978903125604148,0.044826340631875926,False
2014-02-17 07:10:00,0.132,False,0.02897278314310799,0.010001408154641477,0.044826340631875926,False
2014-02-17 07:15:00,0.068,False,0.0008779631255487266,0.009904104760170137,0.044826340631875926,False
2014-02-17 07:20:00,0.132,False,0.02897278314310799,0.010030908869589789,0.044826340631875926,False
2014-02-17 07:25:00,0.066,False,0.0,0.009968104767690788,0.044826340631875926,False
2014-02-17 07:30:00,0.132,False,0.02897278314310799,0.009693130534627403,0.044826340631875926,False
2014-02-17 07:35:00,0.134,False,0.029850746268656716,0.009639732542379332,0.044826340631875926,False
2014-02-17 07:40:00,0.066,False,0.0,0.009622772785766556,0.044826340631875926,False
2014-02-17 07:45:00,0.134,False,0.029850746268656716,0.010292226614477972,0.044826340631875926,False
2014-02-17 07:50:00,0.066,False,0.0,0.010236616962569424,0.044826340631875926,False
2014-02-17 07:55:00,0.134,False,0.029850746268656716,0.010260580823736857,0.044826340631875926,False
2014-02-17 08:00:00,0.134,False,0.029850746268656716,0.010253008426147174,0.044826340631875926,False
2014-02-17 08:05:00,0.134,False,0.029850746268656716,0.010286041311832469,0.044826340631875926,False
2014-02-17 08:10:00,0.066,False,0.0,0.01030092217019419,0.044826340631875926,False
2014-02-17 08:15:00,0.134,False,0.029850746268656716,0.010878984445424183,0.044826340631875926,False
2014-02-17 08:20:00,0.134,False,0.029850746268656716,0.01031896579157008,0.044826340631875926,False
2014-02-17 08:25:00,0.068,False,0.0008779631255487266,0.010352844939034845,0.044826340631875926,False
2014-02-17 08:30:00,0.134,False,0.029850746268656716,0.010948272228823141,0.044826340631875926,False
2014-02-17 08:35:00,0.132,False,0.02897278314310799,0.0109772032678982,0.044826340631875926,False
2014-02-17 08:40:00,0.132,False,0.02897278314310799,0.01089763840197653,0.044826340631875926,False
2014-02-17 08:45:00,0.134,False,0.029850746268656716,0.01029335766625153,0.044826340631875926,False
2014-02-17 08:50:00,0.132,False,0.02897278314310799,0.010286412855900791,0.044826340631875926,False
2014-02-17 08:55:00,0.134,False,0.029850746268656716,0.010255055357439058,0.044826340631875926,False
2014-02-17 09:00:00,0.134,False,0.029850746268656716,0.01016517844490482,0.044826340631875926,False
2014-02-17 09:05:00,0.066,False,0.0,0.009593263200658921,0.044826340631875926,False
2014-02-17 09:10:00,0.132,False,0.02897278314310799,0.010236463728961812,0.044826340631875926,False
2014-02-17 09:15:00,0.134,False,0.029850746268656716,0.010163986972891028,0.044826340631875926,False
2014-02-17 09:20:00,0.132,False,0.02897278314310799,0.010096948768126968,0.044826340631875926,False
2014-02-17 09:25:00,0.132,False,0.02897278314310799,0.010043506320748002,0.044826340631875926,False
2014-02-17 09:30:00,0.132,False,0.02897278314310799,0.010000053984362423,0.044826340631875926,False
2014-02-17 09:35:00,0.066,False,0.0,0.009964949899359353,0.044826340631875926,False
2014-02-17 09:40:00,0.134,False,0.029850746268656716,0.010668053530278714,0.044826340631875926,False
2014-02-17 09:45:00,0.134,False,0.029850746268656716,0.010627290277796629,0.044826340631875926,False
2014-02-17 09:50:00,0.068,False,0.0008779631255487266,0.010090487570994369,0.044826340631875926,False
2014-02-17 09:55:00,0.134,False,0.029850746268656716,0.010707666511945303,0.044826340631875926,False
2014-02-17 10:00:00,0.132,False,0.02897278314310799,0.010124410188628506,0.044826340631875926,False
2014-02-17 10:05:00,0.134,False,0.029850746268656716,0.010142843918436041,0.044826340631875926,False
2014-02-17 10:10:00,0.066,False,0.0,0.010085399631592901,0.044826340631875926,False
2014-02-17 10:15:00,0.132,False,0.02897278314310799,0.010210100806189846,0.044826340631875926,False
2014-02-17 10:20:00,0.132,False,0.02897278314310799,0.010115197119552433,0.044826340631875926,False
2014-02-17 10:25:00,0.068,False,0.0008779631255487266,0.009510271908605797,0.044826340631875926,False
2014-02-17 10:30:00,0.132,False,0.02897278314310799,0.0101330614556363,0.044826340631875926,False
2014-02-17 10:35:00,0.134,False,0.029850746268656716,0.010129056031956619,0.044826340631875926,False
2014-02-17 10:40:00,0.2,False,0.058823529411764705,0.010070729472194456,0.044826340631875926,False
2014-02-17 10:45:00,0.134,False,0.029850746268656716,0.00974767452538153,0.044826340631875926,False
2014-02-17 10:50:00,0.068,False,0.0008779631255487266,0.009793210549256607,0.044826340631875926,False
2014-02-17 10:55:00,0.134,False,0.029850746268656716,0.010552806291268048,0.044826340631875926,False
2014-02-17 11:00:00,0.132,False,0.02897278314310799,0.010037002673349187,0.044826340631875926,False
2014-02-17 11:05:00,0.136,False,0.030728709394205442,0.01002433861951696,0.044826340631875926,False
2014-02-17 11:10:00,0.068,False,0.0008779631255487266,0.010086667365924652,0.044826340631875926,False
2014-02-17 11:15:00,0.134,False,0.029850746268656716,0.01082736203201139,0.044826340631875926,False
2014-02-17 11:20:00,0.134,False,0.029850746268656716,0.010821260565296054,0.044826340631875926,False
2014-02-17 11:25:00,0.066,False,0.0,0.01085030484474696,0.044826340631875926,False
2014-02-17 11:30:00,0.134,False,0.029850746268656716,0.011559467908689456,0.044826340631875926,False
2014-02-17 11:35:00,0.066,False,0.0,0.011485849901486513,0.044826340631875926,False
2014-02-17 11:40:00,0.134,False,0.029850746268656716,0.011549965934901511,0.044826340631875926,False
2014-02-17 11:45:00,0.132,False,0.02897278314310799,0.011572290039006677,0.044826340631875926,False
2014-02-17 11:50:00,0.134,False,0.029850746268656716,0.011547472411840235,0.044826340631875926,False
2014-02-17 11:55:00,0.132,False,0.02897278314310799,0.011585344573799578,0.044826340631875926,False
2014-02-17 12:00:00,0.068,False,0.0008779631255487266,0.011605684596741007,0.044826340631875926,False
2014-02-17 12:05:00,0.134,False,0.029850746268656716,0.012211113475385222,0.044826340631875926,False
2014-02-17 12:10:00,0.132,False,0.02897278314310799,0.011638777964754708,0.044826340631875926,False
2014-02-17 12:15:00,0.134,False,0.029850746268656716,0.011627211691885268,0.044826340631875926,False
2014-02-17 12:20:00,0.066,False,0.0,0.011564737145552114,0.044826340631875926,False
2014-02-17 12:25:00,0.134,False,0.029850746268656716,0.011669943308774439,0.044826340631875926,False
2014-02-17 12:30:00,0.134,False,0.029850746268656716,0.011671012156649238,0.044826340631875926,False
2014-02-17 12:35:00,0.066,False,0.0,0.011713097497759799,0.044826340631875926,False
2014-02-17 12:40:00,0.132,False,0.02897278314310799,0.012298162697869186,0.044826340631875926,False
2014-02-17 12:45:00,0.134,False,0.029850746268656716,0.011685794170641707,0.044826340631875926,False
2014-02-17 12:50:00,0.134,False,0.029850746268656716,0.011717808624047577,0.044826340631875926,False
2014-02-17 12:55:00,0.134,False,0.029850746268656716,0.011669953971041511,0.044826340631875926,False
2014-02-17 13:00:00,0.068,False,0.0008779631255487266,0.01111056191101561,0.044826340631875926,False
2014-02-17 13:05:00,0.134,False,0.029850746268656716,0.011738266970145706,0.044826340631875926,False
2014-02-17 13:10:00,0.134,False,0.029850746268656716,0.011727861365107698,0.044826340631875926,False
2014-02-17 13:15:00,0.134,False,0.029850746268656716,0.01077333547781094,0.044826340631875926,False
2014-02-17 13:20:00,0.134,False,0.029850746268656716,0.010702746752502362,0.044826340631875926,False
2014-02-17 13:25:00,0.066,False,0.0,0.010155087990976837,0.044826340631875926,False
2014-02-17 13:30:00,0.132,False,0.02897278314310799,0.010814513400292965,0.044826340631875926,False
2014-02-17 13:35:00,0.068,False,0.0008779631255487266,0.01083024008581695,0.044826340631875926,False
2014-02-17 13:40:00,0.134,False,0.029850746268656716,0.011352685408081823,0.044826340631875926,False
2014-02-17 13:45:00,0.132,False,0.02897278314310799,0.010804577128193616,0.044826340631875926,False
2014-02-17 13:50:00,0.134,False,0.029850746268656716,0.0108004901206564,0.044826340631875926,False
2014-02-17 13:55:00,0.2019999999999999,False,0.05970149253731338,0.010740678039299557,0.044826340631875926,False
2014-02-17 14:00:00,0.066,False,0.0,0.010444858991850315,0.044826340631875926,False
2014-02-17 14:05:00,0.2,False,0.058823529411764705,0.011240952387877309,0.044826340631875926,False
2014-02-17 14:10:00,0.2,False,0.058823529411764705,0.0110673630417139,0.044826340631875926,False
2014-02-17 14:15:00,0.066,False,0.0,0.01134705476453029,0.044826340631875926,False
2014-02-17 14:20:00,0.134,False,0.029850746268656716,0.01266427081632124,0.044826340631875926,False
2014-02-17 14:25:00,0.134,False,0.029850746268656716,0.01264602546202646,0.044826340631875926,False
2014-02-17 14:30:00,0.132,False,0.02897278314310799,0.012568356006910199,0.044826340631875926,False
2014-02-17 14:35:00,0.134,False,0.029850746268656716,0.012136121400088759,0.044826340631875926,False
2014-02-17 14:40:00,0.066,False,0.0,0.012148949002614309,0.044826340631875926,False
2014-02-17 14:45:00,0.134,False,0.029850746268656716,0.013141163774892215,0.044826340631875926,False
2014-02-17 14:50:00,0.2019999999999999,False,0.05970149253731338,0.013036067126755441,0.044826340631875926,False
2014-02-17 14:55:00,0.134,False,0.029850746268656716,0.012870944922374006,0.044826340631875926,False
2014-02-17 15:00:00,0.132,False,0.02897278314310799,0.012857666125105138,0.044826340631875926,False
2014-02-17 15:05:00,0.134,False,0.029850746268656716,0.012739785592964872,0.044826340631875926,False
2014-02-17 15:10:00,0.134,False,0.029850746268656716,0.012316376509301343,0.044826340631875926,False
2014-02-17 15:15:00,0.066,False,0.0,0.012375547273484081,0.044826340631875926,False
2014-02-17 15:20:00,0.134,False,0.029850746268656716,0.0134014439560039,0.044826340631875926,False
2014-02-17 15:25:00,0.132,False,0.02897278314310799,0.013406171411480818,0.044826340631875926,False
2014-02-17 15:30:00,0.066,False,0.0,0.013338895781548402,0.044826340631875926,False
2014-02-17 15:35:00,0.132,False,0.02897278314310799,0.01374715188911191,0.044826340631875926,False
2014-02-17 15:40:00,0.132,False,0.02897278314310799,0.013739112162303509,0.044826340631875926,False
2014-02-17 15:45:00,0.134,False,0.029850746268656716,0.013732679960347067,0.044826340631875926,False
2014-02-17 15:50:00,0.2019999999999999,False,0.05970149253731338,0.013754759135064333,0.044826340631875926,False
2014-02-17 15:55:00,0.2,False,0.058823529411764705,0.01391742737396334,0.044826340631875926,False
2014-02-17 16:00:00,0.132,False,0.02897278314310799,0.013690906930153375,0.044826340631875926,False
2014-02-17 16:05:00,0.134,False,0.029850746268656716,0.013703295941834453,0.044826340631875926,False
2014-02-17 16:10:00,0.066,False,0.0,0.01339018636246565,0.044826340631875926,False
2014-02-17 16:15:00,0.134,False,0.029850746268656716,0.014543943017402826,0.044826340631875926,False
2014-02-17 16:20:00,0.136,False,0.030728709394205442,0.014641212760085136,0.044826340631875926,False
2014-02-17 16:25:00,0.066,False,0.0,0.014748394568929077,0.044826340631875926,False
2014-02-17 16:30:00,0.134,False,0.029850746268656716,0.01448931542140962,0.044826340631875926,False
2014-02-17 16:35:00,0.132,False,0.02897278314310799,0.014070297896214433,0.044826340631875926,False
2014-02-17 16:40:00,0.132,False,0.02897278314310799,0.013051392668015969,0.044826340631875926,False
2014-02-17 16:45:00,0.066,False,0.0,0.01203881968826683,0.044826340631875926,False
2014-02-17 16:50:00,0.134,False,0.029850746268656716,0.012346845440771496,0.044826340631875926,False
2014-02-17 16:55:00,0.132,False,0.02897278314310799,0.012340517165965155,0.044826340631875926,False
2014-02-17 17:00:00,0.134,False,0.029850746268656716,0.012319183802814862,0.044826340631875926,False
2014-02-17 17:05:00,0.134,False,0.029850746268656716,0.012357553787734423,0.044826340631875926,False
2014-02-17 17:10:00,0.132,False,0.02897278314310799,0.012306499180899376,0.044826340631875926,False
2014-02-17 17:15:00,0.134,False,0.029850746268656716,0.011756916820538517,0.044826340631875926,False
2014-02-17 17:20:00,0.134,False,0.029850746268656716,0.011763077519369598,0.044826340631875926,False
2014-02-17 17:25:00,0.134,False,0.029850746268656716,0.010779261173021379,0.044826340631875926,False
2014-02-17 17:30:00,0.132,False,0.02897278314310799,0.010784663899453066,0.044826340631875926,False
2014-02-17 17:35:00,0.068,False,0.0008779631255487266,0.010793530835421465,0.044826340631875926,False
2014-02-17 17:40:00,0.132,False,0.02897278314310799,0.011523678840593455,0.044826340631875926,False
2014-02-17 17:45:00,0.132,False,0.02897278314310799,0.011422767067850852,0.044826340631875926,False
2014-02-17 17:50:00,0.066,False,0.0,0.01082686556550601,0.044826340631875926,False
2014-02-17 17:55:00,0.2,False,0.058823529411764705,0.011545485527223839,0.044826340631875926,False
2014-02-17 18:00:00,0.068,False,0.0008779631255487266,0.011629521145649144,0.044826340631875926,False
2014-02-17 18:05:00,0.134,False,0.029850746268656716,0.011934316272768038,0.044826340631875926,False
2014-02-17 18:10:00,0.134,False,0.029850746268656716,0.011973546240952999,0.044826340631875926,False
2014-02-17 18:15:00,0.134,False,0.029850746268656716,0.0120280513273896,0.044826340631875926,False
2014-02-17 18:20:00,0.134,False,0.029850746268656716,0.012060863560162107,0.044826340631875926,False
2014-02-17 18:25:00,0.132,False,0.02897278314310799,0.01110655623167875,0.044826340631875926,False
2014-02-17 18:30:00,0.066,False,0.0,0.010158682107011803,0.044826340631875926,False
2014-02-17 18:35:00,0.136,False,0.030728709394205442,0.010970641568058893,0.044826340631875926,False
2014-02-17 18:40:00,0.134,False,0.029850746268656716,0.010947060534108578,0.044826340631875926,False
2014-02-17 18:45:00,0.134,False,0.029850746268656716,0.010415519994566634,0.044826340631875926,False
2014-02-17 18:50:00,0.132,False,0.02897278314310799,0.010437066639035736,0.044826340631875926,False
2014-02-17 18:55:00,0.134,False,0.029850746268656716,0.010335935579320122,0.044826340631875926,False
2014-02-17 19:00:00,0.068,False,0.0008779631255487266,0.009790866523882972,0.044826340631875926,False
2014-02-17 19:05:00,0.134,False,0.029850746268656716,0.010492782168175377,0.044826340631875926,False
2014-02-17 19:10:00,0.134,False,0.029850746268656716,0.0105106435607675,0.044826340631875926,False
2014-02-17 19:15:00,0.134,False,0.029850746268656716,0.010457167320524714,0.044826340631875926,False
2014-02-17 19:20:00,0.134,False,0.029850746268656716,0.009870243821438113,0.044826340631875926,False
2014-02-17 19:25:00,0.068,False,0.0008779631255487266,0.009840438580906349,0.044826340631875926,False
2014-02-17 19:30:00,0.132,False,0.02897278314310799,0.010517687207038266,0.044826340631875926,False
2014-02-17 19:35:00,0.134,False,0.029850746268656716,0.010453211567382346,0.044826340631875926,False
2014-02-17 19:40:00,0.068,False,0.0008779631255487266,0.010425383338411975,0.044826340631875926,False
2014-02-17 19:45:00,0.134,False,0.029850746268656716,0.011068037304539915,0.044826340631875926,False
2014-02-17 19:50:00,0.134,False,0.029850746268656716,0.011052531032025253,0.044826340631875926,False
2014-02-17 19:55:00,0.204,False,0.06057945566286216,0.0110542981855665,0.044826340631875926,False
2014-02-17 20:00:00,0.066,False,0.0,0.01130958936420586,0.044826340631875926,False
2014-02-17 20:05:00,0.134,False,0.029850746268656716,0.012171214333423873,0.044826340631875926,False
2014-02-17 20:10:00,0.136,False,0.030728709394205442,0.01168983618524127,0.044826340631875926,False
2014-02-17 20:15:00,0.132,False,0.02897278314310799,0.011775319908116253,0.044826340631875926,False
2014-02-17 20:20:00,0.132,False,0.02897278314310799,0.011740725372288619,0.044826340631875926,False
2014-02-17 20:25:00,0.134,False,0.029850746268656716,0.011216451764981105,0.044826340631875926,False
2014-02-17 20:30:00,0.066,False,0.0,0.010214152692808702,0.044826340631875926,False
2014-02-17 20:35:00,0.132,False,0.02897278314310799,0.010496777793316765,0.044826340631875926,False
2014-02-17 20:40:00,0.134,False,0.029850746268656716,0.010465198391729585,0.044826340631875926,False
2014-02-17 20:45:00,0.134,False,0.029850746268656716,0.010463346798274906,0.044826340631875926,False
2014-02-17 20:50:00,0.132,False,0.02897278314310799,0.01046357366845408,0.044826340631875926,False
2014-02-17 20:55:00,0.134,False,0.029850746268656716,0.010443217883566279,0.044826340631875926,False
2014-02-17 21:00:00,0.132,False,0.02897278314310799,0.01041027308409809,0.044826340631875926,False
2014-02-17 21:05:00,0.134,False,0.029850746268656716,0.009836502227564804,0.044826340631875926,False
2014-02-17 21:10:00,0.134,False,0.029850746268656716,0.00980016302256328,0.044826340631875926,False
2014-02-17 21:15:00,0.134,False,0.029850746268656716,0.009792841585363369,0.044826340631875926,False
2014-02-17 21:20:00,0.066,False,0.0,0.009787390305981459,0.044826340631875926,False
2014-02-17 21:25:00,0.134,False,0.029850746268656716,0.01057332476482715,0.044826340631875926,False
2014-02-17 21:30:00,0.134,False,0.029850746268656716,0.010487331653693576,0.044826340631875926,False
2014-02-17 21:35:00,0.132,False,0.02897278314310799,0.009940446014081328,0.044826340631875926,False
2014-02-17 21:40:00,0.132,False,0.02897278314310799,0.009904942826310947,0.044826340631875926,False
2014-02-17 21:45:00,0.066,False,0.0,0.009876722394809547,0.044826340631875926,False
2014-02-17 21:50:00,0.2,False,0.058823529411764705,0.010620532334908372,0.044826340631875926,False
2014-02-17 21:55:00,0.134,False,0.029850746268656716,0.010659806425760877,0.044826340631875926,False
2014-02-17 22:00:00,0.066,False,0.0,0.01021932190677158,0.044826340631875926,False
2014-02-17 22:05:00,0.2019999999999999,False,0.05970149253731338,0.011164681467791556,0.044826340631875926,False
2014-02-17 22:10:00,0.134,False,0.029850746268656716,0.011263084847928135,0.044826340631875926,False
2014-02-17 22:15:00,0.134,False,0.029850746268656716,0.010895944589393018,0.044826340631875926,False
2014-02-17 22:20:00,0.132,False,0.02897278314310799,0.010984621834274805,0.044826340631875926,False
2014-02-17 22:25:00,0.134,False,0.029850746268656716,0.011043208303572678,0.044826340631875926,False
2014-02-17 22:30:00,0.134,False,0.029850746268656716,0.010019763569242076,0.044826340631875926,False
2014-02-17 22:35:00,0.132,False,0.02897278314310799,0.009588315060761781,0.044826340631875926,False
2014-02-17 22:40:00,0.132,False,0.02897278314310799,0.00962777886989959,0.044826340631875926,False
2014-02-17 22:45:00,0.134,False,0.029850746268656716,0.009626473793430144,0.044826340631875926,False
2014-02-17 22:50:00,0.132,False,0.02897278314310799,0.009691802897093442,0.044826340631875926,False
2014-02-17 22:55:00,0.134,False,0.029850746268656716,0.009730690829990056,0.044826340631875926,False
2014-02-17 23:00:00,0.136,False,0.030728709394205442,0.009692619418638693,0.044826340631875926,False
2014-02-17 23:05:00,0.066,False,0.0,0.009230722551895556,0.044826340631875926,False
2014-02-17 23:10:00,0.198,False,0.057945566286215985,0.01013793209793887,0.044826340631875926,False
2014-02-17 23:15:00,0.068,False,0.0008779631255487266,0.010213451036670453,0.044826340631875926,False
2014-02-17 23:20:00,0.134,False,0.029850746268656716,0.01122146863146923,0.044826340631875926,False
2014-02-17 23:25:00,0.134,False,0.029850746268656716,0.011276806568640224,0.044826340631875926,False
2014-02-17 23:30:00,0.066,False,0.0,0.01131391033583656,0.044826340631875926,False
2014-02-17 23:35:00,0.132,False,0.02897278314310799,0.012185016106775986,0.044826340631875926,False
2014-02-17 23:40:00,0.134,False,0.029850746268656716,0.012170803636031204,0.044826340631875926,False
2014-02-17 23:45:00,0.068,False,0.0008779631255487266,0.012195451522585605,0.044826340631875926,False
2014-02-17 23:50:00,0.132,False,0.02897278314310799,0.012864869534871204,0.044826340631875926,False
2014-02-17 23:55:00,0.14,False,0.032484635645302906,0.012304898643719543,0.044826340631875926,False
2014-02-18 00:00:00,0.132,False,0.02897278314310799,0.012395442854574905,0.044826340631875926,False
2014-02-18 00:05:00,0.068,False,0.0008779631255487266,0.01239754193993097,0.044826340631875926,False
2014-02-18 00:10:00,0.134,False,0.029850746268656716,0.013128992546494762,0.044826340631875926,False
2014-02-18 00:15:00,0.134,False,0.029850746268656716,0.013116318914185654,0.044826340631875926,False
2014-02-18 00:20:00,0.132,False,0.02897278314310799,0.012573033093126202,0.044826340631875926,False
2014-02-18 00:25:00,0.066,False,0.0,0.011592166928341675,0.044826340631875926,False
2014-02-18 00:30:00,0.134,False,0.029850746268656716,0.012224018297662132,0.044826340631875926,False
2014-02-18 00:35:00,0.132,False,0.02897278314310799,0.011626982187619496,0.044826340631875926,False
2014-02-18 00:40:00,0.134,False,0.029850746268656716,0.01058337320196138,0.044826340631875926,False
2014-02-18 00:45:00,0.132,False,0.02897278314310799,0.010551224567567371,0.044826340631875926,False
2014-02-18 00:50:00,0.134,False,0.029850746268656716,0.010493047524571747,0.044826340631875926,False
2014-02-18 00:55:00,0.134,False,0.029850746268656716,0.010486567311560176,0.044826340631875926,False
2014-02-18 01:00:00,0.066,False,0.0,0.010452534176980518,0.044826340631875926,False
2014-02-18 01:05:00,0.134,False,0.029850746268656716,0.011107352333520023,0.044826340631875926,False
2014-02-18 01:10:00,0.134,False,0.029850746268656716,0.011099238456536233,0.044826340631875926,False
2014-02-18 01:15:00,0.134,False,0.029850746268656716,0.011103580646458895,0.044826340631875926,False
2014-02-18 01:20:00,0.134,False,0.029850746268656716,0.01108898148213191,0.044826340631875926,False
2014-02-18 01:25:00,0.066,False,0.0,0.011111860902844235,0.044826340631875926,False
2014-02-18 01:30:00,0.132,False,0.02897278314310799,0.011815294904924898,0.044826340631875926,False
2014-02-18 01:35:00,0.132,False,0.02897278314310799,0.011695955371288463,0.044826340631875926,False
2014-02-18 01:40:00,0.068,False,0.0008779631255487266,0.01110698110834178,0.044826340631875926,False
2014-02-18 01:45:00,0.132,False,0.02897278314310799,0.010758009766148637,0.044826340631875926,False
2014-02-18 01:50:00,0.134,False,0.029850746268656716,0.0101742070669214,0.044826340631875926,False
2014-02-18 01:55:00,0.134,False,0.029850746268656716,0.010183911758589749,0.044826340631875926,False
2014-02-18 02:00:00,0.134,False,0.029850746268656716,0.010119038808274274,0.044826340631875926,False
2014-02-18 02:05:00,0.066,False,0.0,0.009548137099791467,0.044826340631875926,False
2014-02-18 02:10:00,0.134,False,0.029850746268656716,0.010272438244941569,0.044826340631875926,False
2014-02-18 02:15:00,0.134,False,0.029850746268656716,0.010199555175426341,0.044826340631875926,False
2014-02-18 02:20:00,0.134,False,0.029850746268656716,0.009646236269909507,0.044826340631875926,False
2014-02-18 02:25:00,0.066,False,0.0,0.009672370290491082,0.044826340631875926,False
2014-02-18 02:30:00,0.2,False,0.058823529411764705,0.010275103263982142,0.044826340631875926,False
2014-02-18 02:35:00,0.134,False,0.029850746268656716,0.010474912709244989,0.044826340631875926,False
2014-02-18 02:40:00,0.134,False,0.029850746268656716,0.010000318997665772,0.044826340631875926,False
2014-02-18 02:45:00,0.134,False,0.029850746268656716,0.010033511458401412,0.044826340631875926,False
2014-02-18 02:50:00,0.134,False,0.029850746268656716,0.01006467258042547,0.044826340631875926,False
2014-02-18 02:55:00,0.134,False,0.029850746268656716,0.0100489335309061,0.044826340631875926,False
2014-02-18 03:00:00,0.134,False,0.029850746268656716,0.009543867574016405,0.044826340631875926,False
2014-02-18 03:05:00,0.134,False,0.029850746268656716,0.009566113269210013,0.044826340631875926,False
2014-02-18 03:10:00,0.066,False,0.0,0.009613468157624091,0.044826340631875926,False
2014-02-18 03:15:00,0.134,False,0.029850746268656716,0.010415368349903812,0.044826340631875926,False
2014-02-18 03:20:00,1.534,False,0.6444249341527655,0.010432464133251433,0.044826340631875926,False
2014-02-18 03:25:00,0.066,False,0.0,0.029197572856729383,0.044826340631875926,False
2014-02-18 03:30:00,0.134,False,0.029850746268656716,0.03895075036633082,0.044826340631875926,False
2014-02-18 03:35:00,0.134,False,0.029850746268656716,0.04989916749264776,0.044826340631875926,True
2014-02-18 03:40:00,0.068,False,0.0008779631255487266,0.04862038712111269,0.044826340631875926,True
2014-02-18 03:45:00,0.134,False,0.029850746268656716,0.046648668823450284,0.044826340631875926,True
2014-02-18 03:50:00,0.132,False,0.02897278314310799,0.043602446047275735,0.044826340631875926,False
2014-02-18 03:55:00,0.134,False,0.029850746268656716,0.04235642484754743,0.044826340631875926,False
2014-02-18 04:00:00,0.134,False,0.029850746268656716,0.040349126529828354,0.044826340631875926,False
2014-02-18 04:05:00,0.068,False,0.0008779631255487266,0.03980062157809647,0.044826340631875926,False
2014-02-18 04:10:00,0.134,False,0.029850746268656716,0.03895328378744743,0.044826340631875926,False
2014-02-18 04:15:00,0.134,False,0.029850746268656716,0.03904812926083654,0.044826340631875926,False
2014-02-18 04:20:00,0.132,False,0.02897278314310799,0.03999783070144734,0.044826340631875926,False
2014-02-18 04:25:00,0.136,False,0.030728709394205442,0.04016519196850445,0.044826340631875926,False
2014-02-18 04:30:00,0.132,False,0.02897278314310799,0.04005829970624089,0.044826340631875926,False
2014-02-18 04:35:00,0.066,False,0.0,0.03963400675237336,0.044826340631875926,False
2014-02-18 04:40:00,0.134,False,0.029850746268656716,0.039339404679422735,0.044826340631875926,False
2014-02-18 04:45:00,0.132,False,0.02897278314310799,0.041273038633459914,0.044826340631875926,False
2014-02-18 04:50:00,0.066,False,0.0,0.04184543255227051,0.044826340631875926,False
2014-02-18 04:55:00,0.198,False,0.057945566286215985,0.042523420945285245,0.044826340631875926,False
2014-02-18 05:00:00,0.066,False,0.0,0.045861952739446384,0.044826340631875926,True
2014-02-18 05:05:00,0.134,False,0.029850746268656716,0.047402166259628495,0.044826340631875926,True
2014-02-18 05:10:00,0.132,False,0.02897278314310799,0.04785725548351006,0.044826340631875926,True
2014-02-18 05:15:00,0.132,False,0.02897278314310799,0.047254995521804476,0.044826340631875926,True
2014-02-18 05:20:00,0.134,False,0.029850746268656716,0.046331164701619645,0.044826340631875926,True
2014-02-18 05:25:00,0.066,False,0.0,0.04633108348892835,0.044826340631875926,True
2014-02-18 05:30:00,0.132,False,0.02897278314310799,0.04809239562649911,0.044826340631875926,True
2014-02-18 05:35:00,0.134,False,0.029850746268656716,0.049099951431499714,0.044826340631875926,True
2014-02-18 05:40:00,0.134,False,0.029850746268656716,0.050317928885764675,0.044826340631875926,True
2014-02-18 05:45:00,0.132,False,0.02897278314310799,0.050433831025685764,0.044826340631875926,True
2014-02-18 05:50:00,0.066,False,0.0,0.05101333798321151,0.044826340631875926,True
2014-02-18 05:55:00,0.198,False,0.057945566286215985,0.011633701441127598,0.044826340631875926,False
2014-02-18 06:00:00,0.132,False,0.02897278314310799,0.011400443073204028,0.044826340631875926,False
2014-02-18 06:05:00,0.068,False,0.0008779631255487266,0.011416576817230519,0.044826340631875926,False
2014-02-18 06:10:00,0.134,False,0.029850746268656716,0.012151753778040916,0.044826340631875926,False
2014-02-18 06:15:00,0.134,False,0.029850746268656716,0.01163992045034581,0.044826340631875926,False
2014-02-18 06:20:00,0.134,False,0.029850746268656716,0.011645892897840477,0.044826340631875926,False
2014-02-18 06:25:00,0.134,False,0.029850746268656716,0.011682640705099568,0.044826340631875926,False
2014-02-18 06:30:00,0.132,False,0.02897278314310799,0.011693719718447192,0.044826340631875926,False
2014-02-18 06:35:00,0.134,False,0.029850746268656716,0.011616213075415428,0.044826340631875926,False
2014-02-18 06:40:00,0.134,False,0.029850746268656716,0.011122113495480777,0.044826340631875926,False
2014-02-18 06:45:00,0.134,False,0.029850746268656716,0.011132090692134462,0.044826340631875926,False
2014-02-18 06:50:00,0.068,False,0.0008779631255487266,0.011142242915344,0.044826340631875926,False
2014-02-18 06:55:00,0.134,False,0.029850746268656716,0.011879650695712233,0.044826340631875926,False
2014-02-18 07:00:00,0.132,False,0.02897278314310799,0.011852455898718172,0.044826340631875926,False
2014-02-18 07:05:00,0.134,False,0.029850746268656716,0.01180100386549645,0.044826340631875926,False
2014-02-18 07:10:00,0.134,False,0.029850746268656716,0.011253858395335107,0.044826340631875926,False
2014-02-18 07:15:00,0.066,False,0.0,0.011257004030463128,0.044826340631875926,False
2014-02-18 07:20:00,0.134,False,0.029850746268656716,0.011977326627662646,0.044826340631875926,False
2014-02-18 07:25:00,0.134,False,0.029850746268656716,0.011403434069863718,0.044826340631875926,False
2014-02-18 07:30:00,0.134,False,0.029850746268656716,0.010401392406801711,0.044826340631875926,False
2014-02-18 07:35:00,0.066,False,0.0,0.009825451187691318,0.044826340631875926,False
2014-02-18 07:40:00,0.132,False,0.02897278314310799,0.010514181965669327,0.044826340631875926,False
2014-02-18 07:45:00,0.132,False,0.02897278314310799,0.01050245562104417,0.044826340631875926,False
2014-02-18 07:50:00,0.134,False,0.029850746268656716,0.01050811874526772,0.044826340631875926,False
2014-02-18 07:55:00,0.2,False,0.058823529411764705,0.010439401916245948,0.044826340631875926,False
2014-02-18 08:00:00,0.132,False,0.02897278314310799,0.010048797273861758,0.044826340631875926,False
2014-02-18 08:05:00,0.068,False,0.0008779631255487266,0.010126726373262594,0.044826340631875926,False
2014-02-18 08:10:00,0.134,False,0.029850746268656716,0.011005502409648659,0.044826340631875926,False
2014-02-18 08:15:00,0.066,False,0.0,0.01102868576041039,0.044826340631875926,False
2014-02-18 08:20:00,0.134,False,0.029850746268656716,0.011806229437476,0.044826340631875926,False
2014-02-18 08:25:00,0.136,False,0.030728709394205442,0.011258683250254885,0.044826340631875926,False
2014-02-18 08:30:00,0.066,False,0.0,0.010362233255872922,0.044826340631875926,False
2014-02-18 08:35:00,0.136,False,0.030728709394205442,0.011070019940777255,0.044826340631875926,False
2014-02-18 08:40:00,0.134,False,0.029850746268656716,0.010544345847322537,0.044826340631875926,False
2014-02-18 08:45:00,0.134,False,0.029850746268656716,0.010533859093044195,0.044826340631875926,False
2014-02-18 08:50:00,0.132,False,0.02897278314310799,0.010527422101849312,0.044826340631875926,False
2014-02-18 08:55:00,0.134,False,0.029850746268656716,0.010500019123215737,0.044826340631875926,False
2014-02-18 09:00:00,0.134,False,0.029850746268656716,0.010497454074580729,0.044826340631875926,False
2014-02-18 09:05:00,0.066,False,0.0,0.010524138196363044,0.044826340631875926,False
2014-02-18 09:10:00,0.134,False,0.029850746268656716,0.011230377279950274,0.044826340631875926,False
2014-02-18 09:15:00,0.134,False,0.029850746268656716,0.011227715187502995,0.044826340631875926,False
2014-02-18 09:20:00,0.134,False,0.029850746268656716,0.01115790827645172,0.044826340631875926,False
2014-02-18 09:25:00,0.066,False,0.0,0.010613694290865188,0.044826340631875926,False
2014-02-18 09:30:00,0.132,False,0.02897278314310799,0.011283788496978909,0.044826340631875926,False
2014-02-18 09:35:00,0.132,False,0.02897278314310799,0.011274723686007489,0.044826340631875926,False
2014-02-18 09:40:00,0.132,False,0.02897278314310799,0.011250079036487236,0.044826340631875926,False
2014-02-18 09:45:00,0.066,False,0.0,0.01115114464783506,0.044826340631875926,False
2014-02-18 09:50:00,0.132,False,0.02897278314310799,0.011241448230284813,0.044826340631875926,False
2014-02-18 09:55:00,0.132,False,0.02897278314310799,0.011196871166669958,0.044826340631875926,False
2014-02-18 10:00:00,0.132,False,0.02897278314310799,0.011165639210491279,0.044826340631875926,False
2014-02-18 10:05:00,0.266,False,0.0877963125548727,0.011059468383346167,0.044826340631875926,False
2014-02-18 10:10:00,0.134,False,0.029850746268656716,0.009881861424218033,0.044826340631875926,False
2014-02-18 10:15:00,0.134,False,0.029850746268656716,0.009997444882561565,0.044826340631875926,False
2014-02-18 10:20:00,0.134,False,0.029850746268656716,0.010059237072583889,0.044826340631875926,False
2014-02-18 10:25:00,0.066,False,0.0,0.010026278993551461,0.044826340631875926,False
2014-02-18 10:30:00,0.134,False,0.029850746268656716,0.010570416633854107,0.044826340631875926,False
2014-02-18 10:35:00,0.134,False,0.029850746268656716,0.010449746711616244,0.044826340631875926,False
2014-02-18 10:40:00,0.066,False,0.0,0.009999748049557363,0.044826340631875926,False
2014-02-18 10:45:00,0.136,False,0.030728709394205442,0.011061472525258123,0.044826340631875926,False
2014-02-18 10:50:00,0.132,False,0.02897278314310799,0.010596432693178344,0.044826340631875926,False
2014-02-18 10:55:00,0.132,False,0.02897278314310799,0.01056195954817549,0.044826340631875926,False
2014-02-18 11:00:00,0.132,False,0.02897278314310799,0.01043587655612895,0.044826340631875926,False
2014-02-18 11:05:00,0.068,False,0.0008779631255487266,0.009989816163695707,0.044826340631875926,False
2014-02-18 11:10:00,0.134,False,0.029850746268656716,0.01089861680657317,0.044826340631875926,False
2014-02-18 11:15:00,0.134,False,0.029850746268656716,0.010930863416102027,0.044826340631875926,False
2014-02-18 11:20:00,0.134,False,0.029850746268656716,0.010975138367122902,0.044826340631875926,False
2014-02-18 11:25:00,0.134,False,0.029850746268656716,0.011049256982804562,0.044826340631875926,False
2014-02-18 11:30:00,0.066,False,0.0,0.011088195331296548,0.044826340631875926,False
2014-02-18 11:35:00,0.132,False,0.02897278314310799,0.011823176954269737,0.044826340631875926,False
2014-02-18 11:40:00,0.132,False,0.02897278314310799,0.011253292755193009,0.044826340631875926,False
2014-02-18 11:45:00,0.066,False,0.0,0.011245237071724498,0.044826340631875926,False
2014-02-18 11:50:00,0.132,False,0.02897278314310799,0.011976336010884112,0.044826340631875926,False
2014-02-18 11:55:00,0.132,False,0.02897278314310799,0.01189887574771656,0.044826340631875926,False
2014-02-18 12:00:00,0.134,False,0.029850746268656716,0.011302225710374415,0.044826340631875926,False
2014-02-18 12:05:00,0.134,False,0.029850746268656716,0.011335337882654895,0.044826340631875926,False
2014-02-18 12:10:00,0.066,False,0.0,0.011372200677207869,0.044826340631875926,False
2014-02-18 12:15:00,0.134,False,0.029850746268656716,0.012041894592429795,0.044826340631875926,False
2014-02-18 12:20:00,0.134,False,0.029850746268656716,0.011424050004190696,0.044826340631875926,False
2014-02-18 12:25:00,0.134,False,0.029850746268656716,0.011437393426797017,0.044826340631875926,False
2014-02-18 12:30:00,0.134,False,0.029850746268656716,0.011455921149647193,0.044826340631875926,False
2014-02-18 12:35:00,0.134,False,0.029850746268656716,0.01147981353887984,0.044826340631875926,False
2014-02-18 12:40:00,0.066,False,0.0,0.00958111633284724,0.044826340631875926,False
2014-02-18 12:45:00,0.134,False,0.029850746268656716,0.010264852179504898,0.044826340631875926,False
2014-02-18 12:50:00,0.132,False,0.02897278314310799,0.01026697255265461,0.044826340631875926,False
2014-02-18 12:55:00,0.134,False,0.029850746268656716,0.010172372849705551,0.044826340631875926,False
2014-02-18 13:00:00,0.132,False,0.02897278314310799,0.009591694116834434,0.044826340631875926,False
2014-02-18 13:05:00,0.134,False,0.029850746268656716,0.009560971407839557,0.044826340631875926,False
2014-02-18 13:10:00,0.068,False,0.0008779631255487266,0.009482861507682898,0.044826340631875926,False
2014-02-18 13:15:00,0.132,False,0.02897278314310799,0.009569732243571848,0.044826340631875926,False
2014-02-18 13:20:00,0.132,False,0.02897278314310799,0.009485826181138263,0.044826340631875926,False
2014-02-18 13:25:00,0.066,False,0.0,0.009473064019545618,0.044826340631875926,False
2014-02-18 13:30:00,0.132,False,0.02897278314310799,0.010183336031872572,0.044826340631875926,False
2014-02-18 13:35:00,0.132,False,0.02897278314310799,0.01010055573526873,0.044826340631875926,False
2014-02-18 13:40:00,0.134,False,0.029850746268656716,0.0095102206153268,0.044826340631875926,False
2014-02-18 13:45:00,0.134,False,0.029850746268656716,0.009497106537977295,0.044826340631875926,False
2014-02-18 13:50:00,0.134,False,0.029850746268656716,0.009494969338933068,0.044826340631875926,False
2014-02-18 13:55:00,0.134,False,0.029850746268656716,0.009502283263464206,0.044826340631875926,False
2014-02-18 14:00:00,0.132,False,0.02897278314310799,0.00943846661921286,0.044826340631875926,False
2014-02-18 14:05:00,0.134,False,0.029850746268656716,0.008849826080188751,0.044826340631875926,False
2014-02-18 14:10:00,0.134,False,0.029850746268656716,0.008876057765464318,0.044826340631875926,False
2014-02-18 14:15:00,0.134,False,0.029850746268656716,0.00883465643284228,0.044826340631875926,False
2014-02-18 14:20:00,0.2,False,0.058823529411764705,0.008267063092585366,0.044826340631875926,False
2014-02-18 14:25:00,0.066,False,0.0,0.008324547139025586,0.044826340631875926,False
2014-02-18 14:30:00,0.132,False,0.02897278314310799,0.009360493652910685,0.044826340631875926,False
2014-02-18 14:35:00,0.2,False,0.058823529411764705,0.009356688525672714,0.044826340631875926,False
2014-02-18 14:40:00,0.134,False,0.029850746268656716,0.009355563209178176,0.044826340631875926,False
2014-02-18 14:45:00,0.134,False,0.029850746268656716,0.0089614816596538,0.044826340631875926,False
2014-02-18 14:50:00,0.134,False,0.029850746268656716,0.009044004228257158,0.044826340631875926,False
2014-02-18 14:55:00,0.134,False,0.029850746268656716,0.009114232407553016,0.044826340631875926,False
2014-02-18 15:00:00,0.068,False,0.0008779631255487266,0.00918116780275406,0.044826340631875926,False
2014-02-18 15:05:00,0.134,False,0.029850746268656716,0.010179690191375603,0.044826340631875926,False
2014-02-18 15:10:00,0.134,False,0.029850746268656716,0.010139399314152586,0.044826340631875926,False
2014-02-18 15:15:00,0.134,False,0.029850746268656716,0.009689348941095955,0.044826340631875926,False
2014-02-18 15:20:00,0.134,False,0.029850746268656716,0.0097363578205787,0.044826340631875926,False
2014-02-18 15:25:00,0.132,False,0.02897278314310799,0.009809138187808809,0.044826340631875926,False
2014-02-18 15:30:00,0.066,False,0.0,0.009825892813551708,0.044826340631875926,False
2014-02-18 15:35:00,0.134,False,0.029850746268656716,0.010710367657961567,0.044826340631875926,False
2014-02-18 15:40:00,0.132,False,0.02897278314310799,0.010648917628548662,0.044826340631875926,False
2014-02-18 15:45:00,0.134,False,0.029850746268656716,0.010128434681935129,0.044826340631875926,False
2014-02-18 15:50:00,0.066,False,0.0,0.010164977101522437,0.044826340631875926,False
2014-02-18 15:55:00,0.198,False,0.057945566286215985,0.01091803208610573,0.044826340631875926,False
2014-02-18 16:00:00,0.066,False,0.0,0.010496934957667108,0.044826340631875926,False
2014-02-18 16:05:00,0.132,False,0.02897278314310799,0.011473257331090917,0.044826340631875926,False
2014-02-18 16:10:00,0.134,False,0.029850746268656716,0.011494932249722633,0.044826340631875926,False
2014-02-18 16:15:00,0.066,False,0.0,0.01152085890426015,0.044826340631875926,False
2014-02-18 16:20:00,0.134,False,0.029850746268656716,0.012304915266451095,0.044826340631875926,False
2014-02-18 16:25:00,0.134,False,0.029850746268656716,0.012309616272366897,0.044826340631875926,False
2014-02-18 16:30:00,0.066,False,0.0,0.012323620569921388,0.044826340631875926,False
2014-02-18 16:35:00,0.132,False,0.02897278314310799,0.013054886331548977,0.044826340631875926,False
2014-02-18 16:40:00,0.134,False,0.029850746268656716,0.013038078016436059,0.044826340631875926,False
2014-02-18 16:45:00,0.134,False,0.029850746268656716,0.013051187312996346,0.044826340631875926,False
2014-02-18 16:50:00,0.134,False,0.029850746268656716,0.013066912446316043,0.044826340631875926,False
2014-02-18 16:55:00,0.136,False,0.030728709394205442,0.012040315478612775,0.044826340631875926,False
2014-02-18 17:00:00,0.066,False,0.0,0.01150415265250745,0.044826340631875926,False
2014-02-18 17:05:00,0.134,False,0.029850746268656716,0.01220863705382671,0.044826340631875926,False
2014-02-18 17:10:00,0.134,False,0.029850746268656716,0.01122907920254578,0.044826340631875926,False
2014-02-18 17:15:00,0.134,False,0.029850746268656716,0.011215463204416727,0.044826340631875926,False
2014-02-18 17:20:00,0.134,False,0.029850746268656716,0.011202005158596335,0.044826340631875926,False
2014-02-18 17:25:00,0.066,False,0.0,0.011191515982879296,0.044826340631875926,False
2014-02-18 17:30:00,0.134,False,0.029850746268656716,0.011808909810992281,0.044826340631875926,False
2014-02-18 17:35:00,0.132,False,0.02897278314310799,0.01123119857383552,0.044826340631875926,False
2014-02-18 17:40:00,0.134,False,0.029850746268656716,0.011178479267391657,0.044826340631875926,False
2014-02-18 17:45:00,0.134,False,0.029850746268656716,0.011155855331056412,0.044826340631875926,False
2014-02-18 17:50:00,0.134,False,0.029850746268656716,0.011140591016146636,0.044826340631875926,False
2014-02-18 17:55:00,0.132,False,0.02897278314310799,0.011137367460363205,0.044826340631875926,False
2014-02-18 18:00:00,0.134,False,0.029850746268656716,0.011074480648570355,0.044826340631875926,False
2014-02-18 18:05:00,0.132,False,0.02897278314310799,0.01051159886921842,0.044826340631875926,False
2014-02-18 18:10:00,0.066,False,0.0,0.010484667015631256,0.044826340631875926,False
2014-02-18 18:15:00,0.2019999999999999,False,0.05970149253731338,0.011249590899281795,0.044826340631875926,False
2014-02-18 18:20:00,0.134,False,0.029850746268656716,0.011320288550410658,0.044826340631875926,False
2014-02-18 18:25:00,0.134,False,0.029850746268656716,0.010845874468361225,0.044826340631875926,False
2014-02-18 18:30:00,0.066,False,0.0,0.009887180096947607,0.044826340631875926,False
2014-02-18 18:35:00,0.136,False,0.030728709394205442,0.010255968749069625,0.044826340631875926,False
2014-02-18 18:40:00,0.134,False,0.029850746268656716,0.010324649363788884,0.044826340631875926,False
2014-02-18 18:45:00,0.134,False,0.029850746268656716,0.010278783527546048,0.044826340631875926,False
2014-02-18 18:50:00,0.132,False,0.02897278314310799,0.009769051520381189,0.044826340631875926,False
2014-02-18 18:55:00,0.132,False,0.02897278314310799,0.009775653550385517,0.044826340631875926,False
2014-02-18 19:00:00,0.134,False,0.029850746268656716,0.009714613249266497,0.044826340631875926,False
2014-02-18 19:05:00,0.134,False,0.029850746268656716,0.009204613145376489,0.044826340631875926,False
2014-02-18 19:10:00,0.2,False,0.058823529411764705,0.009253640192429202,0.044826340631875926,False
2014-02-18 19:15:00,0.132,False,0.02897278314310799,0.0093327767521204,0.044826340631875926,False
2014-02-18 19:20:00,0.066,False,0.0,0.009424037556361568,0.044826340631875926,False
2014-02-18 19:25:00,0.132,False,0.02897278314310799,0.010453607685556527,0.044826340631875926,False
2014-02-18 19:30:00,0.134,False,0.029850746268656716,0.010357797457974206,0.044826340631875926,False
2014-02-18 19:35:00,0.134,False,0.029850746268656716,0.009876127752186799,0.044826340631875926,False
2014-02-18 19:40:00,0.132,False,0.02897278314310799,0.00990306358786617,0.044826340631875926,False
2014-02-18 19:45:00,0.066,False,0.0,0.009908118628985892,0.044826340631875926,False
2014-02-18 19:50:00,0.2019999999999999,False,0.05970149253731338,0.010766066683040375,0.044826340631875926,False
2014-02-18 19:55:00,0.134,False,0.029850746268656716,0.010746898535417725,0.044826340631875926,False
2014-02-18 20:00:00,0.066,False,0.0,0.01034147571210872,0.044826340631875926,False
2014-02-18 20:05:00,0.134,False,0.029850746268656716,0.011367282739308687,0.044826340631875926,False
2014-02-18 20:10:00,0.134,False,0.029850746268656716,0.01142821109545424,0.044826340631875926,False
2014-02-18 20:15:00,0.134,False,0.029850746268656716,0.01147017791869436,0.044826340631875926,False
2014-02-18 20:20:00,0.132,False,0.02897278314310799,0.011512092339517615,0.044826340631875926,False
2014-02-18 20:25:00,0.134,False,0.029850746268656716,0.011529398370312858,0.044826340631875926,False
2014-02-18 20:30:00,0.134,False,0.029850746268656716,0.011592982423824014,0.044826340631875926,False
2014-02-18 20:35:00,0.134,False,0.029850746268656716,0.011622803869368573,0.044826340631875926,False
2014-02-18 20:40:00,0.066,False,0.0,0.011615308949367874,0.044826340631875926,False
2014-02-18 20:45:00,0.134,False,0.029850746268656716,0.011920183913426273,0.044826340631875926,False
2014-02-18 20:50:00,0.134,False,0.029850746268656716,0.01091350459128199,0.044826340631875926,False
2014-02-18 20:55:00,0.134,False,0.029850746268656716,0.010910727201099972,0.044826340631875926,False
2014-02-18 21:00:00,0.134,False,0.029850746268656716,0.01084334446062225,0.044826340631875926,False
2014-02-18 21:05:00,0.134,False,0.029850746268656716,0.010294587926583165,0.044826340631875926,False
2014-02-18 21:10:00,0.134,False,0.029850746268656716,0.010254374047142212,0.044826340631875926,False
2014-02-18 21:15:00,0.134,False,0.029850746268656716,0.0102448279907524,0.044826340631875926,False
2014-02-18 21:20:00,0.134,False,0.029850746268656716,0.010237034186742648,0.044826340631875926,False
2014-02-18 21:25:00,0.132,False,0.02897278314310799,0.010259428264217252,0.044826340631875926,False
2014-02-18 21:30:00,0.132,False,0.02897278314310799,0.010258110194421487,0.044826340631875926,False
2014-02-18 21:35:00,0.134,False,0.029850746268656716,0.010227286654235862,0.044826340631875926,False
2014-02-18 21:40:00,0.136,False,0.030728709394205442,0.010223017781994685,0.044826340631875926,False
2014-02-18 21:45:00,0.134,False,0.029850746268656716,0.009294810192972933,0.044826340631875926,False
2014-02-18 21:50:00,0.068,False,0.0008779631255487266,0.009265814139132944,0.044826340631875926,False
2014-02-18 21:55:00,0.198,False,0.057945566286215985,0.009455049829870976,0.044826340631875926,False
2014-02-18 22:00:00,0.066,False,0.0,0.009523629103120844,0.044826340631875926,False
2014-02-18 22:05:00,0.134,False,0.029850746268656716,0.010491761993066256,0.044826340631875926,False
2014-02-18 22:10:00,0.134,False,0.029850746268656716,0.0105219589478729,0.044826340631875926,False
2014-02-18 22:15:00,0.134,False,0.029850746268656716,0.010515251057535922,0.044826340631875926,False
2014-02-18 22:20:00,0.134,False,0.029850746268656716,0.010016448555401375,0.044826340631875926,False
2014-02-18 22:25:00,0.068,False,0.0008779631255487266,0.009073140891582284,0.044826340631875926,False
2014-02-18 22:30:00,0.134,False,0.029850746268656716,0.009816023677463221,0.044826340631875926,False
2014-02-18 22:35:00,0.132,False,0.02897278314310799,0.009266542574461087,0.044826340631875926,False
2014-02-18 22:40:00,0.068,False,0.0008779631255487266,0.009254906141957692,0.044826340631875926,False
2014-02-18 22:45:00,0.136,False,0.030728709394205442,0.009960010262216552,0.044826340631875926,False
2014-02-18 22:50:00,0.134,False,0.029850746268656716,0.009983104632179099,0.044826340631875926,False
2014-02-18 22:55:00,0.134,False,0.029850746268656716,0.010020218759650874,0.044826340631875926,False
2014-02-18 23:00:00,0.132,False,0.02897278314310799,0.010028851250683157,0.044826340631875926,False
2014-02-18 23:05:00,0.132,False,0.02897278314310799,0.010016220910728133,0.044826340631875926,False
2014-02-18 23:10:00,0.134,False,0.029850746268656716,0.0099298947670911,0.044826340631875926,False
2014-02-18 23:15:00,0.066,False,0.0,0.009363419821069953,0.044826340631875926,False
2014-02-18 23:20:00,0.134,False,0.029850746268656716,0.010076356541996621,0.044826340631875926,False
2014-02-18 23:25:00,0.134,False,0.029850746268656716,0.010036184191093266,0.044826340631875926,False
2014-02-18 23:30:00,0.134,False,0.029850746268656716,0.010000826094930792,0.044826340631875926,False
2014-02-18 23:35:00,0.068,False,0.0008779631255487266,0.009966077518349313,0.044826340631875926,False
2014-02-18 23:40:00,0.134,False,0.029850746268656716,0.01059497722443918,0.044826340631875926,False
2014-02-18 23:45:00,0.132,False,0.02897278314310799,0.01055228899873276,0.044826340631875926,False
2014-02-18 23:50:00,0.066,False,0.0,0.010495172049179735,0.044826340631875926,False
2014-02-18 23:55:00,0.138,False,0.03160667251975417,0.011123971474423178,0.044826340631875926,False
2014-02-19 00:00:00,0.198,False,0.057945566286215985,0.011182473594187066,0.044826340631875926,False
2014-02-19 00:05:00,0.134,False,0.029850746268656716,0.011535809649591177,0.044826340631875926,False
2014-02-19 00:10:00,0.132,False,0.02897278314310799,0.011579191834792028,0.044826340631875926,False
2014-02-19 00:15:00,0.132,False,0.02897278314310799,0.01156592634129034,0.044826340631875926,False
2014-02-19 00:20:00,0.134,False,0.029850746268656716,0.011506040569722983,0.044826340631875926,False
2014-02-19 00:25:00,0.134,False,0.029850746268656716,0.011037377023593547,0.044826340631875926,False
2014-02-19 00:30:00,0.134,False,0.029850746268656716,0.01006938352044873,0.044826340631875926,False
2014-02-19 00:35:00,0.068,False,0.0008779631255487266,0.009568686708197415,0.044826340631875926,False
2014-02-19 00:40:00,0.134,False,0.029850746268656716,0.010339696429242486,0.044826340631875926,False
2014-02-19 00:45:00,0.134,False,0.029850746268656716,0.010338016074965194,0.044826340631875926,False
2014-02-19 00:50:00,0.066,False,0.0,0.010348096896777346,0.044826340631875926,False
2014-02-19 00:55:00,0.2,False,0.058823529411764705,0.011042492599535882,0.044826340631875926,False
2014-02-19 01:00:00,0.132,False,0.02897278314310799,0.010726582999418867,0.044826340631875926,False
2014-02-19 01:05:00,0.066,False,0.0,0.010760706480737486,0.044826340631875926,False
2014-02-19 01:10:00,0.132,False,0.02897278314310799,0.011615339328417972,0.044826340631875926,False
2014-02-19 01:15:00,0.134,False,0.029850746268656716,0.011099574275702928,0.044826340631875926,False
2014-02-19 01:20:00,0.134,False,0.029850746268656716,0.0110926630014141,0.044826340631875926,False
2014-02-19 01:25:00,0.066,False,0.0,0.01111813492218252,0.044826340631875926,False
2014-02-19 01:30:00,0.134,False,0.029850746268656716,0.011883210309421086,0.044826340631875926,False
2014-02-19 01:35:00,0.134,False,0.029850746268656716,0.011924955841968253,0.044826340631875926,False
2014-02-19 01:40:00,0.066,False,0.0,0.01197850309418095,0.044826340631875926,False
2014-02-19 01:45:00,0.134,False,0.029850746268656716,0.012642615787926944,0.044826340631875926,False
2014-02-19 01:50:00,0.134,False,0.029850746268656716,0.012091477986240912,0.044826340631875926,False
2014-02-19 01:55:00,0.134,False,0.029850746268656716,0.01210806670393996,0.044826340631875926,False
2014-02-19 02:00:00,0.134,False,0.029850746268656716,0.012128034880821432,0.044826340631875926,False
2014-02-19 02:05:00,0.068,False,0.0008779631255487266,0.01207487877564085,0.044826340631875926,False
2014-02-19 02:10:00,0.132,False,0.02897278314310799,0.012216225168173044,0.044826340631875926,False
2014-02-19 02:15:00,0.134,False,0.029850746268656716,0.012188743275473311,0.044826340631875926,False
2014-02-19 02:20:00,0.134,False,0.029850746268656716,0.01213843595342291,0.044826340631875926,False
2014-02-19 02:25:00,0.132,False,0.02897278314310799,0.011551247151578884,0.044826340631875926,False
2014-02-19 02:30:00,0.066,False,0.0,0.011439651201070572,0.044826340631875926,False
2014-02-19 02:35:00,0.134,False,0.029850746268656716,0.011153808123120565,0.044826340631875926,False
2014-02-19 02:40:00,0.132,False,0.02897278314310799,0.011121314713109431,0.044826340631875926,False
2014-02-19 02:45:00,0.066,False,0.0,0.01110333062584092,0.044826340631875926,False
2014-02-19 02:50:00,0.136,False,0.030728709394205442,0.011761615653259293,0.044826340631875926,False
2014-02-19 02:55:00,0.132,False,0.02897278314310799,0.011781675153392028,0.044826340631875926,False
2014-02-19 03:00:00,0.134,False,0.029850746268656716,0.011769128011587,0.044826340631875926,False
2014-02-19 03:05:00,0.066,False,0.0,0.011705357995552557,0.044826340631875926,False
2014-02-19 03:10:00,0.132,False,0.02897278314310799,0.011818108492510986,0.044826340631875926,False
2014-02-19 03:15:00,0.132,False,0.02897278314310799,0.011805522235157824,0.044826340631875926,False
2014-02-19 03:20:00,0.068,False,0.0008779631255487266,0.011716844439931715,0.044826340631875926,False
2014-02-19 03:25:00,0.134,False,0.029850746268656716,0.011746617651416135,0.044826340631875926,False
2014-02-19 03:30:00,0.134,False,0.029850746268656716,0.01079987488896361,0.044826340631875926,False
2014-02-19 03:35:00,1.444,False,0.6049165935030728,0.01076622781018599,0.044826340631875926,False
2014-02-19 03:40:00,0.134,False,0.029850746268656716,0.029656068685025475,0.044826340631875926,False
2014-02-19 03:45:00,0.066,False,0.0,0.037864026619856786,0.044826340631875926,False
2014-02-19 03:50:00,0.134,False,0.029850746268656716,0.05102328757450468,0.044826340631875926,True
2014-02-19 03:55:00,0.132,False,0.02897278314310799,0.05226334766559749,0.044826340631875926,True
2014-02-19 04:00:00,0.134,False,0.029850746268656716,0.049329964242895194,0.044826340631875926,True
2014-02-19 04:05:00,0.134,False,0.029850746268656716,0.048074557741502676,0.044826340631875926,True
2014-02-19 04:10:00,0.132,False,0.02897278314310799,0.045853500487923374,0.044826340631875926,True
2014-02-19 04:15:00,0.132,False,0.02897278314310799,0.043062447011307264,0.044826340631875926,False
2014-02-19 04:20:00,0.066,False,0.0,0.042130363894474415,0.044826340631875926,False
2014-02-19 04:25:00,0.134,False,0.029850746268656716,0.042104482897910286,0.044826340631875926,False
2014-02-19 04:30:00,0.134,False,0.029850746268656716,0.042307059651904115,0.044826340631875926,False
2014-02-19 04:35:00,0.066,False,0.0,0.042463701092991045,0.044826340631875926,False
2014-02-19 04:40:00,0.2,False,0.058823529411764705,0.04193045278896112,0.044826340631875926,False
2014-02-19 04:45:00,0.132,False,0.02897278314310799,0.044501720136317695,0.044826340631875926,False
2014-02-19 04:50:00,0.132,False,0.02897278314310799,0.04392132350391626,0.044826340631875926,False
2014-02-19 04:55:00,0.134,False,0.029850746268656716,0.04459798684186158,0.044826340631875926,False
2014-02-19 05:00:00,0.066,False,0.0,0.04583370200815407,0.044826340631875926,True
2014-02-19 05:05:00,0.132,False,0.02897278314310799,0.045215334398642004,0.044826340631875926,True
2014-02-19 05:10:00,0.134,False,0.029850746268656716,0.04639901727348574,0.044826340631875926,True
2014-02-19 05:15:00,0.068,False,0.0008779631255487266,0.04783000360573632,0.044826340631875926,True
2014-02-19 05:20:00,0.132,False,0.02897278314310799,0.04754922871698944,0.044826340631875926,True
2014-02-19 05:25:00,0.134,False,0.029850746268656716,0.04730452625612426,0.044826340631875926,True
2014-02-19 05:30:00,0.066,False,0.0,0.046370415603712016,0.044826340631875926,True
2014-02-19 05:35:00,0.132,False,0.02897278314310799,0.045461677607581706,0.044826340631875926,True
2014-02-19 05:40:00,0.134,False,0.029850746268656716,0.0437838240374258,0.044826340631875926,False
2014-02-19 05:45:00,0.132,False,0.02897278314310799,0.04411839359108209,0.044826340631875926,False
2014-02-19 05:50:00,0.132,False,0.02897278314310799,0.04485265850597807,0.044826340631875926,True
2014-02-19 05:55:00,0.134,False,0.029850746268656716,0.044852369445473404,0.044826340631875926,True
2014-02-19 06:00:00,0.132,False,0.02897278314310799,0.045681344884545054,0.044826340631875926,True
2014-02-19 06:05:00,0.066,False,0.0,0.046091603708173015,0.044826340631875926,True
2014-02-19 06:10:00,0.2019999999999999,False,0.05970149253731338,0.01109742917892334,0.044826340631875926,False
2014-02-19 06:15:00,0.066,False,0.0,0.011244337390950187,0.044826340631875926,False
2014-02-19 06:20:00,0.132,False,0.02897278314310799,0.011575918836981917,0.044826340631875926,False
2014-02-19 06:25:00,0.134,False,0.029850746268656716,0.011557598612801366,0.044826340631875926,False
2014-02-19 06:30:00,0.134,False,0.029850746268656716,0.011603617177497215,0.044826340631875926,False
2014-02-19 06:35:00,0.134,False,0.029850746268656716,0.011621871410400534,0.044826340631875926,False
2014-02-19 06:40:00,0.066,False,0.0,0.011640473585417732,0.044826340631875926,False
2014-02-19 06:45:00,0.134,False,0.029850746268656716,0.012439507655068934,0.044826340631875926,False
2014-02-19 06:50:00,0.134,False,0.029850746268656716,0.012406658098856044,0.044826340631875926,False
2014-02-19 06:55:00,0.132,False,0.02897278314310799,0.011864670417289265,0.044826340631875926,False
2014-02-19 07:00:00,0.066,False,0.0,0.011851353444244064,0.044826340631875926,False
2014-02-19 07:05:00,0.132,False,0.02897278314310799,0.012508617626393537,0.044826340631875926,False
2014-02-19 07:10:00,0.134,False,0.029850746268656716,0.011911774308573072,0.044826340631875926,False
2014-02-19 07:15:00,0.132,False,0.02897278314310799,0.010950078603391549,0.044826340631875926,False
2014-02-19 07:20:00,0.2,False,0.058823529411764705,0.010962126626833978,0.044826340631875926,False
2014-02-19 07:25:00,0.134,False,0.029850746268656716,0.011276715308512845,0.044826340631875926,False
2014-02-19 07:30:00,0.066,False,0.0,0.011245038916752334,0.044826340631875926,False
2014-02-19 07:35:00,0.134,False,0.029850746268656716,0.011617096821552117,0.044826340631875926,False
2014-02-19 07:40:00,0.134,False,0.029850746268656716,0.011656357523382038,0.044826340631875926,False
2014-02-19 07:45:00,0.132,False,0.02897278314310799,0.011598787259638638,0.044826340631875926,False
2014-02-19 07:50:00,0.132,False,0.02897278314310799,0.011091176308593378,0.044826340631875926,False
2014-02-19 07:55:00,0.134,False,0.029850746268656716,0.011112508252164944,0.044826340631875926,False
2014-02-19 08:00:00,0.066,False,0.0,0.01106053747226916,0.044826340631875926,False
2014-02-19 08:05:00,0.134,False,0.029850746268656716,0.011301907660962368,0.044826340631875926,False
2014-02-19 08:10:00,0.132,False,0.02897278314310799,0.01131500862925843,0.044826340631875926,False
2014-02-19 08:15:00,0.066,False,0.0,0.011289500457446998,0.044826340631875926,False
2014-02-19 08:20:00,0.134,False,0.029850746268656716,0.012020078716750008,0.044826340631875926,False
2014-02-19 08:25:00,0.066,False,0.0,0.012049109833508525,0.044826340631875926,False
2014-02-19 08:30:00,0.134,False,0.029850746268656716,0.01274443816269328,0.044826340631875926,False
2014-02-19 08:35:00,0.132,False,0.02897278314310799,0.012718248183770606,0.044826340631875926,False
2014-02-19 08:40:00,0.134,False,0.029850746268656716,0.01213652519838988,0.044826340631875926,False
2014-02-19 08:45:00,0.066,False,0.0,0.011085227205106516,0.044826340631875926,False
2014-02-19 08:50:00,0.134,False,0.029850746268656716,0.011165659761676093,0.044826340631875926,False
2014-02-19 08:55:00,0.2,False,0.058823529411764705,0.011191251690431068,0.044826340631875926,False
2014-02-19 09:00:00,0.068,False,0.0008779631255487266,0.011539389910369907,0.044826340631875926,False
2014-02-19 09:05:00,0.134,False,0.029850746268656716,0.012358032497022716,0.044826340631875926,False
2014-02-19 09:10:00,0.134,False,0.029850746268656716,0.01230479145522333,0.044826340631875926,False
2014-02-19 09:15:00,0.132,False,0.02897278314310799,0.01178153385030733,0.044826340631875926,False
2014-02-19 09:20:00,0.134,False,0.029850746268656716,0.011778021096269619,0.044826340631875926,False
2014-02-19 09:25:00,0.136,False,0.030728709394205442,0.011797694354335796,0.044826340631875926,False
2014-02-19 09:30:00,0.066,False,0.0,0.011794205354720151,0.044826340631875926,False
2014-02-19 09:35:00,0.134,False,0.029850746268656716,0.012001939090162311,0.044826340631875926,False
2014-02-19 09:40:00,0.134,False,0.029850746268656716,0.012017753497823604,0.044826340631875926,False
2014-02-19 09:45:00,0.066,False,0.0,0.012008987827663152,0.044826340631875926,False
2014-02-19 09:50:00,0.134,False,0.029850746268656716,0.01272422018819885,0.044826340631875926,False
2014-02-19 09:55:00,0.134,False,0.029850746268656716,0.01175758375467082,0.044826340631875926,False
2014-02-19 10:00:00,0.132,False,0.02897278314310799,0.011681605217270257,0.044826340631875926,False
2014-02-19 10:05:00,0.134,False,0.029850746268656716,0.011080809925236666,0.044826340631875926,False
2014-02-19 10:10:00,0.068,False,0.0008779631255487266,0.011066679650781914,0.044826340631875926,False
2014-02-19 10:15:00,0.134,False,0.029850746268656716,0.011693946810486652,0.044826340631875926,False
2014-02-19 10:20:00,0.068,False,0.0008779631255487266,0.011720260514236953,0.044826340631875926,False
2014-02-19 10:25:00,0.134,False,0.029850746268656716,0.012378251935140862,0.044826340631875926,False
2014-02-19 10:30:00,0.134,False,0.029850746268656716,0.012324269622660254,0.044826340631875926,False
2014-02-19 10:35:00,0.066,False,0.0,0.011762778494176734,0.044826340631875926,False
2014-02-19 10:40:00,0.134,False,0.029850746268656716,0.012425730139113042,0.044826340631875926,False
2014-02-19 10:45:00,0.134,False,0.029850746268656716,0.01240867016374201,0.044826340631875926,False
2014-02-19 10:50:00,0.134,False,0.029850746268656716,0.011852217117858131,0.044826340631875926,False
2014-02-19 10:55:00,0.134,False,0.029850746268656716,0.01179382431001683,0.044826340631875926,False
2014-02-19 11:00:00,0.134,False,0.029850746268656716,0.011224874156945045,0.044826340631875926,False
2014-02-19 11:05:00,0.134,False,0.029850746268656716,0.011227114484442368,0.044826340631875926,False
2014-02-19 11:10:00,0.066,False,0.0,0.011262992684769458,0.044826340631875926,False
2014-02-19 11:15:00,0.132,False,0.02897278314310799,0.011893669904676012,0.044826340631875926,False
2014-02-19 11:20:00,0.134,False,0.029850746268656716,0.011278139288955026,0.044826340631875926,False
2014-02-19 11:25:00,0.134,False,0.029850746268656716,0.011269357537958121,0.044826340631875926,False
2014-02-19 11:30:00,0.066,False,0.0,0.010228844499992262,0.044826340631875926,False
2014-02-19 11:35:00,0.134,False,0.029850746268656716,0.010329932106436955,0.044826340631875926,False
2014-02-19 11:40:00,0.134,False,0.029850746268656716,0.010301120897533161,0.044826340631875926,False
2014-02-19 11:45:00,0.134,False,0.029850746268656716,0.0102819316788531,0.044826340631875926,False
2014-02-19 11:50:00,0.134,False,0.029850746268656716,0.010301316466824606,0.044826340631875926,False
2014-02-19 11:55:00,0.134,False,0.029850746268656716,0.010300217319922046,0.044826340631875926,False
2014-02-19 12:00:00,0.132,False,0.02897278314310799,0.0101981903815286,0.044826340631875926,False
2014-02-19 12:05:00,0.068,False,0.0008779631255487266,0.009600149507053521,0.044826340631875926,False
2014-02-19 12:10:00,0.134,False,0.029850746268656716,0.010271393097849885,0.044826340631875926,False
2014-02-19 12:15:00,0.132,False,0.02897278314310799,0.010184480709246994,0.044826340631875926,False
2014-02-19 12:20:00,0.066,False,0.0,0.009573726350305841,0.044826340631875926,False
2014-02-19 12:25:00,0.136,False,0.030728709394205442,0.010231313577212364,0.044826340631875926,False
2014-02-19 12:30:00,0.134,False,0.029850746268656716,0.010255793258460565,0.044826340631875926,False
2014-02-19 12:35:00,0.134,False,0.029850746268656716,0.010303493046668107,0.044826340631875926,False
2014-02-19 12:40:00,0.066,False,0.0,0.010251826498813364,0.044826340631875926,False
2014-02-19 12:45:00,0.134,False,0.029850746268656716,0.010413219725491274,0.044826340631875926,False
2014-02-19 12:50:00,0.134,False,0.029850746268656716,0.01034312230388489,0.044826340631875926,False
2014-02-19 12:55:00,0.134,False,0.029850746268656716,0.00978973926128675,0.044826340631875926,False
2014-02-19 13:00:00,0.132,False,0.02897278314310799,0.00978710597775111,0.044826340631875926,False
2014-02-19 13:05:00,0.134,False,0.029850746268656716,0.009685414191308183,0.044826340631875926,False
2014-02-19 13:10:00,0.132,False,0.02897278314310799,0.00909903520548687,0.044826340631875926,False
2014-02-19 13:15:00,0.134,False,0.029850746268656716,0.009057488355088954,0.044826340631875926,False
2014-02-19 13:20:00,0.066,False,0.0,0.009041722802369518,0.044826340631875926,False
2014-02-19 13:25:00,0.134,False,0.029850746268656716,0.009737247392264833,0.044826340631875926,False
2014-02-19 13:30:00,0.134,False,0.029850746268656716,0.009718891148495504,0.044826340631875926,False
2014-02-19 13:35:00,0.134,False,0.029850746268656716,0.009715882417785952,0.044826340631875926,False
2014-02-19 13:40:00,0.134,False,0.029850746268656716,0.009640013155567477,0.044826340631875926,False
2014-02-19 13:45:00,0.134,False,0.029850746268656716,0.009058555650759463,0.044826340631875926,False
2014-02-19 13:50:00,0.132,False,0.02897278314310799,0.009068007448855496,0.044826340631875926,False
2014-02-19 13:55:00,0.132,False,0.02897278314310799,0.00903149793599916,0.044826340631875926,False
2014-02-19 14:00:00,0.066,False,0.0,0.008926482135111087,0.044826340631875926,False
2014-02-19 14:05:00,0.134,False,0.029850746268656716,0.009078775293185308,0.044826340631875926,False
2014-02-19 14:10:00,0.134,False,0.029850746268656716,0.009035644627167775,0.044826340631875926,False
2014-02-19 14:15:00,0.134,False,0.029850746268656716,0.009008657444570457,0.044826340631875926,False
2014-02-19 14:20:00,0.134,False,0.029850746268656716,0.008993095168524973,0.044826340631875926,False
2014-02-19 14:25:00,0.134,False,0.029850746268656716,0.008988201316748054,0.044826340631875926,False
2014-02-19 14:30:00,0.066,False,0.0,0.008993077162955197,0.044826340631875926,False
2014-02-19 14:35:00,0.134,False,0.029850746268656716,0.009706763528017033,0.044826340631875926,False
2014-02-19 14:40:00,0.134,False,0.029850746268656716,0.009148183084570823,0.044826340631875926,False
2014-02-19 14:45:00,0.136,False,0.030728709394205442,0.009149272856159466,0.044826340631875926,False
2014-02-19 14:50:00,0.134,False,0.029850746268656716,0.009132466812961223,0.044826340631875926,False
2014-02-19 14:55:00,0.134,False,0.029850746268656716,0.008561876290394682,0.044826340631875926,False
2014-02-19 15:00:00,0.134,False,0.029850746268656716,0.008523338046529974,0.044826340631875926,False
2014-02-19 15:05:00,0.066,False,0.0,0.00851918962534178,0.044826340631875926,False
2014-02-19 15:10:00,0.2,False,0.058823529411764705,0.009208618398545374,0.044826340631875926,False
2014-02-19 15:15:00,0.134,False,0.029850746268656716,0.00870395970958993,0.044826340631875926,False
2014-02-19 15:20:00,0.134,False,0.029850746268656716,0.008767892582898586,0.044826340631875926,False
2014-02-19 15:25:00,0.134,False,0.029850746268656716,0.008823385003889848,0.044826340631875926,False
2014-02-19 15:30:00,0.066,False,0.0,0.008872871636038272,0.044826340631875926,False
2014-02-19 15:35:00,0.132,False,0.02897278314310799,0.009792752322414602,0.044826340631875926,False
2014-02-19 15:40:00,0.132,False,0.02897278314310799,0.009776954740647825,0.044826340631875926,False
2014-02-19 15:45:00,0.134,False,0.029850746268656716,0.009803586778903358,0.044826340631875926,False
2014-02-19 15:50:00,0.134,False,0.029850746268656716,0.009753813796107324,0.044826340631875926,False
2014-02-19 15:55:00,0.134,False,0.029850746268656716,0.00923188525059347,0.044826340631875926,False
2014-02-19 16:00:00,0.066,False,0.0,0.009246501364991314,0.044826340631875926,False
2014-02-19 16:05:00,0.134,False,0.029850746268656716,0.010011221359535407,0.044826340631875926,False
2014-02-19 16:10:00,0.132,False,0.02897278314310799,0.009996854280794016,0.044826340631875926,False
2014-02-19 16:15:00,0.132,False,0.02897278314310799,0.00996956324713391,0.044826340631875926,False
2014-02-19 16:20:00,0.066,False,0.0,0.009944911271209406,0.044826340631875926,False
2014-02-19 16:25:00,0.132,False,0.02897278314310799,0.010714045912572467,0.044826340631875926,False
2014-02-19 16:30:00,0.134,False,0.029850746268656716,0.010640055314251506,0.044826340631875926,False
2014-02-19 16:35:00,0.066,False,0.0,0.01006047318266791,0.044826340631875926,False
2014-02-19 16:40:00,0.2,False,0.058823529411764705,0.01072795260752114,0.044826340631875926,False
2014-02-19 16:45:00,0.066,False,0.0,0.010974497752760739,0.044826340631875926,False
2014-02-19 16:50:00,0.132,False,0.02897278314310799,0.011835693080280216,0.044826340631875926,False
2014-02-19 16:55:00,0.132,False,0.02897278314310799,0.01183955863620764,0.044826340631875926,False
2014-02-19 17:00:00,0.134,False,0.029850746268656716,0.011767305583819278,0.044826340631875926,False
2014-02-19 17:05:00,0.132,False,0.02897278314310799,0.011246397146965488,0.044826340631875926,False
2014-02-19 17:10:00,0.134,False,0.029850746268656716,0.01124676676630049,0.044826340631875926,False
2014-02-19 17:15:00,0.134,False,0.029850746268656716,0.011268340294947912,0.044826340631875926,False
2014-02-19 17:20:00,0.2,False,0.058823529411764705,0.011257387204861599,0.044826340631875926,False
2014-02-19 17:25:00,0.066,False,0.0,0.011505906133077663,0.044826340631875926,False
2014-02-19 17:30:00,0.2019999999999999,False,0.05970149253731338,0.01249845438937468,0.044826340631875926,False
2014-02-19 17:35:00,0.066,False,0.0,0.012628503738067669,0.044826340631875926,False
2014-02-19 17:40:00,0.134,False,0.029850746268656716,0.013251330118101956,0.044826340631875926,False
2014-02-19 17:45:00,0.132,False,0.02897278314310799,0.012305806270635088,0.044826340631875926,False
2014-02-19 17:50:00,0.134,False,0.029850746268656716,0.012312662613790458,0.044826340631875926,False
2014-02-19 17:55:00,0.134,False,0.029850746268656716,0.01233668477575106,0.044826340631875926,False
2014-02-19 18:00:00,0.132,False,0.02897278314310799,0.012279824179809514,0.044826340631875926,False
2014-02-19 18:05:00,0.134,False,0.029850746268656716,0.011804501756258197,0.044826340631875926,False
2014-02-19 18:10:00,0.134,False,0.029850746268656716,0.011868203342678267,0.044826340631875926,False
2014-02-19 18:15:00,0.134,False,0.029850746268656716,0.0119280442865857,0.044826340631875926,False
2014-02-19 18:20:00,0.134,False,0.029850746268656716,0.011954952679293205,0.044826340631875926,False
2014-02-19 18:25:00,0.132,False,0.02897278314310799,0.011975225212392061,0.044826340631875926,False
2014-02-19 18:30:00,0.134,False,0.029850746268656716,0.011915736432594177,0.044826340631875926,False
2014-02-19 18:35:00,0.134,False,0.029850746268656716,0.011431723767561729,0.044826340631875926,False
2014-02-19 18:40:00,0.134,False,0.029850746268656716,0.01144886910571954,0.044826340631875926,False
2014-02-19 18:45:00,0.132,False,0.02897278314310799,0.011491465432482705,0.044826340631875926,False
2014-02-19 18:50:00,0.132,False,0.02897278314310799,0.011452613448637471,0.044826340631875926,False
2014-02-19 18:55:00,0.132,False,0.02897278314310799,0.010927312095824787,0.044826340631875926,False
2014-02-19 19:00:00,0.134,False,0.029850746268656716,0.010940533523623059,0.044826340631875926,False
2014-02-19 19:05:00,0.134,False,0.029850746268656716,0.010886849420630841,0.044826340631875926,False
2014-02-19 19:10:00,0.2019999999999999,False,0.05970149253731338,0.010387748398567044,0.044826340631875926,False
2014-02-19 19:15:00,0.066,False,0.0,0.009176787085512816,0.044826340631875926,False
2014-02-19 19:20:00,0.134,False,0.029850746268656716,0.009853110434789997,0.044826340631875926,False
2014-02-19 19:25:00,0.132,False,0.02897278314310799,0.009938865491424273,0.044826340631875926,False
2014-02-19 19:30:00,0.066,False,0.0,0.01001710999873705,0.044826340631875926,False
2014-02-19 19:35:00,0.134,False,0.029850746268656716,0.010937251463883494,0.044826340631875926,False
2014-02-19 19:40:00,0.132,False,0.02897278314310799,0.010986282857108223,0.044826340631875926,False
2014-02-19 19:45:00,0.134,False,0.029850746268656716,0.01099889645015535,0.044826340631875926,False
2014-02-19 19:50:00,0.134,False,0.029850746268656716,0.01103442677890596,0.044826340631875926,False
2014-02-19 19:55:00,0.134,False,0.029850746268656716,0.010055757719802072,0.044826340631875926,False
2014-02-19 20:00:00,0.134,False,0.029850746268656716,0.009552416696496908,0.044826340631875926,False
2014-02-19 20:05:00,0.134,False,0.029850746268656716,0.008543571676837617,0.044826340631875926,False
2014-02-19 20:10:00,0.134,False,0.029850746268656716,0.0080251309343657,0.044826340631875926,False
2014-02-19 20:15:00,0.066,False,0.0,0.008038541420646618,0.044826340631875926,False
2014-02-19 20:20:00,0.2,False,0.058823529411764705,0.008864750613790698,0.044826340631875926,False
2014-02-19 20:25:00,0.066,False,0.0,0.008872524084496607,0.044826340631875926,False
2014-02-19 20:30:00,0.134,False,0.029850746268656716,0.009886425704784409,0.044826340631875926,False
2014-02-19 20:35:00,0.132,False,0.02897278314310799,0.0099325538551032,0.044826340631875926,False
2014-02-19 20:40:00,0.132,False,0.02897278314310799,0.009937460505492702,0.044826340631875926,False
2014-02-19 20:45:00,0.066,False,0.0,0.009941498976978142,0.044826340631875926,False
2014-02-19 20:50:00,0.2019999999999999,False,0.05970149253731338,0.010759328386397744,0.044826340631875926,False
2014-02-19 20:55:00,0.134,False,0.029850746268656716,0.010960659426482996,0.044826340631875926,False
2014-02-19 21:00:00,0.132,False,0.02897278314310799,0.011080531250464131,0.044826340631875926,False
2014-02-19 21:05:00,0.132,False,0.02897278314310799,0.01113268103900798,0.044826340631875926,False
2014-02-19 21:10:00,0.134,False,0.029850746268656716,0.011177827716407922,0.044826340631875926,False
2014-02-19 21:15:00,0.134,False,0.029850746268656716,0.011238874358969675,0.044826340631875926,False
2014-02-19 21:20:00,0.134,False,0.029850746268656716,0.011320371098351954,0.044826340631875926,False
2014-02-19 21:25:00,0.134,False,0.029850746268656716,0.01139317332061848,0.044826340631875926,False
2014-02-19 21:30:00,0.066,False,0.0,0.011457896381638388,0.044826340631875926,False
2014-02-19 21:35:00,0.134,False,0.029850746268656716,0.012319529741208797,0.044826340631875926,False
2014-02-19 21:40:00,0.134,False,0.029850746268656716,0.012314544247290537,0.044826340631875926,False
2014-02-19 21:45:00,0.134,False,0.029850746268656716,0.011263580474635115,0.044826340631875926,False
2014-02-19 21:50:00,0.134,False,0.029850746268656716,0.0107381179945678,0.044826340631875926,False
2014-02-19 21:55:00,0.132,False,0.02897278314310799,0.010738207401534961,0.044826340631875926,False
2014-02-19 22:00:00,0.134,False,0.029850746268656716,0.010681909510693002,0.044826340631875926,False
2014-02-19 22:05:00,0.134,False,0.029850746268656716,0.010152084094804469,0.044826340631875926,False
2014-02-19 22:10:00,0.066,False,0.0,0.010151935828250589,0.044826340631875926,False
2014-02-19 22:15:00,0.134,False,0.029850746268656716,0.010933744900619767,0.044826340631875926,False
2014-02-19 22:20:00,0.134,False,0.029850746268656716,0.010905633611674886,0.044826340631875926,False
2014-02-19 22:25:00,0.134,False,0.029850746268656716,0.01089526588042158,0.044826340631875926,False
2014-02-19 22:30:00,0.066,False,0.0,0.010892747149562617,0.044826340631875926,False
2014-02-19 22:35:00,0.134,False,0.029850746268656716,0.011620828789844995,0.044826340631875926,False
2014-02-19 22:40:00,0.132,False,0.02897278314310799,0.011627134402468686,0.044826340631875926,False
2014-02-19 22:45:00,0.134,False,0.029850746268656716,0.011550896903753433,0.044826340631875926,False
2014-02-19 22:50:00,0.134,False,0.029850746268656716,0.011001454667946744,0.044826340631875926,False
2014-02-19 22:55:00,0.134,False,0.029850746268656716,0.009991618340089803,0.044826340631875926,False
2014-02-19 23:00:00,0.066,False,0.0,0.00942807563215075,0.044826340631875926,False
2014-02-19 23:05:00,0.2019999999999999,False,0.05970149253731338,0.010155874336634958,0.044826340631875926,False
2014-02-19 23:10:00,0.134,False,0.029850746268656716,0.010277697180400803,0.044826340631875926,False
2014-02-19 23:15:00,0.066,False,0.0,0.010285389585977045,0.044826340631875926,False
2014-02-19 23:20:00,0.134,False,0.029850746268656716,0.010671667793080455,0.044826340631875926,False
2014-02-19 23:25:00,0.134,False,0.029850746268656716,0.00969664263513123,0.044826340631875926,False
2014-02-19 23:30:00,0.136,False,0.030728709394205442,0.00971985727833147,0.044826340631875926,False
2014-02-19 23:35:00,0.066,False,0.0,0.009795672382765826,0.044826340631875926,False
2014-02-19 23:40:00,0.134,False,0.029850746268656716,0.010607149604983778,0.044826340631875926,False
2014-02-19 23:45:00,0.132,False,0.02897278314310799,0.01060827520144746,0.044826340631875926,False
2014-02-19 23:50:00,0.134,False,0.029850746268656716,0.010592359279625534,0.044826340631875926,False
2014-02-19 23:55:00,0.128,False,0.027216856892010536,0.010601780104173144,0.044826340631875926,False
2014-02-20 00:00:00,0.068,False,0.0008779631255487266,0.010472999948311572,0.044826340631875926,False
2014-02-20 00:05:00,0.134,False,0.029850746268656716,0.010603372823748977,0.044826340631875926,False
2014-02-20 00:10:00,0.136,False,0.030728709394205442,0.010580278072808175,0.044826340631875926,False
2014-02-20 00:15:00,0.134,False,0.029850746268656716,0.01059164845749609,0.044826340631875926,False
2014-02-20 00:20:00,0.198,False,0.057945566286215985,0.010583251591075185,0.044826340631875926,False
2014-02-20 00:25:00,0.134,False,0.029850746268656716,0.010841363709052558,0.044826340631875926,False
2014-02-20 00:30:00,0.134,False,0.029850746268656716,0.010920860464249936,0.044826340631875926,False
2014-02-20 00:35:00,0.068,False,0.0008779631255487266,0.010956241967653123,0.044826340631875926,False
2014-02-20 00:40:00,0.134,False,0.029850746268656716,0.01173973445351845,0.044826340631875926,False
2014-02-20 00:45:00,0.134,False,0.029850746268656716,0.011208757426222318,0.044826340631875926,False
2014-02-20 00:50:00,0.134,False,0.029850746268656716,0.011216062534233089,0.044826340631875926,False
2014-02-20 00:55:00,0.134,False,0.029850746268656716,0.011228195494294319,0.044826340631875926,False
2014-02-20 01:00:00,0.2019999999999999,False,0.05970149253731338,0.011175867396970742,0.044826340631875926,False
2014-02-20 01:05:00,0.066,False,0.0,0.010790991807999157,0.044826340631875926,False
2014-02-20 01:10:00,0.134,False,0.029850746268656716,0.011854052110712773,0.044826340631875926,False
2014-02-20 01:15:00,0.132,False,0.02897278314310799,0.01191642438937801,0.044826340631875926,False
2014-02-20 01:20:00,0.134,False,0.029850746268656716,0.011934616915087947,0.044826340631875926,False
2014-02-20 01:25:00,0.134,False,0.029850746268656716,0.011967922190031456,0.044826340631875926,False
2014-02-20 01:30:00,0.068,False,0.0008779631255487266,0.01193374948124195,0.044826340631875926,False
2014-02-20 01:35:00,0.136,False,0.030728709394205442,0.012245267515586133,0.044826340631875926,False
2014-02-20 01:40:00,0.132,False,0.02897278314310799,0.011282183767239407,0.044826340631875926,False
2014-02-20 01:45:00,0.134,False,0.029850746268656716,0.011212377858048104,0.044826340631875926,False
2014-02-20 01:50:00,0.066,False,0.0,0.010700310528483309,0.044826340631875926,False
2014-02-20 01:55:00,0.198,False,0.057945566286215985,0.011465587081397994,0.044826340631875926,False
2014-02-20 02:00:00,0.066,False,0.0,0.011715323691285506,0.044826340631875926,False
2014-02-20 02:05:00,0.134,False,0.029850746268656716,0.012544021457335578,0.044826340631875926,False
2014-02-20 02:10:00,0.134,False,0.029850746268656716,0.012038994367641331,0.044826340631875926,False
2014-02-20 02:15:00,0.132,False,0.02897278314310799,0.012065545505009215,0.044826340631875926,False
2014-02-20 02:20:00,0.134,False,0.029850746268656716,0.012099359654607495,0.044826340631875926,False
2014-02-20 02:25:00,0.066,False,0.0,0.012125602027497807,0.044826340631875926,False
2014-02-20 02:30:00,0.198,False,0.057945566286215985,0.012948581935848217,0.044826340631875926,False
2014-02-20 02:35:00,0.066,False,0.0,0.01276831339253235,0.044826340631875926,False
2014-02-20 02:40:00,0.134,False,0.029850746268656716,0.013686857142757958,0.044826340631875926,False
2014-02-20 02:45:00,0.134,False,0.029850746268656716,0.013672542474882655,0.044826340631875926,False
2014-02-20 02:50:00,0.132,False,0.02897278314310799,0.01369316568197494,0.044826340631875926,False
2014-02-20 02:55:00,0.134,False,0.029850746268656716,0.012749655788531593,0.044826340631875926,False
2014-02-20 03:00:00,0.134,False,0.029850746268656716,0.012767752379567116,0.044826340631875926,False
2014-02-20 03:05:00,0.066,False,0.0,0.012716787241787403,0.044826340631875926,False
2014-02-20 03:10:00,0.132,False,0.02897278314310799,0.012989934210365433,0.044826340631875926,False
2014-02-20 03:15:00,0.134,False,0.029850746268656716,0.012952691808731048,0.044826340631875926,False
2014-02-20 03:20:00,0.132,False,0.02897278314310799,0.012946925742318916,0.044826340631875926,False
2014-02-20 03:25:00,0.066,False,0.0,0.012919100502030012,0.044826340631875926,False
2014-02-20 03:30:00,0.136,False,0.030728709394205442,0.013631654573554855,0.044826340631875926,False
2014-02-20 03:35:00,1.598,False,0.6725197541703248,0.012588145781307321,0.044826340631875926,False
2014-02-20 03:40:00,0.066,False,0.0,0.032746307531909734,0.044826340631875926,False
2014-02-20 03:45:00,0.132,False,0.02897278314310799,0.04393584408969306,0.044826340631875926,False
2014-02-20 03:50:00,0.134,False,0.029850746268656716,0.05294010313481249,0.044826340631875926,True
2014-02-20 03:55:00,0.134,False,0.029850746268656716,0.05340510498457592,0.044826340631875926,True
2014-02-20 04:00:00,0.134,False,0.029850746268656716,0.04956990839351478,0.044826340631875926,True
2014-02-20 04:05:00,0.066,False,0.0,0.04566922515471549,0.044826340631875926,True
2014-02-20 04:10:00,0.2,False,0.058823529411764705,0.0433499089476808,0.044826340631875926,False
2014-02-20 04:15:00,0.134,False,0.029850746268656716,0.04264881248742054,0.044826340631875926,False
2014-02-20 04:20:00,0.068,False,0.0008779631255487266,0.0418823301127109,0.044826340631875926,False
2014-02-20 04:25:00,0.134,False,0.029850746268656716,0.04127290354824123,0.044826340631875926,False
2014-02-20 04:30:00,0.134,False,0.029850746268656716,0.040915676310248526,0.044826340631875926,False
2014-02-20 04:35:00,0.066,False,0.0,0.040880773824503065,0.044826340631875926,False
2014-02-20 04:40:00,0.132,False,0.02897278314310799,0.041226658918332,0.044826340631875926,False
2014-02-20 04:45:00,0.134,False,0.029850746268656716,0.04242269080661003,0.044826340631875926,False
2014-02-20 04:50:00,0.134,False,0.029850746268656716,0.04246110883202074,0.044826340631875926,False
2014-02-20 04:55:00,0.132,False,0.02897278314310799,0.043358354235789154,0.044826340631875926,False
2014-02-20 05:00:00,0.134,False,0.029850746268656716,0.044704381931319134,0.044826340631875926,False
2014-02-20 05:05:00,0.132,False,0.02897278314310799,0.04453544114128449,0.044826340631875926,False
2014-02-20 05:10:00,0.066,False,0.0,0.04540144950598435,0.044826340631875926,True
2014-02-20 05:15:00,0.132,False,0.02897278314310799,0.046444395476260454,0.044826340631875926,True
2014-02-20 05:20:00,0.134,False,0.029850746268656716,0.04823629291657819,0.044826340631875926,True
2014-02-20 05:25:00,0.066,False,0.0,0.04830530873803165,0.044826340631875926,True
2014-02-20 05:30:00,0.134,False,0.029850746268656716,0.04760923502437458,0.044826340631875926,True
2014-02-20 05:35:00,0.134,False,0.029850746268656716,0.047686566226783994,0.044826340631875926,True
2014-02-20 05:40:00,0.066,False,0.0,0.048584324859719384,0.044826340631875926,True
2014-02-20 05:45:00,0.132,False,0.02897278314310799,0.05121490144363517,0.044826340631875926,True
2014-02-20 05:50:00,0.134,False,0.029850746268656716,0.05279243007914989,0.044826340631875926,True
2014-02-20 05:55:00,0.2019999999999999,False,0.05970149253731338,0.054432044900628876,0.044826340631875926,True
2014-02-20 06:00:00,0.132,False,0.02897278314310799,0.05522058521590108,0.044826340631875926,True
2014-02-20 06:05:00,0.134,False,0.029850746268656716,0.05583384360552252,0.044826340631875926,True
2014-02-20 06:10:00,0.068,False,0.0008779631255487266,0.011441423778305248,0.044826340631875926,False
2014-02-20 06:15:00,0.132,False,0.02897278314310799,0.011721676320408844,0.044826340631875926,False
2014-02-20 06:20:00,0.132,False,0.02897278314310799,0.011739942722593804,0.044826340631875926,False
2014-02-20 06:25:00,0.066,False,0.0,0.011738796148777335,0.044826340631875926,False
2014-02-20 06:30:00,0.134,False,0.029850746268656716,0.01249938957716965,0.044826340631875926,False
2014-02-20 06:35:00,0.134,False,0.029850746268656716,0.012448406620084677,0.044826340631875926,False
2014-02-20 06:40:00,0.132,False,0.02897278314310799,0.01191131036885612,0.044826340631875926,False
2014-02-20 06:45:00,0.134,False,0.029850746268656716,0.010943347429990204,0.044826340631875926,False
2014-02-20 06:50:00,0.066,False,0.0,0.010886374640722505,0.044826340631875926,False
2014-02-20 06:55:00,0.132,False,0.02897278314310799,0.011081006583823922,0.044826340631875926,False
2014-02-20 07:00:00,0.132,False,0.02897278314310799,0.011050631196061205,0.044826340631875926,False
2014-02-20 07:05:00,0.132,False,0.02897278314310799,0.010950360359514456,0.044826340631875926,False
2014-02-20 07:10:00,0.134,False,0.029850746268656716,0.010347532797446712,0.044826340631875926,False
2014-02-20 07:15:00,0.066,False,0.0,0.010360385909761582,0.044826340631875926,False
2014-02-20 07:20:00,0.136,False,0.030728709394205442,0.011030695065125527,0.044826340631875926,False
2014-02-20 07:25:00,0.068,False,0.0008779631255487266,0.011040271412093872,0.044826340631875926,False
2014-02-20 07:30:00,0.134,False,0.029850746268656716,0.011685679236986775,0.044826340631875926,False
2014-02-20 07:35:00,0.132,False,0.02897278314310799,0.011703474700389842,0.044826340631875926,False
2014-02-20 07:40:00,0.134,False,0.029850746268656716,0.011651171872952122,0.044826340631875926,False
2014-02-20 07:45:00,0.132,False,0.02897278314310799,0.011085164326687094,0.044826340631875926,False
2014-02-20 07:50:00,0.134,False,0.029850746268656716,0.01110022666877452,0.044826340631875926,False
2014-02-20 07:55:00,0.134,False,0.029850746268656716,0.01103536681906326,0.044826340631875926,False
2014-02-20 08:00:00,0.132,False,0.02897278314310799,0.010464862102349926,0.044826340631875926,False
2014-02-20 08:05:00,0.132,False,0.02897278314310799,0.0104347595300134,0.044826340631875926,False
2014-02-20 08:10:00,0.066,False,0.0,0.01033524405816283,0.044826340631875926,False
2014-02-20 08:15:00,0.134,False,0.029850746268656716,0.010465807660014296,0.044826340631875926,False
2014-02-20 08:20:00,0.068,False,0.0008779631255487266,0.010463116563941634,0.044826340631875926,False
2014-02-20 08:25:00,0.134,False,0.029850746268656716,0.011074133262306421,0.044826340631875926,False
2014-02-20 08:30:00,0.134,False,0.029850746268656716,0.01007533379837779,0.044826340631875926,False
2014-02-20 08:35:00,0.132,False,0.02897278314310799,0.010110932415667979,0.044826340631875926,False
2014-02-20 08:40:00,0.068,False,0.0008779631255487266,0.010016689719705854,0.044826340631875926,False
2014-02-20 08:45:00,0.134,False,0.029850746268656716,0.010101791865576382,0.044826340631875926,False
2014-02-20 08:50:00,0.134,False,0.029850746268656716,0.01012784995232404,0.044826340631875926,False
2014-02-20 08:55:00,0.132,False,0.02897278314310799,0.010079594271817345,0.044826340631875926,False
2014-02-20 09:00:00,0.134,False,0.029850746268656716,0.009466969692970022,0.044826340631875926,False
2014-02-20 09:05:00,0.066,False,0.0,0.009453254664207203,0.044826340631875926,False
2014-02-20 09:10:00,0.134,False,0.029850746268656716,0.01012079493546864,0.044826340631875926,False
2014-02-20 09:15:00,0.134,False,0.029850746268656716,0.01015180902425303,0.044826340631875926,False
2014-02-20 09:20:00,0.066,False,0.0,0.010082271824219365,0.044826340631875926,False
2014-02-20 09:25:00,0.132,False,0.02897278314310799,0.010147962227402668,0.044826340631875926,False
2014-02-20 09:30:00,0.132,False,0.02897278314310799,0.010150057703195553,0.044826340631875926,False
2014-02-20 09:35:00,0.134,False,0.029850746268656716,0.01016505764667048,0.044826340631875926,False
2014-02-20 09:40:00,0.066,False,0.0,0.010211048892570804,0.044826340631875926,False
2014-02-20 09:45:00,0.134,False,0.029850746268656716,0.010827803088339544,0.044826340631875926,False
2014-02-20 09:50:00,0.134,False,0.029850746268656716,0.01024373719735272,0.044826340631875926,False
2014-02-20 09:55:00,0.132,False,0.02897278314310799,0.010128394519228279,0.044826340631875926,False
2014-02-20 10:00:00,0.134,False,0.029850746268656716,0.009527501678227818,0.044826340631875926,False
2014-02-20 10:05:00,0.068,False,0.0008779631255487266,0.009493722980975543,0.044826340631875926,False
2014-02-20 10:10:00,0.132,False,0.02897278314310799,0.010118648042220412,0.044826340631875926,False
2014-02-20 10:15:00,0.134,False,0.029850746268656716,0.010064380939745711,0.044826340631875926,False
2014-02-20 10:20:00,0.066,False,0.0,0.010076952358025849,0.044826340631875926,False
2014-02-20 10:25:00,0.132,False,0.02897278314310799,0.010703967369216328,0.044826340631875926,False
2014-02-20 10:30:00,0.134,False,0.029850746268656716,0.010685425738615703,0.044826340631875926,False
2014-02-20 10:35:00,0.066,False,0.0,0.010735099247711544,0.044826340631875926,False
2014-02-20 10:40:00,0.2019999999999999,False,0.05970149253731338,0.011358873247893135,0.044826340631875926,False
2014-02-20 10:45:00,0.132,False,0.02897278314310799,0.011146155927512318,0.044826340631875926,False
2014-02-20 10:50:00,0.132,False,0.02897278314310799,0.011075559201278824,0.044826340631875926,False
2014-02-20 10:55:00,0.134,False,0.029850746268656716,0.010566038728514747,0.044826340631875926,False
2014-02-20 11:00:00,0.132,False,0.02897278314310799,0.010595206323523754,0.044826340631875926,False
2014-02-20 11:05:00,0.136,False,0.030728709394205442,0.010602463073298039,0.044826340631875926,False
2014-02-20 11:10:00,0.132,False,0.02897278314310799,0.010607277497404978,0.044826340631875926,False
2014-02-20 11:15:00,0.066,False,0.0,0.010107304012353284,0.044826340631875926,False
2014-02-20 11:20:00,0.132,False,0.02897278314310799,0.0108865591583194,0.044826340631875926,False
2014-02-20 11:25:00,0.132,False,0.02897278314310799,0.010861987710753517,0.044826340631875926,False
2014-02-20 11:30:00,0.134,False,0.029850746268656716,0.010877715265511904,0.044826340631875926,False
2014-02-20 11:35:00,0.134,False,0.029850746268656716,0.01082017020956619,0.044826340631875926,False
2014-02-20 11:40:00,0.066,False,0.0,0.010280203373809981,0.044826340631875926,False
2014-02-20 11:45:00,0.134,False,0.029850746268656716,0.011022251872479353,0.044826340631875926,False
2014-02-20 11:50:00,0.134,False,0.029850746268656716,0.010945518653352491,0.044826340631875926,False
2014-02-20 11:55:00,0.132,False,0.02897278314310799,0.010374750061909683,0.044826340631875926,False
2014-02-20 12:00:00,0.134,False,0.029850746268656716,0.010370333543996342,0.044826340631875926,False
2014-02-20 12:05:00,0.068,False,0.0008779631255487266,0.010397709079658052,0.044826340631875926,False
2014-02-20 12:10:00,0.134,False,0.029850746268656716,0.011021945467352304,0.044826340631875926,False
2014-02-20 12:15:00,0.134,False,0.029850746268656716,0.010433302808881132,0.044826340631875926,False
2014-02-20 12:20:00,0.134,False,0.029850746268656716,0.010424712599893738,0.044826340631875926,False
2014-02-20 12:25:00,0.066,False,0.0,0.010427088962575127,0.044826340631875926,False
2014-02-20 12:30:00,0.134,False,0.029850746268656716,0.011170875797424878,0.044826340631875926,False
2014-02-20 12:35:00,0.132,False,0.02897278314310799,0.01110725311662174,0.044826340631875926,False
2014-02-20 12:40:00,0.134,False,0.029850746268656716,0.010548104078148862,0.044826340631875926,False
2014-02-20 12:45:00,0.066,False,0.0,0.01058803992675721,0.044826340631875926,False
2014-02-20 12:50:00,0.134,False,0.029850746268656716,0.011227749609697756,0.044826340631875926,False
2014-02-20 12:55:00,0.134,False,0.029850746268656716,0.010638247216313871,0.044826340631875926,False
2014-02-20 13:00:00,0.134,False,0.029850746268656716,0.01066464281436257,0.044826340631875926,False
2014-02-20 13:05:00,0.132,False,0.02897278314310799,0.010583563795749868,0.044826340631875926,False
2014-02-20 13:10:00,0.132,False,0.02897278314310799,0.009968619168192833,0.044826340631875926,False
2014-02-20 13:15:00,0.134,False,0.029850746268656716,0.008935974270676637,0.044826340631875926,False
2014-02-20 13:20:00,0.132,False,0.02897278314310799,0.008943437322546837,0.044826340631875926,False
2014-02-20 13:25:00,0.134,False,0.029850746268656716,0.008930416004925763,0.044826340631875926,False
2014-02-20 13:30:00,0.134,False,0.029850746268656716,0.008912650654285944,0.044826340631875926,False
2014-02-20 13:35:00,0.066,False,0.0,0.008926968550746173,0.044826340631875926,False
2014-02-20 13:40:00,0.132,False,0.02897278314310799,0.00963455576325347,0.044826340631875926,False
2014-02-20 13:45:00,0.134,False,0.029850746268656716,0.009546084464837016,0.044826340631875926,False
2014-02-20 13:50:00,0.068,False,0.0008779631255487266,0.008949300743212102,0.044826340631875926,False
2014-02-20 13:55:00,0.132,False,0.02897278314310799,0.009616079875577391,0.044826340631875926,False
2014-02-20 14:00:00,0.136,False,0.030728709394205442,0.009594748366623026,0.044826340631875926,False
2014-02-20 14:05:00,0.134,False,0.029850746268656716,0.009608471210046246,0.044826340631875926,False
2014-02-20 14:10:00,0.134,False,0.029850746268656716,0.009529540566348667,0.044826340631875926,False
2014-02-20 14:15:00,0.066,False,0.0,0.008946914500062197,0.044826340631875926,False
2014-02-20 14:20:00,0.136,False,0.030728709394205442,0.009627897915982836,0.044826340631875926,False
2014-02-20 14:25:00,0.134,False,0.029850746268656716,0.009638779480495418,0.044826340631875926,False
2014-02-20 14:30:00,0.134,False,0.029850746268656716,0.009675052934123178,0.044826340631875926,False
2014-02-20 14:35:00,0.132,False,0.02897278314310799,0.00961132662816157,0.044826340631875926,False
2014-02-20 14:40:00,0.134,False,0.029850746268656716,0.009049556910051893,0.044826340631875926,False
2014-02-20 14:45:00,0.134,False,0.029850746268656716,0.00904878223593433,0.044826340631875926,False
2014-02-20 14:50:00,0.132,False,0.02897278314310799,0.009056121740792187,0.044826340631875926,False
2014-02-20 14:55:00,0.134,False,0.029850746268656716,0.008970200039505223,0.044826340631875926,False
2014-02-20 15:00:00,0.132,False,0.02897278314310799,0.008403923961897848,0.044826340631875926,False
2014-02-20 15:05:00,0.132,False,0.02897278314310799,0.008368712961063212,0.044826340631875926,False
2014-02-20 15:10:00,0.134,False,0.029850746268656716,0.008363831713185138,0.044826340631875926,False
2014-02-20 15:15:00,0.132,False,0.02897278314310799,0.008280968032166786,0.044826340631875926,False
2014-02-20 15:20:00,0.066,False,0.0,0.007680275868586293,0.044826340631875926,False
2014-02-20 15:25:00,0.136,False,0.030728709394205442,0.008417010240644906,0.044826340631875926,False
2014-02-20 15:30:00,0.134,False,0.029850746268656716,0.00838300528564595,0.044826340631875926,False
2014-02-20 15:35:00,0.134,False,0.029850746268656716,0.00834333783575438,0.044826340631875926,False
2014-02-20 15:40:00,0.134,False,0.029850746268656716,0.008344522780060926,0.044826340631875926,False
2014-02-20 15:45:00,0.066,False,0.0,0.008355097132300229,0.044826340631875926,False
2014-02-20 15:50:00,0.2019999999999999,False,0.05970149253731338,0.009074546281550322,0.044826340631875926,False
2014-02-20 15:55:00,0.134,False,0.029850746268656716,0.009173559234906852,0.044826340631875926,False
2014-02-20 16:00:00,0.066,False,0.0,0.009253543080259977,0.044826340631875926,False
2014-02-20 16:05:00,0.132,False,0.02897278314310799,0.010119231915025636,0.044826340631875926,False
2014-02-20 16:10:00,0.066,False,0.0,0.009588682373240478,0.044826340631875926,False
2014-02-20 16:15:00,0.134,False,0.029850746268656716,0.010444227792867744,0.044826340631875926,False
2014-02-20 16:20:00,0.132,False,0.02897278314310799,0.010399925647227687,0.044826340631875926,False
2014-02-20 16:25:00,0.068,False,0.0008779631255487266,0.009881932622561474,0.044826340631875926,False
2014-02-20 16:30:00,0.132,False,0.02897278314310799,0.010611405596682154,0.044826340631875926,False
2014-02-20 16:35:00,0.132,False,0.02897278314310799,0.010576227945644914,0.044826340631875926,False
2014-02-20 16:40:00,0.134,False,0.029850746268656716,0.010576206968292123,0.044826340631875926,False
2014-02-20 16:45:00,0.134,False,0.029850746268656716,0.010520697410965488,0.044826340631875926,False
2014-02-20 16:50:00,0.132,False,0.02897278314310799,0.009960223535086136,0.044826340631875926,False
2014-02-20 16:55:00,0.134,False,0.029850746268656716,0.009898253409957841,0.044826340631875926,False
2014-02-20 17:00:00,0.134,False,0.029850746268656716,0.009884528447087561,0.044826340631875926,False
2014-02-20 17:05:00,0.066,False,0.0,0.00986765257159467,0.044826340631875926,False
2014-02-20 17:10:00,0.134,False,0.029850746268656716,0.010593484128087553,0.044826340631875926,False
2014-02-20 17:15:00,0.134,False,0.029850746268656716,0.010555261904567273,0.044826340631875926,False
2014-02-20 17:20:00,0.136,False,0.030728709394205442,0.010523374723464044,0.044826340631875926,False
2014-02-20 17:25:00,0.132,False,0.02897278314310799,0.010548705811360736,0.044826340631875926,False
2014-02-20 17:30:00,0.134,False,0.029850746268656716,0.01050006575988186,0.044826340631875926,False
2014-02-20 17:35:00,0.134,False,0.029850746268656716,0.010505511380790927,0.044826340631875926,False
2014-02-20 17:40:00,0.066,False,0.0,0.010514466721866516,0.044826340631875926,False
2014-02-20 17:45:00,0.132,False,0.02897278314310799,0.011230890687041575,0.044826340631875926,False
2014-02-20 17:50:00,0.134,False,0.029850746268656716,0.011142749014728363,0.044826340631875926,False
2014-02-20 17:55:00,0.132,False,0.02897278314310799,0.010550852004740626,0.044826340631875926,False
2014-02-20 18:00:00,0.134,False,0.029850746268656716,0.010480058591628596,0.044826340631875926,False
2014-02-20 18:05:00,0.134,False,0.029850746268656716,0.010473974695865834,0.044826340631875926,False
2014-02-20 18:10:00,0.2,False,0.058823529411764705,0.010481019343996568,0.044826340631875926,False
2014-02-20 18:15:00,0.134,False,0.029850746268656716,0.010524897521128942,0.044826340631875926,False
2014-02-20 18:20:00,0.134,False,0.029850746268656716,0.010073743096204185,0.044826340631875926,False
2014-02-20 18:25:00,0.134,False,0.029850746268656716,0.009146390850733412,0.044826340631875926,False
2014-02-20 18:30:00,0.066,False,0.0,0.009123314105362386,0.044826340631875926,False
2014-02-20 18:35:00,0.134,False,0.029850746268656716,0.009543715785335194,0.044826340631875926,False
2014-02-20 18:40:00,0.134,False,0.029850746268656716,0.009513278230414217,0.044826340631875926,False
2014-02-20 18:45:00,0.134,False,0.029850746268656716,0.009001794591751018,0.044826340631875926,False
2014-02-20 18:50:00,0.066,False,0.0,0.00902079717338713,0.044826340631875926,False
2014-02-20 18:55:00,0.2,False,0.058823529411764705,0.009818287979444023,0.044826340631875926,False
2014-02-20 19:00:00,0.066,False,0.0,0.009409311438622026,0.044826340631875926,False
2014-02-20 19:05:00,0.134,False,0.029850746268656716,0.01044442007263083,0.044826340631875926,False
2014-02-20 19:10:00,0.134,False,0.029850746268656716,0.010505507250319438,0.044826340631875926,False
2014-02-20 19:15:00,0.134,False,0.029850746268656716,0.010545866052002226,0.044826340631875926,False
2014-02-20 19:20:00,0.134,False,0.029850746268656716,0.010585426151445025,0.044826340631875926,False
2014-02-20 19:25:00,0.134,False,0.029850746268656716,0.010652414747759945,0.044826340631875926,False
2014-02-20 19:30:00,0.134,False,0.029850746268656716,0.010688665113037074,0.044826340631875926,False
2014-02-20 19:35:00,0.132,False,0.02897278314310799,0.01065732672928298,0.044826340631875926,False
2014-02-20 19:40:00,0.132,False,0.02897278314310799,0.010146070279689045,0.044826340631875926,False
2014-02-20 19:45:00,0.134,False,0.029850746268656716,0.010150309916850602,0.044826340631875926,False
2014-02-20 19:50:00,0.134,False,0.029850746268656716,0.010168322378413554,0.044826340631875926,False
2014-02-20 19:55:00,0.136,False,0.030728709394205442,0.010151007547996386,0.044826340631875926,False
2014-02-20 20:00:00,0.134,False,0.029850746268656716,0.010205759736906898,0.044826340631875926,False
2014-02-20 20:05:00,0.134,False,0.029850746268656716,0.010209751261285354,0.044826340631875926,False
2014-02-20 20:10:00,0.134,False,0.029850746268656716,0.010149830028922767,0.044826340631875926,False
2014-02-20 20:15:00,0.134,False,0.029850746268656716,0.009622172421547082,0.044826340631875926,False
2014-02-20 20:20:00,0.132,False,0.02897278314310799,0.009645930638240811,0.044826340631875926,False
2014-02-20 20:25:00,0.134,False,0.029850746268656716,0.009616985203159158,0.044826340631875926,False
2014-02-20 20:30:00,0.132,False,0.02897278314310799,0.009640687913027442,0.044826340631875926,False
2014-02-20 20:35:00,0.134,False,0.029850746268656716,0.00961324948204786,0.044826340631875926,False
2014-02-20 20:40:00,0.066,False,0.0,0.009611119236878856,0.044826340631875926,False
2014-02-20 20:45:00,0.134,False,0.029850746268656716,0.009429551451092212,0.044826340631875926,False
2014-02-20 20:50:00,0.134,False,0.029850746268656716,0.009405388411070158,0.044826340631875926,False
2014-02-20 20:55:00,0.134,False,0.029850746268656716,0.009405313160206126,0.044826340631875926,False
2014-02-20 21:00:00,0.132,False,0.02897278314310799,0.009348908850237973,0.044826340631875926,False
2014-02-20 21:05:00,0.132,False,0.02897278314310799,0.00878024046173832,0.044826340631875926,False
2014-02-20 21:10:00,0.066,False,0.0,0.008766606839017749,0.044826340631875926,False
2014-02-20 21:15:00,0.132,False,0.02897278314310799,0.009564479123250428,0.044826340631875926,False
2014-02-20 21:20:00,0.132,False,0.02897278314310799,0.00947276354005044,0.044826340631875926,False
2014-02-20 21:25:00,0.134,False,0.029850746268656716,0.008881641957687553,0.044826340631875926,False
2014-02-20 21:30:00,0.134,False,0.029850746268656716,0.007866168706815495,0.044826340631875926,False
2014-02-20 21:35:00,0.134,False,0.029850746268656716,0.007284000230354021,0.044826340631875926,False
2014-02-20 21:40:00,0.2,False,0.058823529411764705,0.007265419972461412,0.044826340631875926,False
2014-02-20 21:45:00,0.066,False,0.0,0.0071997325811268015,0.044826340631875926,False
2014-02-20 21:50:00,0.132,False,0.02897278314310799,0.008257951124039509,0.044826340631875926,False
2014-02-20 21:55:00,0.132,False,0.02897278314310799,0.008260440743995194,0.044826340631875926,False
2014-02-20 22:00:00,0.132,False,0.02897278314310799,0.008271952892877412,0.044826340631875926,False
2014-02-20 22:05:00,0.132,False,0.02897278314310799,0.008281855840527038,0.044826340631875926,False
2014-02-20 22:10:00,0.132,False,0.02897278314310799,0.008317961540364245,0.044826340631875926,False
2014-02-20 22:15:00,0.068,False,0.0008779631255487266,0.008350524675392133,0.044826340631875926,False
2014-02-20 22:20:00,0.134,False,0.029850746268656716,0.009136115865635269,0.044826340631875926,False
2014-02-20 22:25:00,0.134,False,0.029850746268656716,0.009115267775185298,0.044826340631875926,False
2014-02-20 22:30:00,0.132,False,0.02897278314310799,0.009076400464010894,0.044826340631875926,False
2014-02-20 22:35:00,0.066,False,0.0,0.009048314080872066,0.044826340631875926,False
2014-02-20 22:40:00,0.134,False,0.029850746268656716,0.009780261330720812,0.044826340631875926,False
2014-02-20 22:45:00,0.134,False,0.029850746268656716,0.009758988060471445,0.044826340631875926,False
2014-02-20 22:50:00,0.132,False,0.02897278314310799,0.009748275864041875,0.044826340631875926,False
2014-02-20 22:55:00,0.134,False,0.029850746268656716,0.009748739911036721,0.044826340631875926,False
2014-02-20 23:00:00,0.132,False,0.02897278314310799,0.009745927006420522,0.044826340631875926,False
2014-02-20 23:05:00,0.066,False,0.0,0.009755749293085961,0.044826340631875926,False
2014-02-20 23:10:00,0.134,False,0.029850746268656716,0.01043074157297227,0.044826340631875926,False
2014-02-20 23:15:00,0.132,False,0.02897278314310799,0.009836162043528785,0.044826340631875926,False
2014-02-20 23:20:00,0.068,False,0.0008779631255487266,0.009794640959722099,0.044826340631875926,False
2014-02-20 23:25:00,0.132,False,0.02897278314310799,0.010433285590615543,0.044826340631875926,False
2014-02-20 23:30:00,0.066,False,0.0,0.010394275849175393,0.044826340631875926,False
2014-02-20 23:35:00,0.132,False,0.02897278314310799,0.011082879027511454,0.044826340631875926,False
2014-02-20 23:40:00,0.136,False,0.030728709394205442,0.011002971612697617,0.044826340631875926,False
2014-02-20 23:45:00,0.134,False,0.029850746268656716,0.010424583179852768,0.044826340631875926,False
2014-02-20 23:50:00,0.134,False,0.029850746268656716,0.010435401662782963,0.044826340631875926,False
2014-02-20 23:55:00,0.13,False,0.028094820017559263,0.010451077986350525,0.044826340631875926,False
2014-02-21 00:00:00,0.066,False,0.0,0.010392259208462042,0.044826340631875926,False
2014-02-21 00:05:00,0.134,False,0.029850746268656716,0.011057241943757243,0.044826340631875926,False
2014-02-21 00:10:00,0.136,False,0.030728709394205442,0.011055267726163574,0.044826340631875926,False
2014-02-21 00:15:00,0.066,False,0.0,0.01004362748011855,0.044826340631875926,False
2014-02-21 00:20:00,0.134,False,0.029850746268656716,0.010094606028943338,0.044826340631875926,False
2014-02-21 00:25:00,0.132,False,0.02897278314310799,0.010105515471044987,0.044826340631875926,False
2014-02-21 00:30:00,0.132,False,0.02897278314310799,0.010099368431611666,0.044826340631875926,False
2014-02-21 00:35:00,0.134,False,0.029850746268656716,0.010098623994433691,0.044826340631875926,False
2014-02-21 00:40:00,0.068,False,0.0008779631255487266,0.01012996652964606,0.044826340631875926,False
2014-02-21 00:45:00,0.198,False,0.057945566286215985,0.010728991323826357,0.044826340631875926,False
2014-02-21 00:50:00,0.132,False,0.02897278314310799,0.01048916656450898,0.044826340631875926,False
2014-02-21 00:55:00,0.134,False,0.029850746268656716,0.010491672637830152,0.044826340631875926,False
2014-02-21 01:00:00,0.2,False,0.058823529411764705,0.010515158420075946,0.044826340631875926,False
2014-02-21 01:05:00,0.134,False,0.029850746268656716,0.010735013962875673,0.044826340631875926,False
2014-02-21 01:10:00,0.066,False,0.0,0.010316731189103685,0.044826340631875926,False
2014-02-21 01:15:00,0.132,False,0.02897278314310799,0.011332066611539193,0.044826340631875926,False
2014-02-21 01:20:00,0.132,False,0.02897278314310799,0.011331297347541784,0.044826340631875926,False
2014-02-21 01:25:00,0.068,False,0.0008779631255487266,0.011364616592323913,0.044826340631875926,False
2014-02-21 01:30:00,0.134,False,0.029850746268656716,0.012166730810980507,0.044826340631875926,False
2014-02-21 01:35:00,0.134,False,0.029850746268656716,0.012135925507818897,0.044826340631875926,False
2014-02-21 01:40:00,0.068,False,0.0008779631255487266,0.011627425640420252,0.044826340631875926,False
2014-02-21 01:45:00,0.134,False,0.029850746268656716,0.012358612070262934,0.044826340631875926,False
2014-02-21 01:50:00,0.134,False,0.029850746268656716,0.012326842972412943,0.044826340631875926,False
2014-02-21 01:55:00,0.132,False,0.02897278314310799,0.011826439766676095,0.044826340631875926,False
2014-02-21 02:00:00,0.134,False,0.029850746268656716,0.011775618238837385,0.044826340631875926,False
2014-02-21 02:05:00,0.134,False,0.029850746268656716,0.011241232446741821,0.044826340631875926,False
2014-02-21 02:10:00,0.066,False,0.0,0.011276511123683546,0.044826340631875926,False
2014-02-21 02:15:00,0.132,False,0.02897278314310799,0.01195539137332724,0.044826340631875926,False
2014-02-21 02:20:00,0.134,False,0.029850746268656716,0.011930516004161174,0.044826340631875926,False
2014-02-21 02:25:00,0.066,False,0.0,0.011939909075296058,0.044826340631875926,False
2014-02-21 02:30:00,0.134,False,0.029850746268656716,0.012636810453499061,0.044826340631875926,False
2014-02-21 02:35:00,0.134,False,0.029850746268656716,0.012060422820434569,0.044826340631875926,False
2014-02-21 02:40:00,0.134,False,0.029850746268656716,0.012062823397502895,0.044826340631875926,False
2014-02-21 02:45:00,0.136,False,0.030728709394205442,0.011964091664642957,0.044826340631875926,False
2014-02-21 02:50:00,0.066,False,0.0,0.01141492589901536,0.044826340631875926,False
2014-02-21 02:55:00,0.134,False,0.029850746268656716,0.012080640095060666,0.044826340631875926,False
2014-02-21 03:00:00,0.134,False,0.029850746268656716,0.012093410009225538,0.044826340631875926,False
2014-02-21 03:05:00,0.134,False,0.029850746268656716,0.012117290912146432,0.044826340631875926,False
2014-02-21 03:10:00,0.066,False,0.0,0.0120377064179133,0.044826340631875926,False
2014-02-21 03:15:00,0.132,False,0.02897278314310799,0.012145059341758286,0.044826340631875926,False
2014-02-21 03:20:00,0.068,False,0.0008779631255487266,0.011168433293942244,0.044826340631875926,False
2014-02-21 03:25:00,1.6,False,0.6733977172958735,0.011777108887257911,0.044826340631875926,False
2014-02-21 03:30:00,0.134,False,0.029850746268656716,0.033169046305403446,0.044826340631875926,False
2014-02-21 03:35:00,0.066,False,0.0,0.043371146958226484,0.044826340631875926,False
2014-02-21 03:40:00,0.132,False,0.02897278314310799,0.052233735489679994,0.044826340631875926,True
2014-02-21 03:45:00,0.132,False,0.02897278314310799,0.052348285217523875,0.044826340631875926,True
2014-02-21 03:50:00,0.134,False,0.029850746268656716,0.04888553838661218,0.044826340631875926,True
2014-02-21 03:55:00,0.134,False,0.029850746268656716,0.045914119120740664,0.044826340631875926,True
2014-02-21 04:00:00,0.134,False,0.029850746268656716,0.042526334007062114,0.044826340631875926,False
2014-02-21 04:05:00,0.066,False,0.0,0.04070357870755355,0.044826340631875926,False
2014-02-21 04:10:00,0.2019999999999999,False,0.05970149253731338,0.03932632520164719,0.044826340631875926,False
2014-02-21 04:15:00,0.066,False,0.0,0.04010624007973574,0.044826340631875926,False
2014-02-21 04:20:00,0.134,False,0.029850746268656716,0.03998667424098245,0.044826340631875926,False
2014-02-21 04:25:00,0.066,False,0.0,0.04112605210682575,0.044826340631875926,False
2014-02-21 04:30:00,0.136,False,0.030728709394205442,0.04135409936827806,0.044826340631875926,False
2014-02-21 04:35:00,0.132,False,0.02897278314310799,0.042799561139101314,0.044826340631875926,False
2014-02-21 04:40:00,0.134,False,0.029850746268656716,0.041703657793164046,0.044826340631875926,False
2014-02-21 04:45:00,0.066,False,0.0,0.042067668365000074,0.044826340631875926,False
2014-02-21 04:50:00,0.132,False,0.02897278314310799,0.04279881182568513,0.044826340631875926,False
2014-02-21 04:55:00,0.134,False,0.029850746268656716,0.04425303471940527,0.044826340631875926,False
2014-02-21 05:00:00,0.132,False,0.02897278314310799,0.045423989734654106,0.044826340631875926,True
2014-02-21 05:05:00,0.068,False,0.0008779631255487266,0.04666117963587981,0.044826340631875926,True
2014-02-21 05:10:00,0.134,False,0.029850746268656716,0.047983993512036194,0.044826340631875926,True
2014-02-21 05:15:00,0.134,False,0.029850746268656716,0.0487377555883346,0.044826340631875926,True
2014-02-21 05:20:00,0.132,False,0.02897278314310799,0.048403903741998947,0.044826340631875926,True
2014-02-21 05:25:00,0.132,False,0.02897278314310799,0.04804429909176765,0.044826340631875926,True
2014-02-21 05:30:00,0.132,False,0.02897278314310799,0.04935906833489632,0.044826340631875926,True
2014-02-21 05:35:00,0.066,False,0.0,0.0513708538584845,0.044826340631875926,True
2014-02-21 05:40:00,0.132,False,0.02897278314310799,0.053494573661657954,0.044826340631875926,True
2014-02-21 05:45:00,0.066,False,0.0,0.05411511609668197,0.044826340631875926,True
2014-02-21 05:50:00,0.134,False,0.029850746268656716,0.05644445571201324,0.044826340631875926,True
2014-02-21 05:55:00,0.132,False,0.02897278314310799,0.056503503518448885,0.044826340631875926,True
2014-02-21 06:00:00,0.134,False,0.029850746268656716,0.011718236216836443,0.044826340631875926,False
2014-02-21 06:05:00,0.132,False,0.02897278314310799,0.011634063406719039,0.044826340631875926,False
2014-02-21 06:10:00,0.132,False,0.02897278314310799,0.011018424012521339,0.044826340631875926,False
2014-02-21 06:15:00,0.068,False,0.0008779631255487266,0.011005603053430152,0.044826340631875926,False
2014-02-21 06:20:00,0.132,False,0.02897278314310799,0.011649568197566804,0.044826340631875926,False
2014-02-21 06:25:00,0.134,False,0.029850746268656716,0.01162761954063555,0.044826340631875926,False
2014-02-21 06:30:00,0.066,False,0.0,0.011647782860640492,0.044826340631875926,False
2014-02-21 06:35:00,0.134,False,0.029850746268656716,0.012267853744450124,0.044826340631875926,False
2014-02-21 06:40:00,0.134,False,0.029850746268656716,0.011706604573571488,0.044826340631875926,False
2014-02-21 06:45:00,0.2,False,0.058823529411764705,0.010663804339987946,0.044826340631875926,False
2014-02-21 06:50:00,0.066,False,0.0,0.010382033743232462,0.044826340631875926,False
2014-02-21 06:55:00,0.198,False,0.057945566286215985,0.01116664939567355,0.044826340631875926,False
2014-02-21 07:00:00,0.068,False,0.0008779631255487266,0.011000782708924418,0.044826340631875926,False
2014-02-21 07:05:00,0.134,False,0.029850746268656716,0.011900516429832622,0.044826340631875926,False
2014-02-21 07:10:00,0.132,False,0.02897278314310799,0.011948221619711097,0.044826340631875926,False
2014-02-21 07:15:00,0.066,False,0.0,0.011869686796556953,0.044826340631875926,False
2014-02-21 07:20:00,0.134,False,0.029850746268656716,0.012166781988532388,0.044826340631875926,False
2014-02-21 07:25:00,0.134,False,0.029850746268656716,0.012198481716996206,0.044826340631875926,False
2014-02-21 07:30:00,0.066,False,0.0,0.01221240548619208,0.044826340631875926,False
2014-02-21 07:35:00,0.132,False,0.02897278314310799,0.012913102695305755,0.044826340631875926,False
2014-02-21 07:40:00,0.132,False,0.02897278314310799,0.01237423544106931,0.044826340631875926,False
2014-02-21 07:45:00,0.134,False,0.029850746268656716,0.012357232479538295,0.044826340631875926,False
2014-02-21 07:50:00,0.134,False,0.029850746268656716,0.012366165601497663,0.044826340631875926,False
2014-02-21 07:55:00,0.134,False,0.029850746268656716,0.012405023785710838,0.044826340631875926,False
2014-02-21 08:00:00,0.134,False,0.029850746268656716,0.012443015281136071,0.044826340631875926,False
2014-02-21 08:05:00,0.068,False,0.0008779631255487266,0.012412365881373455,0.044826340631875926,False
2014-02-21 08:10:00,0.132,False,0.02897278314310799,0.012552578366076188,0.044826340631875926,False
2014-02-21 08:15:00,0.066,False,0.0,0.012475805472607649,0.044826340631875926,False
2014-02-21 08:20:00,0.134,False,0.029850746268656716,0.012549420002872982,0.044826340631875926,False
2014-02-21 08:25:00,0.132,False,0.02897278314310799,0.012527469785288214,0.044826340631875926,False
2014-02-21 08:30:00,0.068,False,0.0008779631255487266,0.01251716047900442,0.044826340631875926,False
2014-02-21 08:35:00,0.134,False,0.029850746268656716,0.013112061323185376,0.044826340631875926,False
2014-02-21 08:40:00,0.134,False,0.029850746268656716,0.013154813739612047,0.044826340631875926,False
2014-02-21 08:45:00,0.066,False,0.0,0.01312071956391044,0.044826340631875926,False
2014-02-21 08:50:00,0.136,False,0.030728709394205442,0.013201695942326196,0.044826340631875926,False
2014-02-21 08:55:00,0.132,False,0.02897278314310799,0.013273065533671054,0.044826340631875926,False
2014-02-21 09:00:00,0.136,False,0.030728709394205442,0.01319032535447532,0.044826340631875926,False
2014-02-21 09:05:00,0.132,False,0.02897278314310799,0.012647402740770747,0.044826340631875926,False
2014-02-21 09:10:00,0.066,False,0.0,0.012633548767129021,0.044826340631875926,False
2014-02-21 09:15:00,0.134,False,0.029850746268656716,0.013308797595340554,0.044826340631875926,False
2014-02-21 09:20:00,0.134,False,0.029850746268656716,0.012304153390837092,0.044826340631875926,False
2014-02-21 09:25:00,0.134,False,0.029850746268656716,0.011750782898498844,0.044826340631875926,False
2014-02-21 09:30:00,0.066,False,0.0,0.01076300127417032,0.044826340631875926,False
2014-02-21 09:35:00,0.134,False,0.029850746268656716,0.010873268616792135,0.044826340631875926,False
2014-02-21 09:40:00,0.134,False,0.029850746268656716,0.010886745413240365,0.044826340631875926,False
2014-02-21 09:45:00,0.134,False,0.029850746268656716,0.010847307867399158,0.044826340631875926,False
2014-02-21 09:50:00,0.134,False,0.029850746268656716,0.010261706970544853,0.044826340631875926,False
2014-02-21 09:55:00,0.132,False,0.02897278314310799,0.010249174845628142,0.044826340631875926,False
2014-02-21 10:00:00,0.132,False,0.02897278314310799,0.010136992890057431,0.044826340631875926,False
2014-02-21 10:05:00,0.066,False,0.0,0.009519144460800915,0.044826340631875926,False
2014-02-21 10:10:00,0.134,False,0.029850746268656716,0.010199955387331512,0.044826340631875926,False
2014-02-21 10:15:00,0.132,False,0.02897278314310799,0.010198749129883646,0.044826340631875926,False
2014-02-21 10:20:00,0.134,False,0.029850746268656716,0.010158259951489635,0.044826340631875926,False
2014-02-21 10:25:00,0.066,False,0.0,0.010152893049932983,0.044826340631875926,False
2014-02-21 10:30:00,0.134,False,0.029850746268656716,0.010849053981499445,0.044826340631875926,False
2014-02-21 10:35:00,0.132,False,0.02897278314310799,0.010785546474254698,0.044826340631875926,False
2014-02-21 10:40:00,0.066,False,0.0,0.010226602823453612,0.044826340631875926,False
2014-02-21 10:45:00,0.134,False,0.029850746268656716,0.010864409805924997,0.044826340631875926,False
2014-02-21 10:50:00,0.134,False,0.029850746268656716,0.010276969795338514,0.044826340631875926,False
2014-02-21 10:55:00,0.132,False,0.02897278314310799,0.01028910300375243,0.044826340631875926,False
2014-02-21 11:00:00,0.134,False,0.029850746268656716,0.010229410193773308,0.044826340631875926,False
2014-02-21 11:05:00,0.136,False,0.030728709394205442,0.009683959598072198,0.044826340631875926,False
2014-02-21 11:10:00,0.066,False,0.0,0.009707927610697907,0.044826340631875926,False
2014-02-21 11:15:00,0.134,False,0.029850746268656716,0.01033945959846344,0.044826340631875926,False
2014-02-21 11:20:00,0.132,False,0.02897278314310799,0.009742031029087864,0.044826340631875926,False
2014-02-21 11:25:00,0.134,False,0.029850746268656716,0.009675705791247982,0.044826340631875926,False
2014-02-21 11:30:00,0.134,False,0.029850746268656716,0.009698768930860191,0.044826340631875926,False
2014-02-21 11:35:00,0.132,False,0.02897278314310799,0.009672278337908877,0.044826340631875926,False
2014-02-21 11:40:00,0.134,False,0.029850746268656716,0.00960792587273627,0.044826340631875926,False
2014-02-21 11:45:00,0.066,False,0.0,0.009031220658673835,0.044826340631875926,False
2014-02-21 11:50:00,0.134,False,0.029850746268656716,0.009734094066652753,0.044826340631875926,False
2014-02-21 11:55:00,0.134,False,0.029850746268656716,0.009713566599521137,0.044826340631875926,False
2014-02-21 12:00:00,0.134,False,0.029850746268656716,0.009621557579172747,0.044826340631875926,False
2014-02-21 12:05:00,0.134,False,0.029850746268656716,0.009022511737102263,0.044826340631875926,False
2014-02-21 12:10:00,0.068,False,0.0008779631255487266,0.008994606084181856,0.044826340631875926,False
2014-02-21 12:15:00,0.134,False,0.029850746268656716,0.009637592727182672,0.044826340631875926,False
2014-02-21 12:20:00,0.066,False,0.0,0.00960937054876324,0.044826340631875926,False
2014-02-21 12:25:00,0.136,False,0.030728709394205442,0.010263166858173878,0.044826340631875926,False
2014-02-21 12:30:00,0.134,False,0.029850746268656716,0.010318544337060984,0.044826340631875926,False
2014-02-21 12:35:00,0.066,False,0.0,0.01028041939725644,0.044826340631875926,False
2014-02-21 12:40:00,0.134,False,0.029850746268656716,0.010345377284190722,0.044826340631875926,False
2014-02-21 12:45:00,0.134,False,0.029850746268656716,0.01035047050108678,0.044826340631875926,False
2014-02-21 12:50:00,0.136,False,0.030728709394205442,0.01040307289550344,0.044826340631875926,False
2014-02-21 12:55:00,0.134,False,0.029850746268656716,0.010370204029869172,0.044826340631875926,False
2014-02-21 13:00:00,0.134,False,0.029850746268656716,0.009802362274837521,0.044826340631875926,False
2014-02-21 13:05:00,0.134,False,0.029850746268656716,0.009807258237612273,0.044826340631875926,False
2014-02-21 13:10:00,0.066,False,0.0,0.009766653372056044,0.044826340631875926,False
2014-02-21 13:15:00,0.134,False,0.029850746268656716,0.009879320493049182,0.044826340631875926,False
2014-02-21 13:20:00,0.066,False,0.0,0.009856010917034504,0.044826340631875926,False
2014-02-21 13:25:00,0.134,False,0.029850746268656716,0.010486944436913592,0.044826340631875926,False
2014-02-21 13:30:00,0.134,False,0.029850746268656716,0.0105054110029147,0.044826340631875926,False
2014-02-21 13:35:00,0.134,False,0.029850746268656716,0.010503508435071104,0.044826340631875926,False
2014-02-21 13:40:00,0.068,False,0.0008779631255487266,0.010389332331603628,0.044826340631875926,False
2014-02-21 13:45:00,0.136,False,0.030728709394205442,0.010403084187101454,0.044826340631875926,False
2014-02-21 13:50:00,0.132,False,0.02897278314310799,0.010398166485017403,0.044826340631875926,False
2014-02-21 13:55:00,0.134,False,0.029850746268656716,0.010382177911585433,0.044826340631875926,False
2014-02-21 14:00:00,0.134,False,0.029850746268656716,0.010365195120260977,0.044826340631875926,False
2014-02-21 14:05:00,0.134,False,0.029850746268656716,0.010354068919902903,0.044826340631875926,False
2014-02-21 14:10:00,0.198,False,0.057945566286215985,0.010380628492812908,0.044826340631875926,False
2014-02-21 14:15:00,0.066,False,0.0,0.010559696345738596,0.044826340631875926,False
2014-02-21 14:20:00,0.132,False,0.02897278314310799,0.01090360763342383,0.044826340631875926,False
2014-02-21 14:25:00,0.134,False,0.029850746268656716,0.010892396691160692,0.044826340631875926,False
2014-02-21 14:30:00,0.066,False,0.0,0.010913803761419946,0.044826340631875926,False
2014-02-21 14:35:00,0.132,False,0.02897278314310799,0.011697952014104921,0.044826340631875926,False
2014-02-21 14:40:00,0.134,False,0.029850746268656716,0.011622807143034207,0.044826340631875926,False
2014-02-21 14:45:00,0.132,False,0.02897278314310799,0.011118779974895014,0.044826340631875926,False
2014-02-21 14:50:00,0.066,False,0.0,0.011038400263808727,0.044826340631875926,False
2014-02-21 14:55:00,0.134,False,0.029850746268656716,0.011211843943816979,0.044826340631875926,False
2014-02-21 15:00:00,0.134,False,0.029850746268656716,0.01117897168023172,0.044826340631875926,False
2014-02-21 15:05:00,0.134,False,0.029850746268656716,0.011107687877841619,0.044826340631875926,False
2014-02-21 15:10:00,0.066,False,0.0,0.010539237099934342,0.044826340631875926,False
2014-02-21 15:15:00,0.134,False,0.029850746268656716,0.011206991264947085,0.044826340631875926,False
2014-02-21 15:20:00,0.066,False,0.0,0.011197218276289927,0.044826340631875926,False
2014-02-21 15:25:00,0.132,False,0.02897278314310799,0.011804252515149317,0.044826340631875926,False
2014-02-21 15:30:00,0.134,False,0.029850746268656716,0.011796886382915048,0.044826340631875926,False
2014-02-21 15:35:00,0.066,False,0.0,0.011827408990181951,0.044826340631875926,False
2014-02-21 15:40:00,0.134,False,0.029850746268656716,0.012429377757108782,0.044826340631875926,False
2014-02-21 15:45:00,0.134,False,0.029850746268656716,0.011870285715577472,0.044826340631875926,False
2014-02-21 15:50:00,0.066,False,0.0,0.011813584065355329,0.044826340631875926,False
2014-02-21 15:55:00,0.2,False,0.058823529411764705,0.011850632760343422,0.044826340631875926,False
2014-02-21 16:00:00,0.066,False,0.0,0.012287572711948188,0.044826340631875926,False
2014-02-21 16:05:00,0.134,False,0.029850746268656716,0.01307477259826932,0.044826340631875926,False
2014-02-21 16:10:00,0.132,False,0.02897278314310799,0.013010431184791263,0.044826340631875926,False
2014-02-21 16:15:00,0.066,False,0.0,0.01247115793600046,0.044826340631875926,False
2014-02-21 16:20:00,0.134,False,0.029850746268656716,0.013122369088657703,0.044826340631875926,False
2014-02-21 16:25:00,0.134,False,0.029850746268656716,0.013164080472710468,0.044826340631875926,False
2014-02-21 16:30:00,0.066,False,0.0,0.013180205515943703,0.044826340631875926,False
2014-02-21 16:35:00,0.134,False,0.029850746268656716,0.013829615296027898,0.044826340631875926,False
2014-02-21 16:40:00,0.132,False,0.02897278314310799,0.013863478619458119,0.044826340631875926,False
2014-02-21 16:45:00,0.134,False,0.029850746268656716,0.012856084033127305,0.044826340631875926,False
2014-02-21 16:50:00,0.198,False,0.057945566286215985,0.012298796646392914,0.044826340631875926,False
2014-02-21 16:55:00,0.134,False,0.029850746268656716,0.012799704116506116,0.044826340631875926,False
2014-02-21 17:00:00,0.134,False,0.029850746268656716,0.012731602767529823,0.044826340631875926,False
2014-02-21 17:05:00,0.134,False,0.029850746268656716,0.012215509889268509,0.044826340631875926,False
2014-02-21 17:10:00,0.136,False,0.030728709394205442,0.012254340071716274,0.044826340631875926,False
2014-02-21 17:15:00,0.134,False,0.029850746268656716,0.01228133786294172,0.044826340631875926,False
2014-02-21 17:20:00,0.134,False,0.029850746268656716,0.012248113480436633,0.044826340631875926,False
2014-02-21 17:25:00,0.132,False,0.02897278314310799,0.011738168262490356,0.044826340631875926,False
2014-02-21 17:30:00,0.134,False,0.029850746268656716,0.011721454135133815,0.044826340631875926,False
2014-02-21 17:35:00,0.134,False,0.029850746268656716,0.011724215817008408,0.044826340631875926,False
2014-02-21 17:40:00,0.134,False,0.029850746268656716,0.011666213605854901,0.044826340631875926,False
2014-02-21 17:45:00,0.068,False,0.0008779631255487266,0.011154397112503536,0.044826340631875926,False
2014-02-21 17:50:00,0.134,False,0.029850746268656716,0.011860542699753503,0.044826340631875926,False
2014-02-21 17:55:00,0.134,False,0.029850746268656716,0.011313353271166638,0.044826340631875926,False
2014-02-21 18:00:00,0.134,False,0.029850746268656716,0.01134668983009943,0.044826340631875926,False
2014-02-21 18:05:00,0.132,False,0.02897278314310799,0.011293678949152317,0.044826340631875926,False
2014-02-21 18:10:00,0.066,False,0.0,0.010745569754839986,0.044826340631875926,False
2014-02-21 18:15:00,0.134,False,0.029850746268656716,0.011514248677472427,0.044826340631875926,False
2014-02-21 18:20:00,0.134,False,0.029850746268656716,0.01145749884682909,0.044826340631875926,False
2014-02-21 18:25:00,0.068,False,0.0008779631255487266,0.01091878048002824,0.044826340631875926,False
2014-02-21 18:30:00,0.134,False,0.029850746268656716,0.010615972881574691,0.044826340631875926,False
2014-02-21 18:35:00,0.134,False,0.029850746268656716,0.010047143365820405,0.044826340631875926,False
2014-02-21 18:40:00,0.066,False,0.0,0.01006497328815873,0.044826340631875926,False
2014-02-21 18:45:00,0.136,False,0.030728709394205442,0.01075249656692544,0.044826340631875926,False
2014-02-21 18:50:00,0.132,False,0.02897278314310799,0.010196491913367928,0.044826340631875926,False
2014-02-21 18:55:00,0.134,False,0.029850746268656716,0.01018249215669919,0.044826340631875926,False
2014-02-21 19:00:00,0.066,False,0.0,0.010112696421518812,0.044826340631875926,False
2014-02-21 19:05:00,0.132,False,0.02897278314310799,0.010207239260151874,0.044826340631875926,False
2014-02-21 19:10:00,0.134,False,0.029850746268656716,0.01015400803673283,0.044826340631875926,False
2014-02-21 19:15:00,0.134,False,0.029850746268656716,0.010157275107875357,0.044826340631875926,False
2014-02-21 19:20:00,0.134,False,0.029850746268656716,0.010130826788519707,0.044826340631875926,False
2014-02-21 19:25:00,0.134,False,0.029850746268656716,0.009178981363319813,0.044826340631875926,False
2014-02-21 19:30:00,0.196,False,0.05706760316066725,0.009149599688294983,0.044826340631875926,False
2014-02-21 19:35:00,0.136,False,0.030728709394205442,0.009357563881457009,0.044826340631875926,False
2014-02-21 19:40:00,0.068,False,0.0008779631255487266,0.0094126246570298,0.044826340631875926,False
2014-02-21 19:45:00,0.132,False,0.02897278314310799,0.010217276613975099,0.044826340631875926,False
2014-02-21 19:50:00,0.134,False,0.029850746268656716,0.01018493532843371,0.044826340631875926,False
2014-02-21 19:55:00,0.132,False,0.02897278314310799,0.01018466555532793,0.044826340631875926,False
2014-02-21 20:00:00,0.066,False,0.0,0.010195288779407539,0.044826340631875926,False
2014-02-21 20:05:00,0.134,False,0.029850746268656716,0.010950221753367682,0.044826340631875926,False
2014-02-21 20:10:00,0.132,False,0.02897278314310799,0.010945960145442584,0.044826340631875926,False
2014-02-21 20:15:00,0.066,False,0.0,0.010857992328459189,0.044826340631875926,False
2014-02-21 20:20:00,0.134,False,0.029850746268656716,0.011028541821985344,0.044826340631875926,False
2014-02-21 20:25:00,0.134,False,0.029850746268656716,0.011019025257477062,0.044826340631875926,False
2014-02-21 20:30:00,0.066,False,0.0,0.01102520421023061,0.044826340631875926,False
2014-02-21 20:35:00,0.134,False,0.029850746268656716,0.011719853729434813,0.044826340631875926,False
2014-02-21 20:40:00,0.134,False,0.029850746268656716,0.011694843363685146,0.044826340631875926,False
2014-02-21 20:45:00,0.136,False,0.030728709394205442,0.011139145434144767,0.044826340631875926,False
2014-02-21 20:50:00,0.134,False,0.029850746268656716,0.011184807674823567,0.044826340631875926,False
2014-02-21 20:55:00,0.132,False,0.02897278314310799,0.011135220087308054,0.044826340631875926,False
2014-02-21 21:00:00,0.134,False,0.029850746268656716,0.010588597213287412,0.044826340631875926,False
2014-02-21 21:05:00,0.066,False,0.0,0.010598047343452035,0.044826340631875926,False
2014-02-21 21:10:00,0.132,False,0.02897278314310799,0.01125342354847825,0.044826340631875926,False
2014-02-21 21:15:00,0.134,False,0.029850746268656716,0.010639708515072394,0.044826340631875926,False
2014-02-21 21:20:00,0.132,False,0.02897278314310799,0.010595961632400544,0.044826340631875926,False
2014-02-21 21:25:00,0.132,False,0.02897278314310799,0.010590940003166393,0.044826340631875926,False
2014-02-21 21:30:00,0.066,False,0.0,0.01048098577119416,0.044826340631875926,False
2014-02-21 21:35:00,0.134,False,0.029850746268656716,0.010583794159765106,0.044826340631875926,False
2014-02-21 21:40:00,0.134,False,0.029850746268656716,0.010567648867338691,0.044826340631875926,False
2014-02-21 21:45:00,0.066,False,0.0,0.010533190242518777,0.044826340631875926,False
2014-02-21 21:50:00,0.132,False,0.02897278314310799,0.011165540552386539,0.044826340631875926,False
2014-02-21 21:55:00,0.134,False,0.029850746268656716,0.01111661266014394,0.044826340631875926,False
2014-02-21 22:00:00,0.134,False,0.029850746268656716,0.011105080589407847,0.044826340631875926,False
2014-02-21 22:05:00,0.066,False,0.0,0.010207725535747872,0.044826340631875926,False
2014-02-21 22:10:00,0.134,False,0.029850746268656716,0.010779559817017953,0.044826340631875926,False
2014-02-21 22:15:00,0.134,False,0.029850746268656716,0.010216632642763325,0.044826340631875926,False
2014-02-21 22:20:00,0.132,False,0.02897278314310799,0.010248850621195831,0.044826340631875926,False
2014-02-21 22:25:00,0.066,False,0.0,0.01024173594605671,0.044826340631875926,False
2014-02-21 22:30:00,0.132,False,0.02897278314310799,0.010884957389624222,0.044826340631875926,False
2014-02-21 22:35:00,0.134,False,0.029850746268656716,0.010281997020957338,0.044826340631875926,False
2014-02-21 22:40:00,0.066,False,0.0,0.010298999183791346,0.044826340631875926,False
2014-02-21 22:45:00,0.132,False,0.02897278314310799,0.010923878229251806,0.044826340631875926,False
2014-02-21 22:50:00,0.134,False,0.029850746268656716,0.010310140161134273,0.044826340631875926,False
2014-02-21 22:55:00,0.134,False,0.029850746268656716,0.010313957776543961,0.044826340631875926,False
2014-02-21 23:00:00,0.066,False,0.0,0.010233496473150916,0.044826340631875926,False
2014-02-21 23:05:00,0.134,False,0.029850746268656716,0.010276258211252559,0.044826340631875926,False
2014-02-21 23:10:00,0.134,False,0.029850746268656716,0.01025049050243444,0.044826340631875926,False
2014-02-21 23:15:00,0.134,False,0.029850746268656716,0.010233561665731139,0.044826340631875926,False
2014-02-21 23:20:00,0.066,False,0.0,0.010189800316515302,0.044826340631875926,False
2014-02-21 23:25:00,0.132,False,0.02897278314310799,0.010825561440092167,0.044826340631875926,False
2014-02-21 23:30:00,0.134,False,0.029850746268656716,0.010833365116121213,0.044826340631875926,False
2014-02-21 23:35:00,0.134,False,0.029850746268656716,0.010757879931332509,0.044826340631875926,False
2014-02-21 23:40:00,0.134,False,0.029850746268656716,0.010169262604835366,0.044826340631875926,False
2014-02-21 23:45:00,0.066,False,0.0,0.01018605968198922,0.044826340631875926,False
2014-02-21 23:50:00,0.134,False,0.029850746268656716,0.010838796518838976,0.044826340631875926,False
2014-02-21 23:55:00,0.132,False,0.02897278314310799,0.010876725491475368,0.044826340631875926,False
2014-02-22 00:00:00,0.134,False,0.029850746268656716,0.010813194142372713,0.044826340631875926,False
2014-02-22 00:05:00,0.066,False,0.0,0.010233286234152515,0.044826340631875926,False
2014-02-22 00:10:00,0.134,False,0.029850746268656716,0.010901500099988087,0.044826340631875926,False
2014-02-22 00:15:00,0.136,False,0.030728709394205442,0.010823234793137813,0.044826340631875926,False
2014-02-22 00:20:00,0.066,False,0.0,0.01025666198770894,0.044826340631875926,False
2014-02-22 00:25:00,0.132,False,0.02897278314310799,0.010921578093946747,0.044826340631875926,False
2014-02-22 00:30:00,0.136,False,0.030728709394205442,0.010903563467747011,0.044826340631875926,False
2014-02-22 00:35:00,0.066,False,0.0,0.010860026798725895,0.044826340631875926,False
2014-02-22 00:40:00,0.132,False,0.02897278314310799,0.010904547743082813,0.044826340631875926,False
2014-02-22 00:45:00,0.132,False,0.02897278314310799,0.010884414668466688,0.044826340631875926,False
2014-02-22 00:50:00,0.066,False,0.0,0.010880692553114203,0.044826340631875926,False
2014-02-22 00:55:00,0.132,False,0.02897278314310799,0.011482954057321094,0.044826340631875926,False
2014-02-22 01:00:00,0.132,False,0.02897278314310799,0.010876846252969214,0.044826340631875926,False
2014-02-22 01:05:00,0.132,False,0.02897278314310799,0.010899652107647366,0.044826340631875926,False
2014-02-22 01:10:00,0.066,False,0.0,0.010812798090375041,0.044826340631875926,False
2014-02-22 01:15:00,0.134,False,0.029850746268656716,0.010854662033514753,0.044826340631875926,False
2014-02-22 01:20:00,0.134,False,0.029850746268656716,0.010888382545700974,0.044826340631875926,False
2014-02-22 01:25:00,0.134,False,0.029850746268656716,0.01090356142728657,0.044826340631875926,False
2014-02-22 01:30:00,0.132,False,0.02897278314310799,0.01083706555425257,0.044826340631875926,False
2014-02-22 01:35:00,0.066,False,0.0,0.010229196246383057,0.044826340631875926,False
2014-02-22 01:40:00,0.134,False,0.029850746268656716,0.01086887457479693,0.044826340631875926,False
2014-02-22 01:45:00,0.134,False,0.029850746268656716,0.010868090463277271,0.044826340631875926,False
2014-02-22 01:50:00,0.134,False,0.029850746268656716,0.01078814498841422,0.044826340631875926,False
2014-02-22 01:55:00,0.134,False,0.029850746268656716,0.010194172681289382,0.044826340631875926,False
2014-02-22 02:00:00,0.066,False,0.0,0.010202558860095542,0.044826340631875926,False
2014-02-22 02:05:00,0.132,False,0.02897278314310799,0.010852517313352529,0.044826340631875926,False
2014-02-22 02:10:00,0.134,False,0.029850746268656716,0.010823728154198896,0.044826340631875926,False
2014-02-22 02:15:00,0.066,False,0.0,0.01074692285070476,0.044826340631875926,False
2014-02-22 02:20:00,0.134,False,0.029850746268656716,0.010801896276669276,0.044826340631875926,False
2014-02-22 02:25:00,0.134,False,0.029850746268656716,0.010795401543474767,0.044826340631875926,False
2014-02-22 02:30:00,0.066,False,0.0,0.010836360605151757,0.044826340631875926,False
2014-02-22 02:35:00,0.132,False,0.02897278314310799,0.011419540994634637,0.044826340631875926,False
2014-02-22 02:40:00,0.134,False,0.029850746268656716,0.010811824113226506,0.044826340631875926,False
2014-02-22 02:45:00,0.066,False,0.0,0.010831516246096861,0.044826340631875926,False
2014-02-22 02:50:00,0.134,False,0.029850746268656716,0.011380568514546698,0.044826340631875926,False
2014-02-22 02:55:00,0.132,False,0.02897278314310799,0.010803646426500719,0.044826340631875926,False
2014-02-22 03:00:00,0.134,False,0.029850746268656716,0.010833143771789315,0.044826340631875926,False
2014-02-22 03:05:00,0.066,False,0.0,0.010747308993942644,0.044826340631875926,False
2014-02-22 03:10:00,0.136,False,0.030728709394205442,0.010811244661219029,0.044826340631875926,False
2014-02-22 03:15:00,0.134,False,0.029850746268656716,0.01088306153575239,0.044826340631875926,False
2014-02-22 03:20:00,0.066,False,0.0,0.010850421713383301,0.044826340631875926,False
2014-02-22 03:25:00,0.134,False,0.029850746268656716,0.010888016598017322,0.044826340631875926,False
2014-02-22 03:30:00,1.4680000000000002,False,0.6154521510096576,0.010920077927992778,0.044826340631875926,False
2014-02-22 03:35:00,0.068,False,0.0008779631255487266,0.030726105486987745,0.044826340631875926,False
2014-02-22 03:40:00,0.132,False,0.02897278314310799,0.03976146945921186,0.044826340631875926,False
2014-02-22 03:45:00,0.132,False,0.02897278314310799,0.05172087916963179,0.044826340631875926,True
2014-02-22 03:50:00,0.068,False,0.0008779631255487266,0.05291851798995331,0.044826340631875926,True
2014-02-22 03:55:00,0.132,False,0.02897278314310799,0.04926202194435418,0.044826340631875926,True
2014-02-22 04:00:00,0.198,False,0.057945566286215985,0.048498982492532344,0.044826340631875926,True
2014-02-22 04:05:00,0.134,False,0.029850746268656716,0.04842642510709383,0.044826340631875926,True
2014-02-22 04:10:00,0.068,False,0.0008779631255487266,0.04581999652941333,0.044826340631875926,True
2014-02-22 04:15:00,0.132,False,0.02897278314310799,0.04528520220674232,0.044826340631875926,True
2014-02-22 04:20:00,0.132,False,0.02897278314310799,0.04516386241522063,0.044826340631875926,True
2014-02-22 04:25:00,0.134,False,0.029850746268656716,0.04513955054140193,0.044826340631875926,True
2014-02-22 04:30:00,0.132,False,0.02897278314310799,0.0452529445895639,0.044826340631875926,True
2014-02-22 04:35:00,0.066,False,0.0,0.044668144143012345,0.044826340631875926,False
2014-02-22 04:40:00,0.132,False,0.02897278314310799,0.044552794005967115,0.044826340631875926,False
2014-02-22 04:45:00,0.136,False,0.030728709394205442,0.04364306443148201,0.044826340631875926,False
2014-02-22 04:50:00,0.066,False,0.0,0.04343340062210051,0.044826340631875926,False
2014-02-22 04:55:00,0.134,False,0.029850746268656716,0.04300618513291312,0.044826340631875926,False
2014-02-22 05:00:00,0.134,False,0.029850746268656716,0.04440139916921424,0.044826340631875926,False
2014-02-22 05:05:00,0.134,False,0.029850746268656716,0.045759894613602865,0.044826340631875926,True
2014-02-22 05:10:00,0.066,False,0.0,0.047679763457707615,0.044826340631875926,True
2014-02-22 05:15:00,0.134,False,0.029850746268656716,0.04804425383096233,0.044826340631875926,True
2014-02-22 05:20:00,0.066,False,0.0,0.04834622861760243,0.044826340631875926,True
2014-02-22 05:25:00,0.132,False,0.02897278314310799,0.04783590438516518,0.044826340631875926,True
2014-02-22 05:30:00,0.134,False,0.029850746268656716,0.046885259953273785,0.044826340631875926,True
2014-02-22 05:35:00,0.066,False,0.0,0.04574364083068201,0.044826340631875926,True
2014-02-22 05:40:00,0.134,False,0.029850746268656716,0.046646075965583164,0.044826340631875926,True
2014-02-22 05:45:00,0.134,False,0.029850746268656716,0.04742177650267036,0.044826340631875926,True
2014-02-22 05:50:00,0.132,False,0.02897278314310799,0.04834856055611522,0.044826340631875926,True
2014-02-22 05:55:00,0.066,False,0.0,0.048129335013543925,0.044826340631875926,True
2014-02-22 06:00:00,0.132,False,0.02897278314310799,0.04923734570874398,0.044826340631875926,True
2014-02-22 06:05:00,0.132,False,0.02897278314310799,0.012199151895576165,0.044826340631875926,False
2014-02-22 06:10:00,0.066,False,0.0,0.011630648839428366,0.044826340631875926,False
2014-02-22 06:15:00,0.134,False,0.029850746268656716,0.012293470401195862,0.044826340631875926,False
2014-02-22 06:20:00,0.134,False,0.029850746268656716,0.012259572486204816,0.044826340631875926,False
2014-02-22 06:25:00,0.068,False,0.0008779631255487266,0.01170308832569772,0.044826340631875926,False
2014-02-22 06:30:00,0.134,False,0.029850746268656716,0.012303125653781138,0.044826340631875926,False
2014-02-22 06:35:00,0.134,False,0.029850746268656716,0.01138694516448797,0.044826340631875926,False
2014-02-22 06:40:00,0.134,False,0.029850746268656716,0.011316573002722076,0.044826340631875926,False
2014-02-22 06:45:00,0.068,False,0.0008779631255487266,0.010756824308238268,0.044826340631875926,False
2014-02-22 06:50:00,0.134,False,0.029850746268656716,0.011353880348584,0.044826340631875926,False
2014-02-22 06:55:00,0.134,False,0.029850746268656716,0.011388228075480141,0.044826340631875926,False
2014-02-22 07:00:00,0.132,False,0.02897278314310799,0.011405552538013137,0.044826340631875926,False
2014-02-22 07:05:00,0.136,False,0.030728709394205442,0.011344779331759291,0.044826340631875926,False
2014-02-22 07:10:00,0.132,False,0.02897278314310799,0.010792772411397403,0.044826340631875926,False
2014-02-22 07:15:00,0.132,False,0.02897278314310799,0.010798627512247668,0.044826340631875926,False
2014-02-22 07:20:00,0.066,False,0.0,0.010674542393388192,0.044826340631875926,False
2014-02-22 07:25:00,0.134,False,0.029850746268656716,0.010766096679967484,0.044826340631875926,False
2014-02-22 07:30:00,0.134,False,0.029850746268656716,0.010759736057223718,0.044826340631875926,False
2014-02-22 07:35:00,0.066,False,0.0,0.010767847628495935,0.044826340631875926,False
2014-02-22 07:40:00,0.132,False,0.02897278314310799,0.011380964326640909,0.044826340631875926,False
2014-02-22 07:45:00,0.134,False,0.029850746268656716,0.010779848535465309,0.044826340631875926,False
2014-02-22 07:50:00,0.066,False,0.0,0.010706817199396201,0.044826340631875926,False
2014-02-22 07:55:00,0.2019999999999999,False,0.05970149253731338,0.010768931882686524,0.044826340631875926,False
2014-02-22 08:00:00,0.134,False,0.029850746268656716,0.011139646648787195,0.044826340631875926,False
2014-02-22 08:05:00,0.134,False,0.029850746268656716,0.01109703795802865,0.044826340631875926,False
2014-02-22 08:10:00,0.134,False,0.029850746268656716,0.01059269737724824,0.044826340631875926,False
2014-02-22 08:15:00,0.066,False,0.0,0.01063272549732887,0.044826340631875926,False
2014-02-22 08:20:00,0.134,False,0.029850746268656716,0.011450751043282683,0.044826340631875926,False
2014-02-22 08:25:00,0.066,False,0.0,0.011430501722710795,0.044826340631875926,False
2014-02-22 08:30:00,0.134,False,0.029850746268656716,0.011615687766092486,0.044826340631875926,False
2014-02-22 08:35:00,0.134,False,0.029850746268656716,0.011673228839945989,0.044826340631875926,False
2014-02-22 08:40:00,0.066,False,0.0,0.011660039875812264,0.044826340631875926,False
2014-02-22 08:45:00,0.132,False,0.02897278314310799,0.01179410332581096,0.044826340631875926,False
2014-02-22 08:50:00,0.068,False,0.0008779631255487266,0.011791646877837379,0.044826340631875926,False
2014-02-22 08:55:00,0.132,False,0.02897278314310799,0.012348717523213796,0.044826340631875926,False
2014-02-22 09:00:00,0.134,False,0.029850746268656716,0.011781054954645502,0.044826340631875926,False
2014-02-22 09:05:00,0.134,False,0.029850746268656716,0.011788407125490372,0.044826340631875926,False
2014-02-22 09:10:00,0.066,False,0.0,0.011798030543742045,0.044826340631875926,False
2014-02-22 09:15:00,0.132,False,0.02897278314310799,0.012370517922040393,0.044826340631875926,False
2014-02-22 09:20:00,0.134,False,0.029850746268656716,0.011780002125518985,0.044826340631875926,False
2014-02-22 09:25:00,0.068,False,0.0008779631255487266,0.011768119194524949,0.044826340631875926,False
2014-02-22 09:30:00,0.134,False,0.029850746268656716,0.01232775103906973,0.044826340631875926,False
2014-02-22 09:35:00,0.134,False,0.029850746268656716,0.012362634773151648,0.044826340631875926,False
2014-02-22 09:40:00,0.066,False,0.0,0.012345380292437313,0.044826340631875926,False
2014-02-22 09:45:00,0.136,False,0.030728709394205442,0.013004886656280036,0.044826340631875926,False
2014-02-22 09:50:00,0.132,False,0.02897278314310799,0.013012456739708921,0.044826340631875926,False
2014-02-22 09:55:00,0.134,False,0.029850746268656716,0.01241875191687674,0.044826340631875926,False
2014-02-22 10:00:00,0.134,False,0.029850746268656716,0.01243419808804125,0.044826340631875926,False
2014-02-22 10:05:00,0.066,False,0.0,0.012366917296341364,0.044826340631875926,False
2014-02-22 10:10:00,0.134,False,0.029850746268656716,0.012424553683987562,0.044826340631875926,False
2014-02-22 10:15:00,0.134,False,0.029850746268656716,0.012454811663017706,0.044826340631875926,False
2014-02-22 10:20:00,0.066,False,0.0,0.012377666116342976,0.044826340631875926,False
2014-02-22 10:25:00,0.132,False,0.02897278314310799,0.01240021771995826,0.044826340631875926,False
2014-02-22 10:30:00,0.068,False,0.0008779631255487266,0.011379141463111251,0.044826340631875926,False
2014-02-22 10:35:00,0.134,False,0.029850746268656716,0.011944693290645661,0.044826340631875926,False
2014-02-22 10:40:00,0.132,False,0.02897278314310799,0.011985639073903147,0.044826340631875926,False
2014-02-22 10:45:00,0.132,False,0.02897278314310799,0.011918978551487177,0.044826340631875926,False
2014-02-22 10:50:00,0.066,False,0.0,0.01133941623447956,0.044826340631875926,False
2014-02-22 10:55:00,0.134,False,0.029850746268656716,0.01190626817987891,0.044826340631875926,False
2014-02-22 11:00:00,0.136,False,0.030728709394205442,0.011336744207924817,0.044826340631875926,False
2014-02-22 11:05:00,0.134,False,0.029850746268656716,0.011390775189082767,0.044826340631875926,False
2014-02-22 11:10:00,0.066,False,0.0,0.011338522280535049,0.044826340631875926,False
2014-02-22 11:15:00,0.134,False,0.029850746268656716,0.011413103771985518,0.044826340631875926,False
2014-02-22 11:20:00,0.132,False,0.02897278314310799,0.011377359354769865,0.044826340631875926,False
2014-02-22 11:25:00,0.132,False,0.02897278314310799,0.01079954344540494,0.044826340631875926,False
2014-02-22 11:30:00,0.066,False,0.0,0.010805080841080918,0.044826340631875926,False
2014-02-22 11:35:00,0.132,False,0.02897278314310799,0.011458107443427719,0.044826340631875926,False
2014-02-22 11:40:00,0.134,False,0.029850746268656716,0.011372019221664415,0.044826340631875926,False
2014-02-22 11:45:00,0.134,False,0.029850746268656716,0.010794514187774896,0.044826340631875926,False
2014-02-22 11:50:00,0.066,False,0.0,0.010831380024648282,0.044826340631875926,False
2014-02-22 11:55:00,0.132,False,0.02897278314310799,0.011416974712685424,0.044826340631875926,False
2014-02-22 12:00:00,0.132,False,0.02897278314310799,0.010827501624918552,0.044826340631875926,False
2014-02-22 12:05:00,0.134,False,0.029850746268656716,0.010800996503335079,0.044826340631875926,False
2014-02-22 12:10:00,0.066,False,0.0,0.010720615604124305,0.044826340631875926,False
2014-02-22 12:15:00,0.134,False,0.029850746268656716,0.01076550783574764,0.044826340631875926,False
2014-02-22 12:20:00,0.134,False,0.029850746268656716,0.010722741573658693,0.044826340631875926,False
2014-02-22 12:25:00,0.066,False,0.0,0.010751529180608035,0.044826340631875926,False
2014-02-22 12:30:00,0.134,False,0.029850746268656716,0.011403500159860597,0.044826340631875926,False
2014-02-22 12:35:00,0.132,False,0.02897278314310799,0.011348199156702503,0.044826340631875926,False
2014-02-22 12:40:00,0.068,False,0.0008779631255487266,0.010755313649383294,0.044826340631875926,False
2014-02-22 12:45:00,0.134,False,0.029850746268656716,0.011377097181768695,0.044826340631875926,False
2014-02-22 12:50:00,0.134,False,0.029850746268656716,0.011327844373674673,0.044826340631875926,False
2014-02-22 12:55:00,0.136,False,0.030728709394205442,0.010763740512840327,0.044826340631875926,False
2014-02-22 13:00:00,0.066,False,0.0,0.010752941376072012,0.044826340631875926,False
2014-02-22 13:05:00,0.134,False,0.029850746268656716,0.010833032749689196,0.044826340631875926,False
2014-02-22 13:10:00,0.132,False,0.02897278314310799,0.010834666724102273,0.044826340631875926,False
2014-02-22 13:15:00,0.132,False,0.02897278314310799,0.010852269900437767,0.044826340631875926,False
2014-02-22 13:20:00,0.066,False,0.0,0.010790382770296508,0.044826340631875926,False
2014-02-22 13:25:00,0.134,False,0.029850746268656716,0.010842099423305765,0.044826340631875926,False
2014-02-22 13:30:00,0.134,False,0.029850746268656716,0.01083984630564508,0.044826340631875926,False
2014-02-22 13:35:00,0.136,False,0.030728709394205442,0.010819858703615109,0.044826340631875926,False
2014-02-22 13:40:00,0.066,False,0.0,0.010774191727336818,0.044826340631875926,False
2014-02-22 13:45:00,0.134,False,0.029850746268656716,0.01083146955579179,0.044826340631875926,False
2014-02-22 13:50:00,0.136,False,0.030728709394205442,0.010825076026317054,0.044826340631875926,False
2014-02-22 13:55:00,0.136,False,0.030728709394205442,0.010884677860226273,0.044826340631875926,False
2014-02-22 14:00:00,0.066,False,0.0,0.010866088085944957,0.044826340631875926,False
2014-02-22 14:05:00,0.132,False,0.02897278314310799,0.010928153409138826,0.044826340631875926,False
2014-02-22 14:10:00,0.132,False,0.02897278314310799,0.01092398611314645,0.044826340631875926,False
2014-02-22 14:15:00,0.066,False,0.0,0.010904488883496098,0.044826340631875926,False
2014-02-22 14:20:00,0.132,False,0.02897278314310799,0.01147521525498219,0.044826340631875926,False
2014-02-22 14:25:00,0.134,False,0.029850746268656716,0.01085681660034859,0.044826340631875926,False
2014-02-22 14:30:00,0.068,False,0.0008779631255487266,0.010888092390776446,0.044826340631875926,False
2014-02-22 14:35:00,0.134,False,0.029850746268656716,0.011529609832922495,0.044826340631875926,False
2014-02-22 14:40:00,0.066,False,0.0,0.011474455978731191,0.044826340631875926,False
2014-02-22 14:45:00,0.132,False,0.02897278314310799,0.011497841861108814,0.044826340631875926,False
2014-02-22 14:50:00,0.132,False,0.02897278314310799,0.011506645475591364,0.044826340631875926,False
2014-02-22 14:55:00,0.2019999999999999,False,0.05970149253731338,0.01143155288276117,0.044826340631875926,False
2014-02-22 15:00:00,0.134,False,0.029850746268656716,0.011267516103796362,0.044826340631875926,False
2014-02-22 15:05:00,0.134,False,0.029850746268656716,0.011306260302575626,0.044826340631875926,False
2014-02-22 15:10:00,0.134,False,0.029850746268656716,0.011281571181026033,0.044826340631875926,False
2014-02-22 15:15:00,0.134,False,0.029850746268656716,0.010799037447792845,0.044826340631875926,False
2014-02-22 15:20:00,0.066,False,0.0,0.01081823498628791,0.044826340631875926,False
2014-02-22 15:25:00,0.134,False,0.029850746268656716,0.011624021836024187,0.044826340631875926,False
2014-02-22 15:30:00,0.134,False,0.029850746268656716,0.011522203638063798,0.044826340631875926,False
2014-02-22 15:35:00,0.066,False,0.0,0.010981456912783608,0.044826340631875926,False
2014-02-22 15:40:00,0.132,False,0.02897278314310799,0.011698257256455154,0.044826340631875926,False
2014-02-22 15:45:00,0.134,False,0.029850746268656716,0.011702540657328498,0.044826340631875926,False
2014-02-22 15:50:00,0.068,False,0.0008779631255487266,0.011665430921218458,0.044826340631875926,False
2014-02-22 15:55:00,0.134,False,0.029850746268656716,0.01174814311554723,0.044826340631875926,False
2014-02-22 16:00:00,0.134,False,0.029850746268656716,0.01174105922769202,0.044826340631875926,False
2014-02-22 16:05:00,0.134,False,0.029850746268656716,0.01174828268975708,0.044826340631875926,False
2014-02-22 16:10:00,0.068,False,0.0008779631255487266,0.01165690089256783,0.044826340631875926,False
2014-02-22 16:15:00,0.134,False,0.029850746268656716,0.01172243242056913,0.044826340631875926,False
2014-02-22 16:20:00,0.132,False,0.02897278314310799,0.011725968217767743,0.044826340631875926,False
2014-02-22 16:25:00,0.134,False,0.029850746268656716,0.011691313907929263,0.044826340631875926,False
2014-02-22 16:30:00,0.066,False,0.0,0.011611286050511668,0.044826340631875926,False
2014-02-22 16:35:00,0.132,False,0.02897278314310799,0.011715117838415771,0.044826340631875926,False
2014-02-22 16:40:00,0.066,False,0.0,0.011743602525624902,0.044826340631875926,False
2014-02-22 16:45:00,0.134,False,0.029850746268656716,0.012360900729504333,0.044826340631875926,False
2014-02-22 16:50:00,0.132,False,0.02897278314310799,0.011796614826150739,0.044826340631875926,False
2014-02-22 16:55:00,0.134,False,0.029850746268656716,0.011830215640791258,0.044826340631875926,False
2014-02-22 17:00:00,0.134,False,0.029850746268656716,0.011774982251652084,0.044826340631875926,False
2014-02-22 17:05:00,0.136,False,0.030728709394205442,0.011234233531101175,0.044826340631875926,False
2014-02-22 17:10:00,0.066,False,0.0,0.011175640915074312,0.044826340631875926,False
2014-02-22 17:15:00,0.134,False,0.029850746268656716,0.011246300731339417,0.044826340631875926,False
2014-02-22 17:20:00,0.136,False,0.030728709394205442,0.011240714525911305,0.044826340631875926,False
2014-02-22 17:25:00,0.134,False,0.029850746268656716,0.01126824881257868,0.044826340631875926,False
2014-02-22 17:30:00,0.134,False,0.029850746268656716,0.010260583964885937,0.044826340631875926,False
2014-02-22 17:35:00,0.134,False,0.029850746268656716,0.01024599721819328,0.044826340631875926,False
2014-02-22 17:40:00,0.134,False,0.029850746268656716,0.010238437051973408,0.044826340631875926,False
2014-02-22 17:45:00,0.066,False,0.0,0.010238333923520311,0.044826340631875926,False
2014-02-22 17:50:00,0.134,False,0.029850746268656716,0.010878214224756528,0.044826340631875926,False
2014-02-22 17:55:00,0.134,False,0.029850746268656716,0.010289236786863868,0.044826340631875926,False
2014-02-22 18:00:00,0.134,False,0.029850746268656716,0.010287010491293335,0.044826340631875926,False
2014-02-22 18:05:00,0.066,False,0.0,0.010213541992407704,0.044826340631875926,False
2014-02-22 18:10:00,0.134,False,0.029850746268656716,0.010326875505747065,0.044826340631875926,False
2014-02-22 18:15:00,0.132,False,0.02897278314310799,0.010347466728981732,0.044826340631875926,False
2014-02-22 18:20:00,0.066,False,0.0,0.010246603260836666,0.044826340631875926,False
2014-02-22 18:25:00,0.134,False,0.029850746268656716,0.010351152469114859,0.044826340631875926,False
2014-02-22 18:30:00,0.134,False,0.029850746268656716,0.010340447847442227,0.044826340631875926,False
2014-02-22 18:35:00,0.066,False,0.0,0.010349435793257153,0.044826340631875926,False
2014-02-22 18:40:00,0.132,False,0.02897278314310799,0.01094279771156659,0.044826340631875926,False
2014-02-22 18:45:00,0.068,False,0.0008779631255487266,0.010362177155312296,0.044826340631875926,False
2014-02-22 18:50:00,0.132,False,0.02897278314310799,0.010957995352229247,0.044826340631875926,False
2014-02-22 18:55:00,0.134,False,0.029850746268656716,0.011002497794311016,0.044826340631875926,False
2014-02-22 19:00:00,0.134,False,0.029850746268656716,0.010959188562711848,0.044826340631875926,False
2014-02-22 19:05:00,0.066,False,0.0,0.010397380039494896,0.044826340631875926,False
2014-02-22 19:10:00,0.134,False,0.029850746268656716,0.010996591772710783,0.044826340631875926,False
2014-02-22 19:15:00,0.134,False,0.029850746268656716,0.010398621918654836,0.044826340631875926,False
2014-02-22 19:20:00,0.134,False,0.029850746268656716,0.010393366713718967,0.044826340631875926,False
2014-02-22 19:25:00,0.066,False,0.0,0.010416914327334492,0.044826340631875926,False
2014-02-22 19:30:00,0.134,False,0.029850746268656716,0.011045943665077522,0.044826340631875926,False
2014-02-22 19:35:00,0.134,False,0.029850746268656716,0.011053418832590416,0.044826340631875926,False
2014-02-22 19:40:00,0.134,False,0.029850746268656716,0.010944925969914098,0.044826340631875926,False
2014-02-22 19:45:00,0.066,False,0.0,0.010344234915471472,0.044826340631875926,False
2014-02-22 19:50:00,0.134,False,0.029850746268656716,0.01094457902121097,0.044826340631875926,False
2014-02-22 19:55:00,0.134,False,0.029850746268656716,0.01089467050838547,0.044826340631875926,False
2014-02-22 20:00:00,0.134,False,0.029850746268656716,0.010879311136484911,0.044826340631875926,False
2014-02-22 20:05:00,0.066,False,0.0,0.010868643022657203,0.044826340631875926,False
2014-02-22 20:10:00,0.134,False,0.029850746268656716,0.011514430640896038,0.044826340631875926,False
2014-02-22 20:15:00,0.134,False,0.029850746268656716,0.01143940925474949,0.044826340631875926,False
2014-02-22 20:20:00,0.134,False,0.029850746268656716,0.010850149936557581,0.044826340631875926,False
2014-02-22 20:25:00,0.068,False,0.0008779631255487266,0.010844949058771897,0.044826340631875926,False
2014-02-22 20:30:00,0.134,False,0.029850746268656716,0.011469523454472564,0.044826340631875926,False
2014-02-22 20:35:00,0.132,False,0.02897278314310799,0.011405184027816,0.044826340631875926,False
2014-02-22 20:40:00,0.068,False,0.0008779631255487266,0.010806345630776194,0.044826340631875926,False
2014-02-22 20:45:00,0.134,False,0.029850746268656716,0.01142666829057105,0.044826340631875926,False
2014-02-22 20:50:00,0.134,False,0.029850746268656716,0.011400992836326769,0.044826340631875926,False
2014-02-22 20:55:00,0.132,False,0.02897278314310799,0.01083426010021697,0.044826340631875926,False
2014-02-22 21:00:00,0.066,False,0.0,0.010828740408119136,0.044826340631875926,False
2014-02-22 21:05:00,0.134,False,0.029850746268656716,0.011432904736971535,0.044826340631875926,False
2014-02-22 21:10:00,0.134,False,0.029850746268656716,0.010861203705367023,0.044826340631875926,False
2014-02-22 21:15:00,0.068,False,0.0008779631255487266,0.010823735223801239,0.044826340631875926,False
2014-02-22 21:20:00,0.134,False,0.029850746268656716,0.010862820721260017,0.044826340631875926,False
2014-02-22 21:25:00,0.134,False,0.029850746268656716,0.010893421489085791,0.044826340631875926,False
2014-02-22 21:30:00,0.066,False,0.0,0.010906949384099283,0.044826340631875926,False
2014-02-22 21:35:00,0.132,False,0.02897278314310799,0.011470667677387737,0.044826340631875926,False
2014-02-22 21:40:00,0.134,False,0.029850746268656716,0.010855440114032533,0.044826340631875926,False
2014-02-22 21:45:00,0.066,False,0.0,0.010858685400676037,0.044826340631875926,False
2014-02-22 21:50:00,0.132,False,0.02897278314310799,0.011490238684684444,0.044826340631875926,False
2014-02-22 21:55:00,0.132,False,0.02897278314310799,0.011402743607039927,0.044826340631875926,False
2014-02-22 22:00:00,0.132,False,0.02897278314310799,0.010793022209010362,0.044826340631875926,False
2014-02-22 22:05:00,0.134,False,0.029850746268656716,0.010768270767834891,0.044826340631875926,False
2014-02-22 22:10:00,0.066,False,0.0,0.010776062088317778,0.044826340631875926,False
2014-02-22 22:15:00,0.134,False,0.029850746268656716,0.011353342549290471,0.044826340631875926,False
2014-02-22 22:20:00,0.132,False,0.02897278314310799,0.010760303303209052,0.044826340631875926,False
2014-02-22 22:25:00,0.134,False,0.029850746268656716,0.010730357689770436,0.044826340631875926,False
2014-02-22 22:30:00,0.066,False,0.0,0.010733972028506174,0.044826340631875926,False
2014-02-22 22:35:00,0.134,False,0.029850746268656716,0.011312995739074034,0.044826340631875926,False
2014-02-22 22:40:00,0.134,False,0.029850746268656716,0.010718142524969951,0.044826340631875926,False
2014-02-22 22:45:00,0.132,False,0.02897278314310799,0.010713845216346161,0.044826340631875926,False
2014-02-22 22:50:00,0.132,False,0.02897278314310799,0.010695120860256398,0.044826340631875926,False
2014-02-22 22:55:00,0.134,False,0.029850746268656716,0.010599652233345221,0.044826340631875926,False
2014-02-22 23:00:00,0.068,False,0.0008779631255487266,0.01004967311266913,0.044826340631875926,False
2014-02-22 23:05:00,0.134,False,0.029850746268656716,0.010694704753779283,0.044826340631875926,False
2014-02-22 23:10:00,0.132,False,0.02897278314310799,0.010642389624434355,0.044826340631875926,False
2014-02-22 23:15:00,0.066,False,0.0,0.010058177019097943,0.044826340631875926,False
2014-02-22 23:20:00,0.134,False,0.029850746268656716,0.01070317220600212,0.044826340631875926,False
2014-02-22 23:25:00,0.132,False,0.02897278314310799,0.010711670151966455,0.044826340631875926,False
2014-02-22 23:30:00,0.132,False,0.02897278314310799,0.010651537509379432,0.044826340631875926,False
2014-02-22 23:35:00,0.066,False,0.0,0.01005325287674249,0.044826340631875926,False
2014-02-22 23:40:00,0.132,False,0.02897278314310799,0.010727319111548774,0.044826340631875926,False
2014-02-22 23:45:00,0.134,False,0.029850746268656716,0.010637783816584128,0.044826340631875926,False
2014-02-22 23:50:00,0.134,False,0.029850746268656716,0.010090871913675276,0.044826340631875926,False
2014-02-22 23:55:00,0.132,False,0.02897278314310799,0.010101819858892568,0.044826340631875926,False
2014-02-23 00:00:00,0.066,False,0.0,0.010013195459494069,0.044826340631875926,False
2014-02-23 00:05:00,0.132,False,0.02897278314310799,0.01011397238517709,0.044826340631875926,False
2014-02-23 00:10:00,0.066,False,0.0,0.010117266348947163,0.044826340631875926,False
2014-02-23 00:15:00,0.2,False,0.058823529411764705,0.010686795660484017,0.044826340631875926,False
2014-02-23 00:20:00,0.132,False,0.02897278314310799,0.010429234794055662,0.044826340631875926,False
2014-02-23 00:25:00,0.134,False,0.029850746268656716,0.010475834077870092,0.044826340631875926,False
2014-02-23 00:30:00,0.132,False,0.02897278314310799,0.010541531116038533,0.044826340631875926,False
2014-02-23 00:35:00,0.066,False,0.0,0.010584015071660255,0.044826340631875926,False
2014-02-23 00:40:00,0.134,False,0.029850746268656716,0.01131804364119875,0.044826340631875926,False
2014-02-23 00:45:00,0.066,False,0.0,0.010768711425632209,0.044826340631875926,False
2014-02-23 00:50:00,0.132,False,0.02897278314310799,0.011479127428878421,0.044826340631875926,False
2014-02-23 00:55:00,0.134,False,0.029850746268656716,0.011496058811196759,0.044826340631875926,False
2014-02-23 01:00:00,0.134,False,0.029850746268656716,0.011435570155033544,0.044826340631875926,False
2014-02-23 01:05:00,0.134,False,0.029850746268656716,0.010877430546055207,0.044826340631875926,False
2014-02-23 01:10:00,0.068,False,0.0008779631255487266,0.01087832616793113,0.044826340631875926,False
2014-02-23 01:15:00,0.2019999999999999,False,0.05970149253731338,0.011518744719976525,0.044826340631875926,False
2014-02-23 01:20:00,0.066,False,0.0,0.01195343327549097,0.044826340631875926,False
2014-02-23 01:25:00,0.134,False,0.029850746268656716,0.012832622926378056,0.044826340631875926,False
2014-02-23 01:30:00,0.134,False,0.029850746268656716,0.012770836689515718,0.044826340631875926,False
2014-02-23 01:35:00,0.068,False,0.0008779631255487266,0.012282045958697233,0.044826340631875926,False
2014-02-23 01:40:00,0.136,False,0.030728709394205442,0.01300590269361318,0.044826340631875926,False
2014-02-23 01:45:00,0.132,False,0.02897278314310799,0.01299735884759155,0.044826340631875926,False
2014-02-23 01:50:00,0.066,False,0.0,0.012435584667582746,0.044826340631875926,False
2014-02-23 01:55:00,0.198,False,0.057945566286215985,0.0131196703810876,0.044826340631875926,False
2014-02-23 02:00:00,0.066,False,0.0,0.013663477362955317,0.044826340631875926,False
2014-02-23 02:05:00,0.132,False,0.02897278314310799,0.014423525027869682,0.044826340631875926,False
2014-02-23 02:10:00,0.132,False,0.02897278314310799,0.013875263903801347,0.044826340631875926,False
2014-02-23 02:15:00,0.136,False,0.030728709394205442,0.01389686059133679,0.044826340631875926,False
2014-02-23 02:20:00,0.134,False,0.029850746268656716,0.013937106570362484,0.044826340631875926,False
2014-02-23 02:25:00,0.068,False,0.0008779631255487266,0.013951101368426717,0.044826340631875926,False
2014-02-23 02:30:00,0.134,False,0.029850746268656716,0.014620442879635633,0.044826340631875926,False
2014-02-23 02:35:00,0.066,False,0.0,0.014082911514500217,0.044826340631875926,False
2014-02-23 02:40:00,0.134,False,0.029850746268656716,0.01472297428442366,0.044826340631875926,False
2014-02-23 02:45:00,0.134,False,0.029850746268656716,0.014161194383853841,0.044826340631875926,False
2014-02-23 02:50:00,0.066,False,0.0,0.013199215370345118,0.044826340631875926,False
2014-02-23 02:55:00,0.132,False,0.02897278314310799,0.013863199905655623,0.044826340631875926,False
2014-02-23 03:00:00,0.134,False,0.029850746268656716,0.0138628315449825,0.044826340631875926,False
2014-02-23 03:05:00,0.134,False,0.029850746268656716,0.013840760247013806,0.044826340631875926,False
2014-02-23 03:10:00,0.066,False,0.0,0.013283702648602657,0.044826340631875926,False
2014-02-23 03:15:00,0.134,False,0.029850746268656716,0.01385489815831367,0.044826340631875926,False
2014-02-23 03:20:00,0.136,False,0.030728709394205442,0.013273530681354537,0.044826340631875926,False
2014-02-23 03:25:00,0.068,False,0.0008779631255487266,0.013328169621439973,0.044826340631875926,False
2014-02-23 03:30:00,0.134,False,0.029850746268656716,0.013915684642987026,0.044826340631875926,False
2014-02-23 03:35:00,1.444,False,0.6049165935030728,0.013947940317388944,0.044826340631875926,False
2014-02-23 03:40:00,0.066,False,0.0,0.03359561662113619,0.044826340631875926,False
2014-02-23 03:45:00,0.134,False,0.029850746268656716,0.04205762246633992,0.044826340631875926,False
2014-02-23 03:50:00,0.136,False,0.030728709394205442,0.05353199293439565,0.044826340631875926,True
2014-02-23 03:55:00,0.134,False,0.029850746268656716,0.05478869388046226,0.044826340631875926,True
2014-02-23 04:00:00,0.068,False,0.0008779631255487266,0.052700085398207676,0.044826340631875926,True
2014-02-23 04:05:00,0.132,False,0.02897278314310799,0.05021689633844557,0.044826340631875926,True
2014-02-23 04:10:00,0.066,False,0.0,0.048183273579810816,0.044826340631875926,True
2014-02-23 04:15:00,0.134,False,0.029850746268656716,0.04667804313696569,0.044826340631875926,True
2014-02-23 04:20:00,0.134,False,0.029850746268656716,0.04608002399847474,0.044826340631875926,True
2014-02-23 04:25:00,0.066,False,0.0,0.045347724476093816,0.044826340631875926,True
2014-02-23 04:30:00,0.134,False,0.029850746268656716,0.04456748303520921,0.044826340631875926,False
2014-02-23 04:35:00,0.068,False,0.0008779631255487266,0.04405098180418775,0.044826340631875926,False
2014-02-23 04:40:00,0.134,False,0.029850746268656716,0.044148233044703944,0.044826340631875926,False
2014-02-23 04:45:00,0.132,False,0.02897278314310799,0.04460668226996727,0.044826340631875926,False
2014-02-23 04:50:00,0.066,False,0.0,0.04418323535258471,0.044826340631875926,False
2014-02-23 04:55:00,0.134,False,0.029850746268656716,0.04323231435931711,0.044826340631875926,False
2014-02-23 05:00:00,0.134,False,0.029850746268656716,0.043177463819635595,0.044826340631875926,False
2014-02-23 05:05:00,0.134,False,0.029850746268656716,0.043752684376213706,0.044826340631875926,False
2014-02-23 05:10:00,0.066,False,0.0,0.04482071184108123,0.044826340631875926,False
2014-02-23 05:15:00,0.134,False,0.029850746268656716,0.04548747141567245,0.044826340631875926,True
2014-02-23 05:20:00,0.066,False,0.0,0.04646160719948386,0.044826340631875926,True
2014-02-23 05:25:00,0.134,False,0.029850746268656716,0.04623079408153146,0.044826340631875926,True
2014-02-23 05:30:00,0.066,False,0.0,0.04619746411855385,0.044826340631875926,True
2014-02-23 05:35:00,0.134,False,0.029850746268656716,0.04581765342685854,0.044826340631875926,True
2014-02-23 05:40:00,0.134,False,0.029850746268656716,0.045084563094630895,0.044826340631875926,True
2014-02-23 05:45:00,0.066,False,0.0,0.044540892607694046,0.044826340631875926,False
2014-02-23 05:50:00,0.134,False,0.029850746268656716,0.04584134704928614,0.044826340631875926,True
2014-02-23 05:55:00,0.132,False,0.02897278314310799,0.04661862010717879,0.044826340631875926,True
2014-02-23 06:00:00,0.066,False,0.0,0.04630196499007292,0.044826340631875926,True
2014-02-23 06:05:00,0.134,False,0.029850746268656716,0.047587206619575,0.044826340631875926,True
2014-02-23 06:10:00,0.134,False,0.029850746268656716,0.012589561668155672,0.044826340631875926,False
2014-02-23 06:15:00,0.066,False,0.0,0.01201729308857419,0.044826340631875926,False
2014-02-23 06:20:00,0.134,False,0.029850746268656716,0.012600580828505837,0.044826340631875926,False
2014-02-23 06:25:00,0.134,False,0.029850746268656716,0.012625928208851169,0.044826340631875926,False
2014-02-23 06:30:00,0.068,False,0.0008779631255487266,0.012592351049804041,0.044826340631875926,False
2014-02-23 06:35:00,0.134,False,0.029850746268656716,0.012620137679699411,0.044826340631875926,False
2014-02-23 06:40:00,0.134,False,0.029850746268656716,0.01261242899012375,0.044826340631875926,False
2014-02-23 06:45:00,0.068,False,0.0008779631255487266,0.012051788034974514,0.044826340631875926,False
2014-02-23 06:50:00,0.134,False,0.029850746268656716,0.012639320813738654,0.044826340631875926,False
2014-02-23 06:55:00,0.198,False,0.057945566286215985,0.012603659478945883,0.044826340631875926,False
2014-02-23 07:00:00,0.066,False,0.0,0.012564786075826168,0.044826340631875926,False
2014-02-23 07:05:00,0.134,False,0.029850746268656716,0.01322280233199873,0.044826340631875926,False
2014-02-23 07:10:00,0.066,False,0.0,0.012696815446784507,0.044826340631875926,False
2014-02-23 07:15:00,0.134,False,0.029850746268656716,0.013373695517529564,0.044826340631875926,False
2014-02-23 07:20:00,0.066,False,0.0,0.013351889087701092,0.044826340631875926,False
2014-02-23 07:25:00,0.134,False,0.029850746268656716,0.013404743444367494,0.044826340631875926,False
2014-02-23 07:30:00,0.066,False,0.0,0.01344332646225318,0.044826340631875926,False
2014-02-23 07:35:00,0.134,False,0.029850746268656716,0.014076813234014662,0.044826340631875926,False
2014-02-23 07:40:00,0.134,False,0.029850746268656716,0.014068047750118724,0.044826340631875926,False
2014-02-23 07:45:00,0.066,False,0.0,0.01354385062698945,0.044826340631875926,False
2014-02-23 07:50:00,0.132,False,0.02897278314310799,0.014103671459479482,0.044826340631875926,False
2014-02-23 07:55:00,0.134,False,0.029850746268656716,0.013545158709038808,0.044826340631875926,False
2014-02-23 08:00:00,0.134,False,0.029850746268656716,0.013508838742921268,0.044826340631875926,False
2014-02-23 08:05:00,0.134,False,0.029850746268656716,0.012955265594790785,0.044826340631875926,False
2014-02-23 08:10:00,0.066,False,0.0,0.012976722087234663,0.044826340631875926,False
2014-02-23 08:15:00,0.134,False,0.029850746268656716,0.013541637750913217,0.044826340631875926,False
2014-02-23 08:20:00,0.136,False,0.030728709394205442,0.01297432163434268,0.044826340631875926,False
2014-02-23 08:25:00,0.066,False,0.0,0.013017839597925684,0.044826340631875926,False
2014-02-23 08:30:00,0.132,False,0.02897278314310799,0.01360076076084274,0.044826340631875926,False
2014-02-23 08:35:00,0.066,False,0.0,0.012998599404856705,0.044826340631875926,False
2014-02-23 08:40:00,0.132,False,0.02897278314310799,0.013601536995613821,0.044826340631875926,False
2014-02-23 08:45:00,0.134,False,0.029850746268656716,0.013523639197100716,0.044826340631875926,False
2014-02-23 08:50:00,0.068,False,0.0008779631255487266,0.012947888588677259,0.044826340631875926,False
2014-02-23 08:55:00,0.132,False,0.02897278314310799,0.013520156990443451,0.044826340631875926,False
2014-02-23 09:00:00,0.134,False,0.029850746268656716,0.013443821081976146,0.044826340631875926,False
2014-02-23 09:05:00,0.066,False,0.0,0.012901704869444846,0.044826340631875926,False
2014-02-23 09:10:00,0.134,False,0.029850746268656716,0.01351160552447516,0.044826340631875926,False
2014-02-23 09:15:00,0.134,False,0.029850746268656716,0.013472642589067203,0.044826340631875926,False
2014-02-23 09:20:00,0.134,False,0.029850746268656716,0.012945904002358925,0.044826340631875926,False
2014-02-23 09:25:00,0.066,False,0.0,0.012984193653633604,0.044826340631875926,False
2014-02-23 09:30:00,0.134,False,0.029850746268656716,0.01263378216785002,0.044826340631875926,False
2014-02-23 09:35:00,0.068,False,0.0008779631255487266,0.012094441118775782,0.044826340631875926,False
2014-02-23 09:40:00,0.134,False,0.029850746268656716,0.012626804335041196,0.044826340631875926,False
2014-02-23 09:45:00,0.134,False,0.029850746268656716,0.012086476456566896,0.044826340631875926,False
2014-02-23 09:50:00,0.066,False,0.0,0.012049376104219998,0.044826340631875926,False
2014-02-23 09:55:00,0.132,False,0.02897278314310799,0.012089257944568244,0.044826340631875926,False
2014-02-23 10:00:00,0.134,False,0.029850746268656716,0.012013637664367274,0.044826340631875926,False
2014-02-23 10:05:00,0.066,False,0.0,0.011434838712980755,0.044826340631875926,False
2014-02-23 10:10:00,0.132,False,0.02897278314310799,0.012039122189034536,0.044826340631875926,False
2014-02-23 10:15:00,0.134,False,0.029850746268656716,0.011946841106767239,0.044826340631875926,False
2014-02-23 10:20:00,0.066,False,0.0,0.011355970724697588,0.044826340631875926,False
2014-02-23 10:25:00,0.132,False,0.02897278314310799,0.011956197661607973,0.044826340631875926,False
2014-02-23 10:30:00,0.132,False,0.02897278314310799,0.011950111290767573,0.044826340631875926,False
2014-02-23 10:35:00,0.136,False,0.030728709394205442,0.011957219836076149,0.044826340631875926,False
2014-02-23 10:40:00,0.068,False,0.0008779631255487266,0.011933265838478787,0.044826340631875926,False
2014-02-23 10:45:00,0.134,False,0.029850746268656716,0.011939024214406858,0.044826340631875926,False
2014-02-23 10:50:00,0.134,False,0.029850746268656716,0.011976735390186361,0.044826340631875926,False
2014-02-23 10:55:00,0.132,False,0.02897278314310799,0.011902507685587125,0.044826340631875926,False
2014-02-23 11:00:00,0.068,False,0.0008779631255487266,0.011319155692847055,0.044826340631875926,False
2014-02-23 11:05:00,0.132,False,0.02897278314310799,0.011883889189830013,0.044826340631875926,False
2014-02-23 11:10:00,0.132,False,0.02897278314310799,0.011276800330278029,0.044826340631875926,False
2014-02-23 11:15:00,0.134,False,0.029850746268656716,0.01129374475111241,0.044826340631875926,False
2014-02-23 11:20:00,0.066,False,0.0,0.011224244928158073,0.044826340631875926,False
2014-02-23 11:25:00,0.134,False,0.029850746268656716,0.011304690390618127,0.044826340631875926,False
2014-02-23 11:30:00,0.2019999999999999,False,0.05970149253731338,0.01134033420809727,0.044826340631875926,False
2014-02-23 11:35:00,0.066,False,0.0,0.011651914096978414,0.044826340631875926,False
2014-02-23 11:40:00,0.134,False,0.029850746268656716,0.011903153635171162,0.044826340631875926,False
2014-02-23 11:45:00,0.068,False,0.0008779631255487266,0.011919347037481376,0.044826340631875926,False
2014-02-23 11:50:00,0.134,False,0.029850746268656716,0.012620534822137633,0.044826340631875926,False
2014-02-23 11:55:00,0.134,False,0.029850746268656716,0.01257819261381177,0.044826340631875926,False
2014-02-23 12:00:00,0.134,False,0.029850746268656716,0.012051916840784127,0.044826340631875926,False
2014-02-23 12:05:00,0.066,False,0.0,0.012006397891156251,0.044826340631875926,False
2014-02-23 12:10:00,0.134,False,0.029850746268656716,0.01217687269261192,0.044826340631875926,False
2014-02-23 12:15:00,0.136,False,0.030728709394205442,0.012204141941773003,0.044826340631875926,False
2014-02-23 12:20:00,0.068,False,0.0008779631255487266,0.012184394790333349,0.044826340631875926,False
2014-02-23 12:25:00,0.2019999999999999,False,0.05970149253731338,0.012255896158126103,0.044826340631875926,False
2014-02-23 12:30:00,0.066,False,0.0,0.01278751844358716,0.044826340631875926,False
2014-02-23 12:35:00,0.134,False,0.029850746268656716,0.013521925564708154,0.044826340631875926,False
2014-02-23 12:40:00,0.132,False,0.02897278314310799,0.012994688666783506,0.044826340631875926,False
2014-02-23 12:45:00,0.068,False,0.0008779631255487266,0.013021598549607135,0.044826340631875926,False
2014-02-23 12:50:00,0.2,False,0.058823529411764705,0.013649444805688766,0.044826340631875926,False
2014-02-23 12:55:00,0.066,False,0.0,0.01365688407893396,0.044826340631875926,False
2014-02-23 13:00:00,0.134,False,0.029850746268656716,0.014518314898439251,0.044826340631875926,False
2014-02-23 13:05:00,0.134,False,0.029850746268656716,0.014555030854466295,0.044826340631875926,False
2014-02-23 13:10:00,0.132,False,0.02897278314310799,0.014456655321447057,0.044826340631875926,False
2014-02-23 13:15:00,0.066,False,0.0,0.013947115477173425,0.044826340631875926,False
2014-02-23 13:20:00,0.132,False,0.02897278314310799,0.014672288783319793,0.044826340631875926,False
2014-02-23 13:25:00,0.136,False,0.030728709394205442,0.01465067236019499,0.044826340631875926,False
2014-02-23 13:30:00,0.068,False,0.0008779631255487266,0.01464376900784446,0.044826340631875926,False
2014-02-23 13:35:00,0.132,False,0.02897278314310799,0.01476711045148247,0.044826340631875926,False
2014-02-23 13:40:00,0.136,False,0.030728709394205442,0.014777705239179467,0.044826340631875926,False
2014-02-23 13:45:00,0.066,False,0.0,0.014848106317134896,0.044826340631875926,False
2014-02-23 13:50:00,0.136,False,0.030728709394205442,0.015442494863362416,0.044826340631875926,False
2014-02-23 13:55:00,0.134,False,0.029850746268656716,0.014918476669894591,0.044826340631875926,False
2014-02-23 14:00:00,0.134,False,0.029850746268656716,0.014936791625029776,0.044826340631875926,False
2014-02-23 14:05:00,0.134,False,0.029850746268656716,0.013886789039359528,0.044826340631875926,False
2014-02-23 14:10:00,0.066,False,0.0,0.013334276481377017,0.044826340631875926,False
2014-02-23 14:15:00,0.134,False,0.029850746268656716,0.013926916314250267,0.044826340631875926,False
2014-02-23 14:20:00,0.134,False,0.029850746268656716,0.013376614769698841,0.044826340631875926,False
2014-02-23 14:25:00,0.134,False,0.029850746268656716,0.013375280805331131,0.044826340631875926,False
2014-02-23 14:30:00,0.134,False,0.029850746268656716,0.013383039219083051,0.044826340631875926,False
2014-02-23 14:35:00,0.066,False,0.0,0.013322873048883339,0.044826340631875926,False
2014-02-23 14:40:00,0.134,False,0.029850746268656716,0.013423450299006368,0.044826340631875926,False
2014-02-23 14:45:00,0.134,False,0.029850746268656716,0.01343559139261808,0.044826340631875926,False
2014-02-23 14:50:00,0.066,False,0.0,0.013350953985161512,0.044826340631875926,False
2014-02-23 14:55:00,0.134,False,0.029850746268656716,0.013480006538730526,0.044826340631875926,False
2014-02-23 15:00:00,0.132,False,0.02897278314310799,0.012428366067092387,0.044826340631875926,False
2014-02-23 15:05:00,0.134,False,0.029850746268656716,0.011832604263133737,0.044826340631875926,False
2014-02-23 15:10:00,0.066,False,0.0,0.011844231142507922,0.044826340631875926,False
2014-02-23 15:15:00,0.134,False,0.029850746268656716,0.012482734816353291,0.044826340631875926,False
2014-02-23 15:20:00,0.132,False,0.02897278314310799,0.011937296452021993,0.044826340631875926,False
2014-02-23 15:25:00,0.134,False,0.029850746268656716,0.010886132755453885,0.044826340631875926,False
2014-02-23 15:30:00,0.068,False,0.0008779631255487266,0.010305152025715905,0.044826340631875926,False
2014-02-23 15:35:00,0.134,False,0.029850746268656716,0.010919458962560465,0.044826340631875926,False
2014-02-23 15:40:00,0.132,False,0.02897278314310799,0.010937021595319877,0.044826340631875926,False
2014-02-23 15:45:00,0.068,False,0.0008779631255487266,0.010883294527312883,0.044826340631875926,False
2014-02-23 15:50:00,0.134,False,0.029850746268656716,0.010917611723727025,0.044826340631875926,False
2014-02-23 15:55:00,0.134,False,0.029850746268656716,0.010966919347227384,0.044826340631875926,False
2014-02-23 16:00:00,0.134,False,0.029850746268656716,0.010877559078818598,0.044826340631875926,False
2014-02-23 16:05:00,0.134,False,0.029850746268656716,0.01032970498790509,0.044826340631875926,False
2014-02-23 16:10:00,0.134,False,0.029850746268656716,0.010359860211011169,0.044826340631875926,False
2014-02-23 16:15:00,0.066,False,0.0,0.01025655711233781,0.044826340631875926,False
2014-02-23 16:20:00,0.134,False,0.029850746268656716,0.010343022279840375,0.044826340631875926,False
2014-02-23 16:25:00,0.134,False,0.029850746268656716,0.010291780175176195,0.044826340631875926,False
2014-02-23 16:30:00,0.066,False,0.0,0.010278320204622477,0.044826340631875926,False
2014-02-23 16:35:00,0.134,False,0.029850746268656716,0.01093707270233436,0.044826340631875926,False
2014-02-23 16:40:00,0.134,False,0.029850746268656716,0.010854050696478323,0.044826340631875926,False
2014-02-23 16:45:00,0.134,False,0.029850746268656716,0.01025977248093181,0.044826340631875926,False
2014-02-23 16:50:00,0.068,False,0.0008779631255487266,0.01024648865452104,0.044826340631875926,False
2014-02-23 16:55:00,0.132,False,0.02897278314310799,0.010859785665165687,0.044826340631875926,False
2014-02-23 17:00:00,0.134,False,0.029850746268656716,0.01084727211306152,0.044826340631875926,False
2014-02-23 17:05:00,0.134,False,0.029850746268656716,0.010782079843279295,0.044826340631875926,False
2014-02-23 17:10:00,0.068,False,0.0008779631255487266,0.010205453046577639,0.044826340631875926,False
2014-02-23 17:15:00,0.134,False,0.029850746268656716,0.010839026377699615,0.044826340631875926,False
2014-02-23 17:20:00,0.132,False,0.02897278314310799,0.010766986217202585,0.044826340631875926,False
2014-02-23 17:25:00,0.066,False,0.0,0.010156601469147208,0.044826340631875926,False
2014-02-23 17:30:00,0.134,False,0.029850746268656716,0.010789797854529926,0.044826340631875926,False
2014-02-23 17:35:00,0.134,False,0.029850746268656716,0.010832124408187312,0.044826340631875926,False
2014-02-23 17:40:00,0.066,False,0.0,0.010769087280930918,0.044826340631875926,False
2014-02-23 17:45:00,0.134,False,0.029850746268656716,0.01081049723535959,0.044826340631875926,False
2014-02-23 17:50:00,0.134,False,0.029850746268656716,0.010819135190150977,0.044826340631875926,False
2014-02-23 17:55:00,0.134,False,0.029850746268656716,0.01087075733651377,0.044826340631875926,False
2014-02-23 18:00:00,0.134,False,0.029850746268656716,0.01080898624916531,0.044826340631875926,False
2014-02-23 18:05:00,0.134,False,0.029850746268656716,0.01026109391193807,0.044826340631875926,False
2014-02-23 18:10:00,0.134,False,0.029850746268656716,0.01025718595823864,0.044826340631875926,False
2014-02-23 18:15:00,0.066,False,0.0,0.0102070799260407,0.044826340631875926,False
2014-02-23 18:20:00,0.132,False,0.02897278314310799,0.010325004789135521,0.044826340631875926,False
2014-02-23 18:25:00,0.134,False,0.029850746268656716,0.010273802669253877,0.044826340631875926,False
2014-02-23 18:30:00,0.066,False,0.0,0.010256039429611894,0.044826340631875926,False
2014-02-23 18:35:00,0.132,False,0.02897278314310799,0.01090113147406383,0.044826340631875926,False
2014-02-23 18:40:00,0.134,False,0.029850746268656716,0.01088324940611055,0.044826340631875926,False
2014-02-23 18:45:00,0.134,False,0.029850746268656716,0.010812630568038726,0.044826340631875926,False
2014-02-23 18:50:00,0.068,False,0.0008779631255487266,0.010230285202376248,0.044826340631875926,False
2014-02-23 18:55:00,0.134,False,0.029850746268656716,0.010862028236286413,0.044826340631875926,False
2014-02-23 19:00:00,0.134,False,0.029850746268656716,0.010784408335980348,0.044826340631875926,False
2014-02-23 19:05:00,0.132,False,0.02897278314310799,0.01019408364685125,0.044826340631875926,False
2014-02-23 19:10:00,0.134,False,0.029850746268656716,0.01016171889198098,0.044826340631875926,False
2014-02-23 19:15:00,0.134,False,0.029850746268656716,0.010164619899712736,0.044826340631875926,False
2014-02-23 19:20:00,0.134,False,0.029850746268656716,0.010096937583806847,0.044826340631875926,False
2014-02-23 19:25:00,0.134,False,0.029850746268656716,0.009557448880611222,0.044826340631875926,False
2014-02-23 19:30:00,0.134,False,0.029850746268656716,0.009584242091311111,0.044826340631875926,False
2014-02-23 19:35:00,0.066,False,0.0,0.009588993636998628,0.044826340631875926,False
2014-02-23 19:40:00,0.132,False,0.02897278314310799,0.010257822486174304,0.044826340631875926,False
2014-02-23 19:45:00,0.132,False,0.02897278314310799,0.009677785248292582,0.044826340631875926,False
2014-02-23 19:50:00,0.132,False,0.02897278314310799,0.009651680533328022,0.044826340631875926,False
2014-02-23 19:55:00,0.134,False,0.029850746268656716,0.009582484880326553,0.044826340631875926,False
2014-02-23 20:00:00,0.134,False,0.029850746268656716,0.009000137031137207,0.044826340631875926,False
2014-02-23 20:05:00,0.132,False,0.02897278314310799,0.008983808524965504,0.044826340631875926,False
2014-02-23 20:10:00,0.134,False,0.029850746268656716,0.00887747515098704,0.044826340631875926,False
2014-02-23 20:15:00,0.134,False,0.029850746268656716,0.008296462942546037,0.044826340631875926,False
2014-02-23 20:20:00,0.066,False,0.0,0.008276144340023823,0.044826340631875926,False
2014-02-23 20:25:00,0.134,False,0.029850746268656716,0.008998038024767766,0.044826340631875926,False
2014-02-23 20:30:00,0.134,False,0.029850746268656716,0.008969090656503568,0.044826340631875926,False
2014-02-23 20:35:00,0.066,False,0.0,0.008959643134042154,0.044826340631875926,False
2014-02-23 20:40:00,0.134,False,0.029850746268656716,0.009684572619938487,0.044826340631875926,False
2014-02-23 20:45:00,0.134,False,0.029850746268656716,0.009607551001254353,0.044826340631875926,False
2014-02-23 20:50:00,0.066,False,0.0,0.009029520515168237,0.044826340631875926,False
2014-02-23 20:55:00,0.2,False,0.058823529411764705,0.009761272427179779,0.044826340631875926,False
2014-02-23 21:00:00,0.066,False,0.0,0.009844116271599661,0.044826340631875926,False
2014-02-23 21:05:00,0.134,False,0.029850746268656716,0.010171138831540475,0.044826340631875926,False
2014-02-23 21:10:00,0.2,False,0.058823529411764705,0.010233527501483024,0.044826340631875926,False
2014-02-23 21:15:00,0.066,False,0.0,0.010546786325062736,0.044826340631875926,False
2014-02-23 21:20:00,0.132,False,0.02897278314310799,0.011490503538215686,0.044826340631875926,False
2014-02-23 21:25:00,0.132,False,0.02897278314310799,0.011013054213807409,0.044826340631875926,False
2014-02-23 21:30:00,0.134,False,0.029850746268656716,0.011033331225703847,0.044826340631875926,False
2014-02-23 21:35:00,0.066,False,0.0,0.011073595715453913,0.044826340631875926,False
2014-02-23 21:40:00,0.134,False,0.029850746268656716,0.011928565826082755,0.044826340631875926,False
2014-02-23 21:45:00,0.132,False,0.02897278314310799,0.01193310136702113,0.044826340631875926,False
2014-02-23 21:50:00,0.134,False,0.029850746268656716,0.011917110504776035,0.044826340631875926,False
2014-02-23 21:55:00,0.132,False,0.02897278314310799,0.01192176475829859,0.044826340631875926,False
2014-02-23 22:00:00,0.066,False,0.0,0.011901484224274816,0.044826340631875926,False
2014-02-23 22:05:00,0.136,False,0.030728709394205442,0.012579191123201616,0.044826340631875926,False
2014-02-23 22:10:00,0.066,False,0.0,0.012025285484462774,0.044826340631875926,False
2014-02-23 22:15:00,0.134,False,0.029850746268656716,0.012699623408658937,0.044826340631875926,False
2014-02-23 22:20:00,0.134,False,0.029850746268656716,0.012701074462869133,0.044826340631875926,False
2014-02-23 22:25:00,0.066,False,0.0,0.012710372965269386,0.044826340631875926,False
2014-02-23 22:30:00,0.134,False,0.029850746268656716,0.013321440319133007,0.044826340631875926,False
2014-02-23 22:35:00,0.132,False,0.02897278314310799,0.013315074977688196,0.044826340631875926,False
2014-02-23 22:40:00,0.132,False,0.02897278314310799,0.013322787197840413,0.044826340631875926,False
2014-02-23 22:45:00,0.132,False,0.02897278314310799,0.01331100094657885,0.044826340631875926,False
2014-02-23 22:50:00,0.066,False,0.0,0.01322863056453341,0.044826340631875926,False
2014-02-23 22:55:00,0.134,False,0.029850746268656716,0.01331354141674711,0.044826340631875926,False
2014-02-23 23:00:00,0.134,False,0.029850746268656716,0.013332679785214598,0.044826340631875926,False
2014-02-23 23:05:00,0.134,False,0.029850746268656716,0.013279663937213753,0.044826340631875926,False
2014-02-23 23:10:00,0.066,False,0.0,0.012722227290514738,0.044826340631875926,False
2014-02-23 23:15:00,0.132,False,0.02897278314310799,0.013397181448263662,0.044826340631875926,False
2014-02-23 23:20:00,0.134,False,0.029850746268656716,0.013319671142029765,0.044826340631875926,False
2014-02-23 23:25:00,0.134,False,0.029850746268656716,0.012760299082844356,0.044826340631875926,False
2014-02-23 23:30:00,0.066,False,0.0,0.01173545660269532,0.044826340631875926,False
2014-02-23 23:35:00,0.132,False,0.02897278314310799,0.011812656103991208,0.044826340631875926,False
2014-02-23 23:40:00,0.066,False,0.0,0.011789530193237467,0.044826340631875926,False
2014-02-23 23:45:00,0.134,False,0.029850746268656716,0.01138481329657728,0.044826340631875926,False
2014-02-23 23:50:00,0.134,False,0.029850746268656716,0.010784609013400316,0.044826340631875926,False
2014-02-23 23:55:00,0.132,False,0.02897278314310799,0.010809327237403962,0.044826340631875926,False
2014-02-24 00:00:00,0.132,False,0.02897278314310799,0.010818604514098737,0.044826340631875926,False
2014-02-24 00:05:00,0.134,False,0.029850746268656716,0.010721431504787843,0.044826340631875926,False
2014-02-24 00:10:00,0.066,False,0.0,0.010140216268025573,0.044826340631875926,False
2014-02-24 00:15:00,0.134,False,0.029850746268656716,0.010780766562721967,0.044826340631875926,False
2014-02-24 00:20:00,0.132,False,0.02897278314310799,0.010816360647575629,0.044826340631875926,False
2014-02-24 00:25:00,0.068,False,0.0008779631255487266,0.010811909306647221,0.044826340631875926,False
2014-02-24 00:30:00,0.134,False,0.029850746268656716,0.011414215150257891,0.044826340631875926,False
2014-02-24 00:35:00,0.132,False,0.02897278314310799,0.010846842285098473,0.044826340631875926,False
2014-02-24 00:40:00,0.134,False,0.029850746268656716,0.010727923647177593,0.044826340631875926,False
2014-02-24 00:45:00,0.066,False,0.0,0.010145948823723466,0.044826340631875926,False
2014-02-24 00:50:00,0.132,False,0.02897278314310799,0.010803246409309285,0.044826340631875926,False
2014-02-24 00:55:00,0.134,False,0.029850746268656716,0.010696715594944999,0.044826340631875926,False
2014-02-24 01:00:00,0.134,False,0.029850746268656716,0.010100642286179998,0.044826340631875926,False
2014-02-24 01:05:00,0.132,False,0.02897278314310799,0.010084555861789524,0.044826340631875926,False
2014-02-24 01:10:00,0.066,False,0.0,0.010079762034057119,0.044826340631875926,False
2014-02-24 01:15:00,0.132,False,0.02897278314310799,0.010779882133615389,0.044826340631875926,False
2014-02-24 01:20:00,0.066,False,0.0,0.010707643042616424,0.044826340631875926,False
2014-02-24 01:25:00,0.134,False,0.029850746268656716,0.010740737652393554,0.044826340631875926,False
2014-02-24 01:30:00,0.132,False,0.02897278314310799,0.01073930763762432,0.044826340631875926,False
2014-02-24 01:35:00,0.068,False,0.0008779631255487266,0.010728303448972744,0.044826340631875926,False
2014-02-24 01:40:00,0.132,False,0.02897278314310799,0.011258605400027849,0.044826340631875926,False
2014-02-24 01:45:00,0.132,False,0.02897278314310799,0.010649191959329625,0.044826340631875926,False
2014-02-24 01:50:00,0.066,False,0.0,0.010667983751623015,0.044826340631875926,False
2014-02-24 01:55:00,0.134,False,0.029850746268656716,0.01131538255791593,0.044826340631875926,False
2014-02-24 02:00:00,0.134,False,0.029850746268656716,0.011267262921042525,0.044826340631875926,False
2014-02-24 02:05:00,0.132,False,0.02897278314310799,0.010697815441715896,0.044826340631875926,False
2014-02-24 02:10:00,0.134,False,0.029850746268656716,0.010628836165992596,0.044826340631875926,False
2014-02-24 02:15:00,0.134,False,0.029850746268656716,0.010038415985255515,0.044826340631875926,False
2014-02-24 02:20:00,0.066,False,0.0,0.010024074859369868,0.044826340631875926,False
2014-02-24 02:25:00,0.134,False,0.029850746268656716,0.010659151709207077,0.044826340631875926,False
2014-02-24 02:30:00,0.132,False,0.02897278314310799,0.010686680726829082,0.044826340631875926,False
2014-02-24 02:35:00,0.132,False,0.02897278314310799,0.010702271315080832,0.044826340631875926,False
2014-02-24 02:40:00,0.066,False,0.0,0.010608863953379967,0.044826340631875926,False
2014-02-24 02:45:00,0.134,False,0.029850746268656716,0.010684349200256845,0.044826340631875926,False
2014-02-24 02:50:00,0.136,False,0.030728709394205442,0.010683016974357942,0.044826340631875926,False
2014-02-24 02:55:00,0.134,False,0.029850746268656716,0.01065858197124565,0.044826340631875926,False
2014-02-24 03:00:00,0.134,False,0.029850746268656716,0.010095594757729047,0.044826340631875926,False
2014-02-24 03:05:00,0.066,False,0.0,0.010077113840911063,0.044826340631875926,False
2014-02-24 03:10:00,0.134,False,0.029850746268656716,0.010777644094931194,0.044826340631875926,False
2014-02-24 03:15:00,0.132,False,0.02897278314310799,0.010690672536300728,0.044826340631875926,False
2014-02-24 03:20:00,0.134,False,0.029850746268656716,0.010073936851256361,0.044826340631875926,False
2014-02-24 03:25:00,0.066,False,0.0,0.01009257211081982,0.044826340631875926,False
2014-02-24 03:30:00,1.466,False,0.6145741878841088,0.010753558106330144,0.044826340631875926,False
2014-02-24 03:35:00,0.136,False,0.030728709394205442,0.030702865110993176,0.044826340631875926,False
2014-02-24 03:40:00,0.132,False,0.02897278314310799,0.03922216779208162,0.044826340631875926,False
2014-02-24 03:45:00,0.134,False,0.029850746268656716,0.05139946661511245,0.044826340631875926,True
2014-02-24 03:50:00,0.066,False,0.0,0.05182354207182527,0.044826340631875926,True
2014-02-24 03:55:00,0.132,False,0.02897278314310799,0.04807859327652831,0.044826340631875926,True
2014-02-24 04:00:00,0.134,False,0.029850746268656716,0.046998228769959814,0.044826340631875926,True
2014-02-24 04:05:00,0.2019999999999999,False,0.05970149253731338,0.04457364120379739,0.044826340631875926,False
2014-02-24 04:10:00,0.13,False,0.028094820017559263,0.04367517672205507,0.044826340631875926,False
2014-02-24 04:15:00,0.134,False,0.029850746268656716,0.04347234539810828,0.044826340631875926,False
2014-02-24 04:20:00,0.068,False,0.0008779631255487266,0.043018396058274365,0.044826340631875926,False
2014-02-24 04:25:00,0.134,False,0.029850746268656716,0.04225319789224873,0.044826340631875926,False
2014-02-24 04:30:00,0.134,False,0.029850746268656716,0.04195645820139041,0.044826340631875926,False
2014-02-24 04:35:00,0.068,False,0.0008779631255487266,0.04210581625071767,0.044826340631875926,False
2014-02-24 04:40:00,0.134,False,0.029850746268656716,0.0420586382662226,0.044826340631875926,False
2014-02-24 04:45:00,0.134,False,0.029850746268656716,0.04148130995843681,0.044826340631875926,False
2014-02-24 04:50:00,0.134,False,0.029850746268656716,0.041219949799913884,0.044826340631875926,False
2014-02-24 04:55:00,0.132,False,0.02897278314310799,0.04214605958573576,0.044826340631875926,False
2014-02-24 05:00:00,0.132,False,0.02897278314310799,0.04297376584260566,0.044826340631875926,False
2014-02-24 05:05:00,0.134,False,0.029850746268656716,0.04439896972561601,0.044826340631875926,False
2014-02-24 05:10:00,0.132,False,0.02897278314310799,0.04614342017541347,0.044826340631875926,True
2014-02-24 05:15:00,0.132,False,0.02897278314310799,0.047029495201372576,0.044826340631875926,True
2014-02-24 05:20:00,0.066,False,0.0,0.047125414297156915,0.044826340631875926,True
2014-02-24 05:25:00,0.134,False,0.029850746268656716,0.04606498512795113,0.044826340631875926,True
2014-02-24 05:30:00,0.066,False,0.0,0.04486702790967346,0.044826340631875926,True
2014-02-24 05:35:00,0.132,False,0.02897278314310799,0.044397477841700825,0.044826340631875926,False
2014-02-24 05:40:00,0.2,False,0.058823529411764705,0.044862674351673675,0.044826340631875926,True
2014-02-24 05:45:00,0.134,False,0.029850746268656716,0.04673289399477414,0.044826340631875926,True
2014-02-24 05:50:00,0.134,False,0.029850746268656716,0.04770746564599969,0.044826340631875926,True
2014-02-24 05:55:00,0.134,False,0.029850746268656716,0.04853597008420128,0.044826340631875926,True
2014-02-24 06:00:00,0.066,False,0.0,0.047712202267358776,0.044826340631875926,True
2014-02-24 06:05:00,0.132,False,0.02897278314310799,0.011143278591236696,0.044826340631875926,False
2014-02-24 06:10:00,0.134,False,0.029850746268656716,0.011097546447725853,0.044826340631875926,False
2014-02-24 06:15:00,0.134,False,0.029850746268656716,0.011145965092784654,0.044826340631875926,False
2014-02-24 06:20:00,0.134,False,0.029850746268656716,0.011099543381141117,0.044826340631875926,False
2014-02-24 06:25:00,0.134,False,0.029850746268656716,0.010583192464438463,0.044826340631875926,False
2014-02-24 06:30:00,0.068,False,0.0008779631255487266,0.01063147041770033,0.044826340631875926,False
2014-02-24 06:35:00,0.134,False,0.029850746268656716,0.011351758262422176,0.044826340631875926,False
2014-02-24 06:40:00,0.134,False,0.029850746268656716,0.010364237673665679,0.044826340631875926,False
2014-02-24 06:45:00,0.132,False,0.02897278314310799,0.010433858800008954,0.044826340631875926,False
2014-02-24 06:50:00,0.132,False,0.02897278314310799,0.010352618857304584,0.044826340631875926,False
2014-02-24 06:55:00,0.134,False,0.029850746268656716,0.009803553310435241,0.044826340631875926,False
2014-02-24 07:00:00,0.134,False,0.029850746268656716,0.009797759676874901,0.044826340631875926,False
2014-02-24 07:05:00,0.068,False,0.0008779631255487266,0.009725108444592578,0.044826340631875926,False
2014-02-24 07:10:00,0.132,False,0.02897278314310799,0.009897845499119389,0.044826340631875926,False
2014-02-24 07:15:00,0.134,False,0.029850746268656716,0.009833629636373614,0.044826340631875926,False
2014-02-24 07:20:00,0.132,False,0.02897278314310799,0.009805201014783476,0.044826340631875926,False
2014-02-24 07:25:00,0.066,False,0.0,0.00976346690645989,0.044826340631875926,False
2014-02-24 07:30:00,0.134,False,0.029850746268656716,0.01047728694735527,0.044826340631875926,False
2014-02-24 07:35:00,0.134,False,0.029850746268656716,0.010490262745897304,0.044826340631875926,False
2014-02-24 07:40:00,0.066,False,0.0,0.010490353022098869,0.044826340631875926,False
2014-02-24 07:45:00,0.134,False,0.029850746268656716,0.011225495879604586,0.044826340631875926,False
2014-02-24 07:50:00,0.134,False,0.029850746268656716,0.011190217061588069,0.044826340631875926,False
2014-02-24 07:55:00,0.134,False,0.029850746268656716,0.010619342671900784,0.044826340631875926,False
2014-02-24 08:00:00,0.066,False,0.0,0.010544543126791511,0.044826340631875926,False
2014-02-24 08:05:00,0.134,False,0.029850746268656716,0.01062821333315948,0.044826340631875926,False
2014-02-24 08:10:00,0.132,False,0.02897278314310799,0.010638949735526766,0.044826340631875926,False
2014-02-24 08:15:00,0.068,False,0.0008779631255487266,0.009648155299567812,0.044826340631875926,False
2014-02-24 08:20:00,0.132,False,0.02897278314310799,0.010260612691867359,0.044826340631875926,False
2014-02-24 08:25:00,0.132,False,0.02897278314310799,0.01024425811711279,0.044826340631875926,False
2014-02-24 08:30:00,0.134,False,0.029850746268656716,0.010146896918553649,0.044826340631875926,False
2014-02-24 08:35:00,0.068,False,0.0008779631255487266,0.009555898076056873,0.044826340631875926,False
2014-02-24 08:40:00,0.134,False,0.029850746268656716,0.010176967027225635,0.044826340631875926,False
2014-02-24 08:45:00,0.066,False,0.0,0.010167267861404558,0.044826340631875926,False
2014-02-24 08:50:00,0.134,False,0.029850746268656716,0.010779214694219472,0.044826340631875926,False
2014-02-24 08:55:00,0.134,False,0.029850746268656716,0.010791003437457128,0.044826340631875926,False
2014-02-24 09:00:00,0.136,False,0.030728709394205442,0.010714564950881049,0.044826340631875926,False
2014-02-24 09:05:00,0.068,False,0.0008779631255487266,0.010169406223225598,0.044826340631875926,False
2014-02-24 09:10:00,0.132,False,0.02897278314310799,0.01073113826226431,0.044826340631875926,False
2014-02-24 09:15:00,0.066,False,0.0,0.010693303104855263,0.044826340631875926,False
2014-02-24 09:20:00,0.134,False,0.029850746268656716,0.011303101864746692,0.044826340631875926,False
2014-02-24 09:25:00,0.132,False,0.02897278314310799,0.011345608412013663,0.044826340631875926,False
2014-02-24 09:30:00,0.066,False,0.0,0.011343187664738776,0.044826340631875926,False
2014-02-24 09:35:00,0.132,False,0.02897278314310799,0.011879820303589687,0.044826340631875926,False
2014-02-24 09:40:00,0.066,False,0.0,0.011301465717247607,0.044826340631875926,False
2014-02-24 09:45:00,0.132,False,0.02897278314310799,0.011909444672828234,0.044826340631875926,False
2014-02-24 09:50:00,0.134,False,0.029850746268656716,0.011930634442935968,0.044826340631875926,False
2014-02-24 09:55:00,0.134,False,0.029850746268656716,0.011917104055946388,0.044826340631875926,False
2014-02-24 10:00:00,0.134,False,0.029850746268656716,0.011346922073549244,0.044826340631875926,False
2014-02-24 10:05:00,0.066,False,0.0,0.011364084920571458,0.044826340631875926,False
2014-02-24 10:10:00,0.136,False,0.030728709394205442,0.011916667451923407,0.044826340631875926,False
2014-02-24 10:15:00,0.134,False,0.029850746268656716,0.011358535036723759,0.044826340631875926,False
2014-02-24 10:20:00,0.068,False,0.0008779631255487266,0.011364100992958691,0.044826340631875926,False
2014-02-24 10:25:00,0.132,False,0.02897278314310799,0.011958189537590065,0.044826340631875926,False
2014-02-24 10:30:00,0.132,False,0.02897278314310799,0.011875387021870003,0.044826340631875926,False
2014-02-24 10:35:00,0.066,False,0.0,0.01127000825682953,0.044826340631875926,False
2014-02-24 10:40:00,0.134,False,0.029850746268656716,0.011885759790714438,0.044826340631875926,False
2014-02-24 10:45:00,0.066,False,0.0,0.011852379132281328,0.044826340631875926,False
2014-02-24 10:50:00,0.134,False,0.029850746268656716,0.011868409234250902,0.044826340631875926,False
2014-02-24 10:55:00,0.132,False,0.02897278314310799,0.011922495225528925,0.044826340631875926,False
2014-02-24 11:00:00,0.132,False,0.02897278314310799,0.011961989573597957,0.044826340631875926,False
2014-02-24 11:05:00,0.068,False,0.0008779631255487266,0.011887025254930374,0.044826340631875926,False
2014-02-24 11:10:00,0.132,False,0.02897278314310799,0.01192719543274772,0.044826340631875926,False
2014-02-24 11:15:00,0.134,False,0.029850746268656716,0.011843199768633232,0.044826340631875926,False
2014-02-24 11:20:00,0.068,False,0.0008779631255487266,0.011266606499544262,0.044826340631875926,False
2014-02-24 11:25:00,0.134,False,0.029850746268656716,0.011840220476166261,0.044826340631875926,False
2014-02-24 11:30:00,0.134,False,0.029850746268656716,0.0118846264332293,0.044826340631875926,False
2014-02-24 11:35:00,0.066,False,0.0,0.011817375762741885,0.044826340631875926,False
2014-02-24 11:40:00,0.132,False,0.02897278314310799,0.011899025921996289,0.044826340631875926,False
2014-02-24 11:45:00,0.134,False,0.029850746268656716,0.011859560320750726,0.044826340631875926,False
2014-02-24 11:50:00,0.066,False,0.0,0.011295294720229257,0.044826340631875926,False
2014-02-24 11:55:00,0.134,False,0.029850746268656716,0.011926793490822964,0.044826340631875926,False
2014-02-24 12:00:00,0.134,False,0.029850746268656716,0.011910023653478012,0.044826340631875926,False
2014-02-24 12:05:00,0.132,False,0.02897278314310799,0.01134092461297063,0.044826340631875926,False
2014-02-24 12:10:00,0.132,False,0.02897278314310799,0.011271884801279981,0.044826340631875926,False
2014-02-24 12:15:00,0.136,False,0.030728709394205442,0.010657151770211898,0.044826340631875926,False
2014-02-24 12:20:00,0.066,False,0.0,0.01069714615951688,0.044826340631875926,False
2014-02-24 12:25:00,0.134,False,0.029850746268656716,0.01133101315924149,0.044826340631875926,False
2014-02-24 12:30:00,0.066,False,0.0,0.011341592300719235,0.044826340631875926,False
2014-02-24 12:35:00,0.134,False,0.029850746268656716,0.011902532210414925,0.044826340631875926,False
2014-02-24 12:40:00,0.132,False,0.02897278314310799,0.011320426443006808,0.044826340631875926,False
2014-02-24 12:45:00,0.066,False,0.0,0.011285642120536914,0.044826340631875926,False
2014-02-24 12:50:00,0.132,False,0.02897278314310799,0.011847570722277814,0.044826340631875926,False
2014-02-24 12:55:00,0.134,False,0.029850746268656716,0.011276752025680492,0.044826340631875926,False
2014-02-24 13:00:00,0.066,False,0.0,0.011332348870527227,0.044826340631875926,False
2014-02-24 13:05:00,0.134,False,0.029850746268656716,0.011931763197447178,0.044826340631875926,False
2014-02-24 13:10:00,0.066,False,0.0,0.011362783304141177,0.044826340631875926,False
2014-02-24 13:15:00,0.132,False,0.02897278314310799,0.011891462510293044,0.044826340631875926,False
2014-02-24 13:20:00,0.134,False,0.029850746268656716,0.011282119601757805,0.044826340631875926,False
2014-02-24 13:25:00,0.132,False,0.02897278314310799,0.011301243317416786,0.044826340631875926,False
2014-02-24 13:30:00,0.066,False,0.0,0.011336017722677668,0.044826340631875926,False
2014-02-24 13:35:00,0.134,False,0.029850746268656716,0.011924811743662077,0.044826340631875926,False
2014-02-24 13:40:00,0.134,False,0.029850746268656716,0.011386140369157935,0.044826340631875926,False
2014-02-24 13:45:00,0.066,False,0.0,0.011447446718092438,0.044826340631875926,False
2014-02-24 13:50:00,0.134,False,0.029850746268656716,0.012004381816540937,0.044826340631875926,False
2014-02-24 13:55:00,0.132,False,0.02897278314310799,0.011462799313933065,0.044826340631875926,False
2014-02-24 14:00:00,0.132,False,0.02897278314310799,0.01146368438926903,0.044826340631875926,False
2014-02-24 14:05:00,0.134,False,0.029850746268656716,0.011376763875564877,0.044826340631875926,False
2014-02-24 14:10:00,0.134,False,0.029850746268656716,0.010793477066955805,0.044826340631875926,False
2014-02-24 14:15:00,0.132,False,0.02897278314310799,0.01081388854493357,0.044826340631875926,False
2014-02-24 14:20:00,0.134,False,0.029850746268656716,0.010703406749766907,0.044826340631875926,False
2014-02-24 14:25:00,0.066,False,0.0,0.010111394690397119,0.044826340631875926,False
2014-02-24 14:30:00,0.134,False,0.029850746268656716,0.010749753086370072,0.044826340631875926,False
2014-02-24 14:35:00,0.132,False,0.02897278314310799,0.010726291083894014,0.044826340631875926,False
2014-02-24 14:40:00,0.134,False,0.029850746268656716,0.010721472917598328,0.044826340631875926,False
2014-02-24 14:45:00,0.066,False,0.0,0.010752235114670368,0.044826340631875926,False
2014-02-24 14:50:00,0.132,False,0.02897278314310799,0.011344200181743449,0.044826340631875926,False
2014-02-24 14:55:00,0.2,False,0.058823529411764705,0.010741072609630335,0.044826340631875926,False
2014-02-24 15:00:00,0.132,False,0.02897278314310799,0.010938006635937365,0.044826340631875926,False
2014-02-24 15:05:00,0.068,False,0.0008779631255487266,0.010418339101731218,0.044826340631875926,False
2014-02-24 15:10:00,0.134,False,0.029850746268656716,0.011225462159458608,0.044826340631875926,False
2014-02-24 15:15:00,0.134,False,0.029850746268656716,0.0112018758480137,0.044826340631875926,False
2014-02-24 15:20:00,0.132,False,0.02897278314310799,0.01068652126020137,0.044826340631875926,False
2014-02-24 15:25:00,0.132,False,0.02897278314310799,0.010725495123127536,0.044826340631875926,False
2014-02-24 15:30:00,0.066,False,0.0,0.010667449272438588,0.044826340631875926,False
2014-02-24 15:35:00,0.132,False,0.02897278314310799,0.010904818561439416,0.044826340631875926,False
2014-02-24 15:40:00,0.132,False,0.02897278314310799,0.010827343272934328,0.044826340631875926,False
2014-02-24 15:45:00,0.132,False,0.02897278314310799,0.010262180630958214,0.044826340631875926,False
2014-02-24 15:50:00,0.134,False,0.029850746268656716,0.010279859492774936,0.044826340631875926,False
2014-02-24 15:55:00,0.134,False,0.029850746268656716,0.010294644611175989,0.044826340631875926,False
2014-02-24 16:00:00,0.134,False,0.029850746268656716,0.010268058820159104,0.044826340631875926,False
2014-02-24 16:05:00,0.132,False,0.02897278314310799,0.009719014134915433,0.044826340631875926,False
2014-02-24 16:10:00,0.134,False,0.029850746268656716,0.009693552901761758,0.044826340631875926,False
2014-02-24 16:15:00,0.134,False,0.029850746268656716,0.00962345932962202,0.044826340631875926,False
2014-02-24 16:20:00,0.066,False,0.0,0.009064574910936677,0.044826340631875926,False
2014-02-24 16:25:00,0.134,False,0.029850746268656716,0.009795757358687152,0.044826340631875926,False
2014-02-24 16:30:00,0.132,False,0.02897278314310799,0.009786821993104381,0.044826340631875926,False
2014-02-24 16:35:00,0.132,False,0.02897278314310799,0.009767167547754212,0.044826340631875926,False
2014-02-24 16:40:00,0.132,False,0.02897278314310799,0.009725253880438238,0.044826340631875926,False
2014-02-24 16:45:00,0.066,False,0.0,0.009690319544496433,0.044826340631875926,False
2014-02-24 16:50:00,0.134,False,0.029850746268656716,0.010453452743188674,0.044826340631875926,False
2014-02-24 16:55:00,0.134,False,0.029850746268656716,0.010368643156782919,0.044826340631875926,False
2014-02-24 17:00:00,0.134,False,0.029850746268656716,0.009785896825707983,0.044826340631875926,False
2014-02-24 17:05:00,0.134,False,0.029850746268656716,0.009776800163504512,0.044826340631875926,False
2014-02-24 17:10:00,0.134,False,0.029850746268656716,0.009809095565887055,0.044826340631875926,False
2014-02-24 17:15:00,0.134,False,0.029850746268656716,0.009744926509173472,0.044826340631875926,False
2014-02-24 17:20:00,0.132,False,0.02897278314310799,0.00918222596519456,0.044826340631875926,False
2014-02-24 17:25:00,0.136,False,0.030728709394205442,0.009185595428181348,0.044826340631875926,False
2014-02-24 17:30:00,0.132,False,0.02897278314310799,0.008259979151091206,0.044826340631875926,False
2014-02-24 17:35:00,0.134,False,0.029850746268656716,0.008205228745839227,0.044826340631875926,False
2014-02-24 17:40:00,0.066,False,0.0,0.007675568476038036,0.044826340631875926,False
2014-02-24 17:45:00,0.134,False,0.029850746268656716,0.008430488846099338,0.044826340631875926,False
2014-02-24 17:50:00,0.134,False,0.029850746268656716,0.008401423944926222,0.044826340631875926,False
2014-02-24 17:55:00,0.134,False,0.029850746268656716,0.008415162931274069,0.044826340631875926,False
2014-02-24 18:00:00,0.2,False,0.058823529411764705,0.00835755720673544,0.044826340631875926,False
2014-02-24 18:05:00,0.134,False,0.029850746268656716,0.007776323188873615,0.044826340631875926,False
2014-02-24 18:10:00,0.068,False,0.0008779631255487266,0.007888931193478124,0.044826340631875926,False
2014-02-24 18:15:00,0.134,False,0.029850746268656716,0.008858182850188334,0.044826340631875926,False
2014-02-24 18:20:00,0.198,False,0.057945566286215985,0.008904761201839698,0.044826340631875926,False
2014-02-24 18:25:00,0.066,False,0.0,0.00906319510641941,0.044826340631875926,False
2014-02-24 18:30:00,0.134,False,0.029850746268656716,0.010176385895621368,0.044826340631875926,False
2014-02-24 18:35:00,0.134,False,0.029850746268656716,0.010223256442657699,0.044826340631875926,False
2014-02-24 18:40:00,0.066,False,0.0,0.010305594973471085,0.044826340631875926,False
2014-02-24 18:45:00,0.132,False,0.02897278314310799,0.011207565776393237,0.044826340631875926,False
2014-02-24 18:50:00,0.134,False,0.029850746268656716,0.011138448300849091,0.044826340631875926,False
2014-02-24 18:55:00,0.132,False,0.02897278314310799,0.010641557369343028,0.044826340631875926,False
2014-02-24 19:00:00,0.136,False,0.030728709394205442,0.010642950636363878,0.044826340631875926,False
2014-02-24 19:05:00,0.066,False,0.0,0.010713249517188788,0.044826340631875926,False
2014-02-24 19:10:00,0.134,False,0.029850746268656716,0.011538617974400676,0.044826340631875926,False
2014-02-24 19:15:00,0.134,False,0.029850746268656716,0.011496042181923875,0.044826340631875926,False
2014-02-24 19:20:00,0.132,False,0.02897278314310799,0.010943699000473602,0.044826340631875926,False
2014-02-24 19:25:00,0.132,False,0.02897278314310799,0.01090941547274694,0.044826340631875926,False
2014-02-24 19:30:00,0.134,False,0.029850746268656716,0.010874526585346777,0.044826340631875926,False
2014-02-24 19:35:00,0.136,False,0.030728709394205442,0.010863457444018442,0.044826340631875926,False
2014-02-24 19:40:00,0.134,False,0.029850746268656716,0.010879310780963351,0.044826340631875926,False
2014-02-24 19:45:00,0.066,False,0.0,0.010869655821920484,0.044826340631875926,False
2014-02-24 19:50:00,0.132,False,0.02897278314310799,0.011585921151816999,0.044826340631875926,False
2014-02-24 19:55:00,0.198,False,0.057945566286215985,0.01156243717012818,0.044826340631875926,False
2014-02-24 20:00:00,0.134,False,0.029850746268656716,0.01173708869985427,0.044826340631875926,False
2014-02-24 20:05:00,0.134,False,0.029850746268656716,0.011810292818855829,0.044826340631875926,False
2014-02-24 20:10:00,0.134,False,0.029850746268656716,0.011771974482845848,0.044826340631875926,False
2014-02-24 20:15:00,0.134,False,0.029850746268656716,0.01129288423014927,0.044826340631875926,False
2014-02-24 20:20:00,0.134,False,0.029850746268656716,0.01133111030313619,0.044826340631875926,False
2014-02-24 20:25:00,0.066,False,0.0,0.011367202964457352,0.044826340631875926,False
2014-02-24 20:30:00,0.132,False,0.02897278314310799,0.012209777863037174,0.044826340631875926,False
2014-02-24 20:35:00,0.134,False,0.029850746268656716,0.01123453092613885,0.044826340631875926,False
2014-02-24 20:40:00,0.134,False,0.029850746268656716,0.011187402651102036,0.044826340631875926,False
2014-02-24 20:45:00,0.132,False,0.02897278314310799,0.010699468550787685,0.044826340631875926,False
2014-02-24 20:50:00,0.132,False,0.02897278314310799,0.010694110908817833,0.044826340631875926,False
2014-02-24 20:55:00,0.2019999999999999,False,0.05970149253731338,0.009697320920115136,0.044826340631875926,False
2014-02-24 21:00:00,0.132,False,0.02897278314310799,0.009187401243574636,0.044826340631875926,False
2014-02-24 21:05:00,0.066,False,0.0,0.009282341951660797,0.044826340631875926,False
2014-02-24 21:10:00,0.132,False,0.02897278314310799,0.010248117291640825,0.044826340631875926,False
2014-02-24 21:15:00,0.134,False,0.029850746268656716,0.009741711604632686,0.044826340631875926,False
2014-02-24 21:20:00,0.132,False,0.02897278314310799,0.00980482614738989,0.044826340631875926,False
2014-02-24 21:25:00,0.132,False,0.02897278314310799,0.009818029453891266,0.044826340631875926,False
2014-02-24 21:30:00,0.134,False,0.029850746268656716,0.009859095129408189,0.044826340631875926,False
2014-02-24 21:35:00,0.134,False,0.029850746268656716,0.009796348583244298,0.044826340631875926,False
2014-02-24 21:40:00,0.066,False,0.0,0.009305489579701336,0.044826340631875926,False
2014-02-24 21:45:00,0.132,False,0.02897278314310799,0.010140633082929267,0.044826340631875926,False
2014-02-24 21:50:00,0.134,False,0.029850746268656716,0.010100539840805813,0.044826340631875926,False
2014-02-24 21:55:00,0.132,False,0.02897278314310799,0.010127723151488122,0.044826340631875926,False
2014-02-24 22:00:00,0.134,False,0.029850746268656716,0.010133291901690777,0.044826340631875926,False
2014-02-24 22:05:00,0.132,False,0.02897278314310799,0.010135874148749327,0.044826340631875926,False
2014-02-24 22:10:00,0.134,False,0.029850746268656716,0.01008829587554291,0.044826340631875926,False
2014-02-24 22:15:00,0.132,False,0.02897278314310799,0.010030110504283062,0.044826340631875926,False
2014-02-24 22:20:00,0.132,False,0.02897278314310799,0.00946587043044936,0.044826340631875926,False
2014-02-24 22:25:00,0.134,False,0.029850746268656716,0.009469743738949014,0.044826340631875926,False
2014-02-24 22:30:00,0.134,False,0.029850746268656716,0.008542961321819115,0.044826340631875926,False
2014-02-24 22:35:00,0.134,False,0.029850746268656716,0.008540497104374852,0.044826340631875926,False
2014-02-24 22:40:00,0.066,False,0.0,0.008536682407109227,0.044826340631875926,False
2014-02-24 22:45:00,0.134,False,0.029850746268656716,0.009315518582093112,0.044826340631875926,False
2014-02-24 22:50:00,0.134,False,0.029850746268656716,0.00929109470966199,0.044826340631875926,False
2014-02-24 22:55:00,0.136,False,0.030728709394205442,0.009206730605887758,0.044826340631875926,False
2014-02-24 23:00:00,0.134,False,0.029850746268656716,0.008646326757016798,0.044826340631875926,False
2014-02-24 23:05:00,0.066,False,0.0,0.008656184301314504,0.044826340631875926,False
2014-02-24 23:10:00,0.134,False,0.029850746268656716,0.009387740768210943,0.044826340631875926,False
2014-02-24 23:15:00,0.132,False,0.02897278314310799,0.009354076499459001,0.044826340631875926,False
2014-02-24 23:20:00,0.2,False,0.058823529411764705,0.009341554370737923,0.044826340631875926,False
2014-02-24 23:25:00,0.066,False,0.0,0.009415748268900069,0.044826340631875926,False
2014-02-24 23:30:00,0.134,False,0.029850746268656716,0.009423067052062315,0.044826340631875926,False
2014-02-24 23:35:00,0.136,False,0.030728709394205442,0.009404737746110253,0.044826340631875926,False
2014-02-24 23:40:00,0.134,False,0.029850746268656716,0.00892718615403406,0.044826340631875926,False
2014-02-24 23:45:00,0.134,False,0.029850746268656716,0.008996854475837006,0.044826340631875926,False
2014-02-24 23:50:00,0.132,False,0.02897278314310799,0.00903394079625711,0.044826340631875926,False
2014-02-24 23:55:00,0.196,False,0.05706760316066725,0.00907525681128209,0.044826340631875926,False
2014-02-25 00:00:00,0.068,False,0.0008779631255487266,0.00926242810192951,0.044826340631875926,False
2014-02-25 00:05:00,0.136,False,0.030728709394205442,0.010297901582933323,0.044826340631875926,False
2014-02-25 00:10:00,0.134,False,0.029850746268656716,0.010266788322440377,0.044826340631875926,False
2014-02-25 00:15:00,0.134,False,0.029850746268656716,0.00978889041099199,0.044826340631875926,False
2014-02-25 00:20:00,0.066,False,0.0,0.009848691990998602,0.044826340631875926,False
2014-02-25 00:25:00,0.134,False,0.029850746268656716,0.010714558646287838,0.044826340631875926,False
2014-02-25 00:30:00,0.132,False,0.02897278314310799,0.010730058825712454,0.044826340631875926,False
2014-02-25 00:35:00,0.134,False,0.029850746268656716,0.010708188027348436,0.044826340631875926,False
2014-02-25 00:40:00,0.132,False,0.02897278314310799,0.010742174401085625,0.044826340631875926,False
2014-02-25 00:45:00,0.066,False,0.0,0.010725134683356997,0.044826340631875926,False
2014-02-25 00:50:00,0.134,False,0.029850746268656716,0.011494984642545536,0.044826340631875926,False
2014-02-25 00:55:00,0.134,False,0.029850746268656716,0.01151063911107668,0.044826340631875926,False
2014-02-25 01:00:00,0.132,False,0.02897278314310799,0.011508165456230327,0.044826340631875926,False
2014-02-25 01:05:00,0.066,False,0.0,0.011490742157777305,0.044826340631875926,False
2014-02-25 01:10:00,0.134,False,0.029850746268656716,0.01215299791848586,0.044826340631875926,False
2014-02-25 01:15:00,0.132,False,0.02897278314310799,0.011573172649622118,0.044826340631875926,False
2014-02-25 01:20:00,0.134,False,0.029850746268656716,0.011542149309700152,0.044826340631875926,False
2014-02-25 01:25:00,0.066,False,0.0,0.01154077585725528,0.044826340631875926,False
2014-02-25 01:30:00,0.132,False,0.02897278314310799,0.012216609812845582,0.044826340631875926,False
2014-02-25 01:35:00,0.068,False,0.0008779631255487266,0.012121316647107465,0.044826340631875926,False
2014-02-25 01:40:00,0.134,False,0.029850746268656716,0.012153071030060778,0.044826340631875926,False
2014-02-25 01:45:00,0.132,False,0.02897278314310799,0.012147509233733346,0.044826340631875926,False
2014-02-25 01:50:00,0.134,False,0.029850746268656716,0.012156821900685956,0.044826340631875926,False
2014-02-25 01:55:00,0.134,False,0.029850746268656716,0.01112303176994539,0.044826340631875926,False
2014-02-25 02:00:00,0.132,False,0.02897278314310799,0.010531735463018279,0.044826340631875926,False
2014-02-25 02:05:00,0.068,False,0.0008779631255487266,0.01048854948488904,0.044826340631875926,False
2014-02-25 02:10:00,0.134,False,0.029850746268656716,0.01107202468590932,0.044826340631875926,False
2014-02-25 02:15:00,0.134,False,0.029850746268656716,0.01105700425333775,0.044826340631875926,False
2014-02-25 02:20:00,0.066,False,0.0,0.011051104945709277,0.044826340631875926,False
2014-02-25 02:25:00,0.134,False,0.029850746268656716,0.011743309051736006,0.044826340631875926,False
2014-02-25 02:30:00,0.134,False,0.029850746268656716,0.010769528053310622,0.044826340631875926,False
2014-02-25 02:35:00,0.136,False,0.030728709394205442,0.010209053548100328,0.044826340631875926,False
2014-02-25 02:40:00,0.066,False,0.0,0.01019430481336786,0.044826340631875926,False
2014-02-25 02:45:00,0.134,False,0.029850746268656716,0.010854583065809649,0.044826340631875926,False
2014-02-25 02:50:00,0.132,False,0.02897278314310799,0.010773693291944109,0.044826340631875926,False
2014-02-25 02:55:00,0.132,False,0.02897278314310799,0.010154828603494172,0.044826340631875926,False
2014-02-25 03:00:00,0.134,False,0.029850746268656716,0.010114277957810235,0.044826340631875926,False
2014-02-25 03:05:00,0.134,False,0.029850746268656716,0.010133587929534917,0.044826340631875926,False
2014-02-25 03:10:00,1.49,False,0.6251097453906935,0.010132867644655708,0.044826340631875926,False
2014-02-25 03:15:00,0.134,False,0.029850746268656716,0.02944177418144816,0.044826340631875926,False
2014-02-25 03:20:00,0.134,False,0.029850746268656716,0.03820330347230219,0.044826340631875926,False
2014-02-25 03:25:00,0.134,False,0.029850746268656716,0.050849117000361335,0.044826340631875926,True
2014-02-25 03:30:00,0.134,False,0.029850746268656716,0.05070005664899007,0.044826340631875926,True
2014-02-25 03:35:00,0.132,False,0.02897278314310799,0.049548420210265086,0.044826340631875926,True
2014-02-25 03:40:00,0.066,False,0.0,0.04599226563563856,0.044826340631875926,True
2014-02-25 03:45:00,0.132,False,0.02897278314310799,0.043640218320868764,0.044826340631875926,False
2014-02-25 03:50:00,0.134,False,0.029850746268656716,0.04276558862514478,0.044826340631875926,False
2014-02-25 03:55:00,0.2019999999999999,False,0.05970149253731338,0.04193369263632101,0.044826340631875926,False
2014-02-25 04:00:00,0.068,False,0.0008779631255487266,0.04210181981461428,0.044826340631875926,False
2014-02-25 04:05:00,0.134,False,0.029850746268656716,0.04204317726497941,0.044826340631875926,False
2014-02-25 04:10:00,0.134,False,0.029850746268656716,0.04135632270525728,0.044826340631875926,False
2014-02-25 04:15:00,0.132,False,0.02897278314310799,0.041133086797409256,0.044826340631875926,False
2014-02-25 04:20:00,0.066,False,0.0,0.041093534815763215,0.044826340631875926,False
2014-02-25 04:25:00,0.132,False,0.02897278314310799,0.040173578608256696,0.044826340631875926,False
2014-02-25 04:30:00,0.132,False,0.02897278314310799,0.04073323897443949,0.044826340631875926,False
2014-02-25 04:35:00,0.066,False,0.0,0.04194216634538531,0.044826340631875926,False
2014-02-25 04:40:00,0.134,False,0.029850746268656716,0.04182593088454239,0.044826340631875926,False
2014-02-25 04:45:00,0.134,False,0.029850746268656716,0.04263247737564519,0.044826340631875926,False
2014-02-25 04:50:00,0.066,False,0.0,0.04417584461086686,0.044826340631875926,False
2014-02-25 04:55:00,0.198,False,0.057945566286215985,0.044901252323028405,0.044826340631875926,True
2014-02-25 05:00:00,0.066,False,0.0,0.046196981841294366,0.044826340631875926,True
2014-02-25 05:05:00,0.2,False,0.058823529411764705,0.0460313668028109,0.044826340631875926,True
2014-02-25 05:10:00,0.132,False,0.02897278314310799,0.046884768277696706,0.044826340631875926,True
2014-02-25 05:15:00,0.136,False,0.030728709394205442,0.0463885448926464,0.044826340631875926,True
2014-02-25 05:20:00,0.134,False,0.029850746268656716,0.0470918875494533,0.044826340631875926,True
2014-02-25 05:25:00,0.066,False,0.0,0.047685517346606913,0.044826340631875926,True
2014-02-25 05:30:00,0.132,False,0.02897278314310799,0.04918823280192656,0.044826340631875926,True
2014-02-25 05:35:00,0.066,False,0.0,0.05004271014190432,0.044826340631875926,True
2014-02-25 05:40:00,0.134,False,0.029850746268656716,0.051446491502114194,0.044826340631875926,True
2014-02-25 05:45:00,0.134,False,0.029850746268656716,0.013462952939743861,0.044826340631875926,False
2014-02-25 05:50:00,0.132,False,0.02897278314310799,0.013459453650390168,0.044826340631875926,False
2014-02-25 05:55:00,0.134,False,0.029850746268656716,0.01343422673799627,0.044826340631875926,False
2014-02-25 06:00:00,0.134,False,0.029850746268656716,0.013435067349752116,0.044826340631875926,False
2014-02-25 06:05:00,0.066,False,0.0,0.013438301522612899,0.044826340631875926,False
2014-02-25 06:10:00,0.134,False,0.029850746268656716,0.01412183867867208,0.044826340631875926,False
2014-02-25 06:15:00,0.134,False,0.029850746268656716,0.013559604230597676,0.044826340631875926,False
2014-02-25 06:20:00,0.066,False,0.0,0.013581735861370755,0.044826340631875926,False
2014-02-25 06:25:00,0.132,False,0.02897278314310799,0.014258435441800851,0.044826340631875926,False
2014-02-25 06:30:00,0.134,False,0.029850746268656716,0.013169381515615454,0.044826340631875926,False
2014-02-25 06:35:00,0.066,False,0.0,0.012627486957856914,0.044826340631875926,False
2014-02-25 06:40:00,0.132,False,0.02897278314310799,0.013265590295620765,0.044826340631875926,False
2014-02-25 06:45:00,0.066,False,0.0,0.013256173825694394,0.044826340631875926,False
2014-02-25 06:50:00,0.134,False,0.029850746268656716,0.013851675790654728,0.044826340631875926,False
2014-02-25 06:55:00,0.132,False,0.02897278314310799,0.013283158081698422,0.044826340631875926,False
2014-02-25 07:00:00,0.132,False,0.02897278314310799,0.013316327321457868,0.044826340631875926,False
2014-02-25 07:05:00,0.134,False,0.029850746268656716,0.01327181395185789,0.044826340631875926,False
2014-02-25 07:10:00,0.134,False,0.029850746268656716,0.01271446081374973,0.044826340631875926,False
2014-02-25 07:15:00,0.066,False,0.0,0.01273061820492039,0.044826340631875926,False
2014-02-25 07:20:00,0.134,False,0.029850746268656716,0.013346472246376676,0.044826340631875926,False
2014-02-25 07:25:00,0.066,False,0.0,0.012775420843312043,0.044826340631875926,False
2014-02-25 07:30:00,0.134,False,0.029850746268656716,0.012403749870853197,0.044826340631875926,False
2014-02-25 07:35:00,0.134,False,0.029850746268656716,0.011808838666396806,0.044826340631875926,False
2014-02-25 07:40:00,0.066,False,0.0,0.01084913605361313,0.044826340631875926,False
2014-02-25 07:45:00,0.132,False,0.02897278314310799,0.011495594401920975,0.044826340631875926,False
2014-02-25 07:50:00,0.132,False,0.02897278314310799,0.011473940175548869,0.044826340631875926,False
2014-02-25 07:55:00,0.134,False,0.029850746268656716,0.011395014134825215,0.044826340631875926,False
2014-02-25 08:00:00,0.066,False,0.0,0.01082059842209204,0.044826340631875926,False
2014-02-25 08:05:00,0.134,False,0.029850746268656716,0.011402518040712354,0.044826340631875926,False
2014-02-25 08:10:00,0.134,False,0.029850746268656716,0.010793935207125122,0.044826340631875926,False
2014-02-25 08:15:00,0.066,False,0.0,0.010779488593435856,0.044826340631875926,False
2014-02-25 08:20:00,0.134,False,0.029850746268656716,0.011373962510899383,0.044826340631875926,False
2014-02-25 08:25:00,0.134,False,0.029850746268656716,0.011412929225236585,0.044826340631875926,False
2014-02-25 08:30:00,0.066,False,0.0,0.011437387804955651,0.044826340631875926,False
2014-02-25 08:35:00,0.134,False,0.029850746268656716,0.011997669580031945,0.044826340631875926,False
2014-02-25 08:40:00,0.132,False,0.02897278314310799,0.011425511579484154,0.044826340631875926,False
2014-02-25 08:45:00,0.134,False,0.029850746268656716,0.011429718682443775,0.044826340631875926,False
2014-02-25 08:50:00,0.134,False,0.029850746268656716,0.011377729089831983,0.044826340631875926,False
2014-02-25 08:55:00,0.132,False,0.02897278314310799,0.010812114747957955,0.044826340631875926,False
2014-02-25 09:00:00,0.066,False,0.0,0.010826433025396438,0.044826340631875926,False
2014-02-25 09:05:00,0.134,False,0.029850746268656716,0.011435600915825047,0.044826340631875926,False
2014-02-25 09:10:00,0.066,False,0.0,0.010850290839966708,0.044826340631875926,False
2014-02-25 09:15:00,0.134,False,0.029850746268656716,0.011428071474800914,0.044826340631875926,False
2014-02-25 09:20:00,0.132,False,0.02897278314310799,0.010815100870123807,0.044826340631875926,False
2014-02-25 09:25:00,0.066,False,0.0,0.010774158510164989,0.044826340631875926,False
2014-02-25 09:30:00,0.134,False,0.029850746268656716,0.011399910329054207,0.044826340631875926,False
2014-02-25 09:35:00,0.066,False,0.0,0.0114443730262569,0.044826340631875926,False
2014-02-25 09:40:00,0.134,False,0.029850746268656716,0.012073301532809185,0.044826340631875926,False
2014-02-25 09:45:00,0.134,False,0.029850746268656716,0.012038249158803867,0.044826340631875926,False
2014-02-25 09:50:00,0.066,False,0.0,0.01148338799155269,0.044826340631875926,False
2014-02-25 09:55:00,0.132,False,0.02897278314310799,0.012030199613615122,0.044826340631875926,False
2014-02-25 10:00:00,0.134,False,0.029850746268656716,0.011429917418231973,0.044826340631875926,False
2014-02-25 10:05:00,0.134,False,0.029850746268656716,0.011457553608487457,0.044826340631875926,False
2014-02-25 10:10:00,0.066,False,0.0,0.011402342384825554,0.044826340631875926,False
2014-02-25 10:15:00,0.134,False,0.029850746268656716,0.01142633735216698,0.044826340631875926,False
2014-02-25 10:20:00,0.132,False,0.02897278314310799,0.011474320324525378,0.044826340631875926,False
2014-02-25 10:25:00,0.068,False,0.0008779631255487266,0.01150836047506843,0.044826340631875926,False
2014-02-25 10:30:00,0.134,False,0.029850746268656716,0.012033922553012284,0.044826340631875926,False
2014-02-25 10:35:00,0.134,False,0.029850746268656716,0.011462016444176841,0.044826340631875926,False
2014-02-25 10:40:00,0.066,False,0.0,0.011486206244200875,0.044826340631875926,False
2014-02-25 10:45:00,0.134,False,0.029850746268656716,0.012035973573674275,0.044826340631875926,False
2014-02-25 10:50:00,0.134,False,0.029850746268656716,0.011450138542324712,0.044826340631875926,False
2014-02-25 10:55:00,0.134,False,0.029850746268656716,0.011456954271366606,0.044826340631875926,False
2014-02-25 11:00:00,0.066,False,0.0,0.011376757401496577,0.044826340631875926,False
2014-02-25 11:05:00,0.134,False,0.029850746268656716,0.011383746853242725,0.044826340631875926,False
2014-02-25 11:10:00,0.132,False,0.02897278314310799,0.011370819350849,0.044826340631875926,False
2014-02-25 11:15:00,0.066,False,0.0,0.011370383367707737,0.044826340631875926,False
2014-02-25 11:20:00,0.134,False,0.029850746268656716,0.011977177130629135,0.044826340631875926,False
2014-02-25 11:25:00,0.134,False,0.029850746268656716,0.01201273819302471,0.044826340631875926,False
2014-02-25 11:30:00,0.066,False,0.0,0.011997269537492836,0.044826340631875926,False
2014-02-25 11:35:00,0.134,False,0.029850746268656716,0.012051793755535528,0.044826340631875926,False
2014-02-25 11:40:00,0.066,False,0.0,0.012005004854444907,0.044826340631875926,False
2014-02-25 11:45:00,0.132,False,0.02897278314310799,0.01201886914317235,0.044826340631875926,False
2014-02-25 11:50:00,0.132,False,0.02897278314310799,0.012043310532917097,0.044826340631875926,False
2014-02-25 11:55:00,0.134,False,0.029850746268656716,0.012010639861175927,0.044826340631875926,False
2014-02-25 12:00:00,0.134,False,0.029850746268656716,0.011455994077792178,0.044826340631875926,False
2014-02-25 12:05:00,0.134,False,0.029850746268656716,0.01139677860167663,0.044826340631875926,False
2014-02-25 12:10:00,0.068,False,0.0008779631255487266,0.010823092362872069,0.044826340631875926,False
2014-02-25 12:15:00,0.134,False,0.029850746268656716,0.011440603173549647,0.044826340631875926,False
2014-02-25 12:20:00,0.134,False,0.029850746268656716,0.011371465386724152,0.044826340631875926,False
2014-02-25 12:25:00,0.132,False,0.02897278314310799,0.010787072539425463,0.044826340631875926,False
2014-02-25 12:30:00,0.066,False,0.0,0.010787611030138108,0.044826340631875926,False
2014-02-25 12:35:00,0.132,False,0.02897278314310799,0.011444425445572216,0.044826340631875926,False
2014-02-25 12:40:00,0.068,False,0.0008779631255487266,0.011352199435513164,0.044826340631875926,False
2014-02-25 12:45:00,0.132,False,0.02897278314310799,0.011353009818778646,0.044826340631875926,False
2014-02-25 12:50:00,0.134,False,0.029850746268656716,0.011345650392066918,0.044826340631875926,False
2014-02-25 12:55:00,0.2,False,0.058823529411764705,0.011310879082765395,0.044826340631875926,False
2014-02-25 13:00:00,0.066,False,0.0,0.011140429713257159,0.044826340631875926,False
2014-02-25 13:05:00,0.134,False,0.029850746268656716,0.011950862682965507,0.044826340631875926,False
2014-02-25 13:10:00,0.134,False,0.029850746268656716,0.01188549743553709,0.044826340631875926,False
2014-02-25 13:15:00,0.132,False,0.02897278314310799,0.011354564987548195,0.044826340631875926,False
2014-02-25 13:20:00,0.134,False,0.029850746268656716,0.011351743461125365,0.044826340631875926,False
2014-02-25 13:25:00,0.066,False,0.0,0.011377276662919194,0.044826340631875926,False
2014-02-25 13:30:00,0.134,False,0.029850746268656716,0.012059314522258814,0.044826340631875926,False
2014-02-25 13:35:00,0.132,False,0.02897278314310799,0.011517861606114378,0.044826340631875926,False
2014-02-25 13:40:00,0.134,False,0.029850746268656716,0.011517208943703313,0.044826340631875926,False
2014-02-25 13:45:00,0.066,False,0.0,0.011498857348097634,0.044826340631875926,False
2014-02-25 13:50:00,0.132,False,0.02897278314310799,0.01165112008296775,0.044826340631875926,False
2014-02-25 13:55:00,0.134,False,0.029850746268656716,0.011639710706908047,0.044826340631875926,False
2014-02-25 14:00:00,0.134,False,0.029850746268656716,0.011580799711186229,0.044826340631875926,False
2014-02-25 14:05:00,0.066,False,0.0,0.011019256118197674,0.044826340631875926,False
2014-02-25 14:10:00,0.136,False,0.030728709394205442,0.01163871648901556,0.044826340631875926,False
2014-02-25 14:15:00,0.066,False,0.0,0.011065788400425682,0.044826340631875926,False
2014-02-25 14:20:00,0.198,False,0.057945566286215985,0.011707022339530792,0.044826340631875926,False
2014-02-25 14:25:00,0.066,False,0.0,0.012144374494507084,0.044826340631875926,False
2014-02-25 14:30:00,0.132,False,0.02897278314310799,0.01291973522199519,0.044826340631875926,False
2014-02-25 14:35:00,0.132,False,0.02897278314310799,0.012931595312991285,0.044826340631875926,False
2014-02-25 14:40:00,0.134,False,0.029850746268656716,0.01286714748883626,0.044826340631875926,False
2014-02-25 14:45:00,0.132,False,0.02897278314310799,0.012374669031063155,0.044826340631875926,False
2014-02-25 14:50:00,0.066,False,0.0,0.012379455044135157,0.044826340631875926,False
2014-02-25 14:55:00,0.2,False,0.058823529411764705,0.013112851369821833,0.044826340631875926,False
2014-02-25 15:00:00,0.066,False,0.0,0.013506816239917977,0.044826340631875926,False
2014-02-25 15:05:00,0.134,False,0.029850746268656716,0.013841224746669038,0.044826340631875926,False
2014-02-25 15:10:00,0.132,False,0.02897278314310799,0.01380552329446816,0.044826340631875926,False
2014-02-25 15:15:00,0.066,False,0.0,0.013293963721971048,0.044826340631875926,False
2014-02-25 15:20:00,0.2019999999999999,False,0.05970149253731338,0.014067423487458795,0.044826340631875926,False
2014-02-25 15:25:00,0.136,False,0.030728709394205442,0.014582216161564054,0.044826340631875926,False
2014-02-25 15:30:00,0.134,False,0.029850746268656716,0.013581811825676395,0.044826340631875926,False
2014-02-25 15:35:00,0.134,False,0.029850746268656716,0.01309925767388396,0.044826340631875926,False
2014-02-25 15:40:00,0.066,False,0.0,0.01312042048927598,0.044826340631875926,False
2014-02-25 15:45:00,0.266,False,0.0877963125548727,0.01395521840974056,0.044826340631875926,False
2014-02-25 15:50:00,0.134,False,0.029850746268656716,0.014866243327243095,0.044826340631875926,False
2014-02-25 15:55:00,0.134,False,0.029850746268656716,0.0153449984669101,0.044826340631875926,False
2014-02-25 16:00:00,0.066,False,0.0,0.01582394337119687,0.044826340631875926,False
2014-02-25 16:05:00,0.134,False,0.029850746268656716,0.015241377763035857,0.044826340631875926,False
2014-02-25 16:10:00,0.134,False,0.029850746268656716,0.015223105159338222,0.044826340631875926,False
2014-02-25 16:15:00,0.066,False,0.0,0.015044177930997254,0.044826340631875926,False
2014-02-25 16:20:00,0.134,False,0.029850746268656716,0.014681688387285972,0.044826340631875926,False
2014-02-25 16:25:00,0.134,False,0.029850746268656716,0.01458695447914583,0.044826340631875926,False
2014-02-25 16:30:00,0.066,False,0.0,0.014455512826371022,0.044826340631875926,False
2014-02-25 16:35:00,0.132,False,0.02897278314310799,0.015626475418666262,0.044826340631875926,False
2014-02-25 16:40:00,0.134,False,0.029850746268656716,0.015120468089367373,0.044826340631875926,False
2014-02-25 16:45:00,0.134,False,0.029850746268656716,0.014936594722559739,0.044826340631875926,False
2014-02-25 16:50:00,0.066,False,0.0,0.014504063148013337,0.044826340631875926,False
2014-02-25 16:55:00,0.134,False,0.029850746268656716,0.014446455940663077,0.044826340631875926,False
2014-02-25 17:00:00,0.134,False,0.029850746268656716,0.01399331171401357,0.044826340631875926,False
2014-02-25 17:05:00,0.134,False,0.029850746268656716,0.014083618392422682,0.044826340631875926,False
2014-02-25 17:10:00,0.132,False,0.02897278314310799,0.014182779713342208,0.044826340631875926,False
2014-02-25 17:15:00,0.068,False,0.0008779631255487266,0.014241186561559522,0.044826340631875926,False
2014-02-25 17:20:00,0.134,False,0.029850746268656716,0.014962523191227506,0.044826340631875926,False
2014-02-25 17:25:00,0.134,False,0.029850746268656716,0.014469920006766801,0.044826340631875926,False
2014-02-25 17:30:00,0.066,False,0.0,0.013587900748400612,0.044826340631875926,False
2014-02-25 17:35:00,0.134,False,0.029850746268656716,0.013709169626781068,0.044826340631875926,False
2014-02-25 17:40:00,0.134,False,0.029850746268656716,0.013732912702410146,0.044826340631875926,False
2014-02-25 17:45:00,0.132,False,0.02897278314310799,0.013707135113123513,0.044826340631875926,False
2014-02-25 17:50:00,0.134,False,0.029850746268656716,0.013093734059601642,0.044826340631875926,False
2014-02-25 17:55:00,0.134,False,0.029850746268656716,0.012167220128624362,0.044826340631875926,False
2014-02-25 18:00:00,0.134,False,0.029850746268656716,0.012133312793129675,0.044826340631875926,False
2014-02-25 18:05:00,0.134,False,0.029850746268656716,0.01213738863324522,0.044826340631875926,False
2014-02-25 18:10:00,0.132,False,0.02897278314310799,0.012072574604604635,0.044826340631875926,False
2014-02-25 18:15:00,0.134,False,0.029850746268656716,0.011484777285039579,0.044826340631875926,False
2014-02-25 18:20:00,0.134,False,0.029850746268656716,0.009576936726498432,0.044826340631875926,False
2014-02-25 18:25:00,0.134,False,0.029850746268656716,0.009575017456936664,0.044826340631875926,False
2014-02-25 18:30:00,0.134,False,0.029850746268656716,0.009507616648800997,0.044826340631875926,False
2014-02-25 18:35:00,0.066,False,0.0,0.0089477009455847,0.044826340631875926,False
2014-02-25 18:40:00,0.134,False,0.029850746268656716,0.009701233210392624,0.044826340631875926,False
2014-02-25 18:45:00,0.132,False,0.02897278314310799,0.009613960586217869,0.044826340631875926,False
2014-02-25 18:50:00,0.132,False,0.02897278314310799,0.009008678802901498,0.044826340631875926,False
2014-02-25 18:55:00,0.134,False,0.029850746268656716,0.008976807214378575,0.044826340631875926,False
2014-02-25 19:00:00,0.068,False,0.0008779631255487266,0.008900252809186042,0.044826340631875926,False
2014-02-25 19:05:00,0.134,False,0.029850746268656716,0.009023828954562078,0.044826340631875926,False
2014-02-25 19:10:00,0.134,False,0.029850746268656716,0.009026171532828869,0.044826340631875926,False
2014-02-25 19:15:00,0.136,False,0.030728709394205442,0.009020092976648868,0.044826340631875926,False
2014-02-25 19:20:00,0.134,False,0.029850746268656716,0.008972373986297839,0.044826340631875926,False
2014-02-25 19:25:00,0.132,False,0.02897278314310799,0.008404970635846146,0.044826340631875926,False
2014-02-25 19:30:00,0.132,False,0.02897278314310799,0.008382125674069086,0.044826340631875926,False
2014-02-25 19:35:00,0.066,False,0.0,0.008365734467293249,0.044826340631875926,False
2014-02-25 19:40:00,0.134,False,0.029850746268656716,0.009129172030652095,0.044826340631875926,False
2014-02-25 19:45:00,0.134,False,0.029850746268656716,0.009084840570945801,0.044826340631875926,False
2014-02-25 19:50:00,0.134,False,0.029850746268656716,0.008538544893140486,0.044826340631875926,False
2014-02-25 19:55:00,0.198,False,0.057945566286215985,0.008533965580041101,0.044826340631875926,False
2014-02-25 20:00:00,0.134,False,0.029850746268656716,0.008493493134981713,0.044826340631875926,False
2014-02-25 20:05:00,0.132,False,0.02897278314310799,0.008028523222632426,0.044826340631875926,False
2014-02-25 20:10:00,0.134,False,0.029850746268656716,0.008062777089111491,0.044826340631875926,False
2014-02-25 20:15:00,0.066,False,0.0,0.008109744617871926,0.044826340631875926,False
2014-02-25 20:20:00,0.134,False,0.029850746268656716,0.009052505540556033,0.044826340631875926,False
2014-02-25 20:25:00,0.134,False,0.029850746268656716,0.009044821011728366,0.044826340631875926,False
2014-02-25 20:30:00,0.132,False,0.02897278314310799,0.009052516219721555,0.044826340631875926,False
2014-02-25 20:35:00,0.066,False,0.0,0.00904318238915164,0.044826340631875926,False
2014-02-25 20:40:00,0.134,False,0.029850746268656716,0.009816756343236258,0.044826340631875926,False
2014-02-25 20:45:00,0.134,False,0.029850746268656716,0.009833091919010304,0.044826340631875926,False
2014-02-25 20:50:00,0.134,False,0.029850746268656716,0.009832485379661544,0.044826340631875926,False
2014-02-25 20:55:00,0.198,False,0.057945566286215985,0.009837276413426223,0.044826340631875926,False
2014-02-25 21:00:00,0.132,False,0.02897278314310799,0.01000341297657972,0.044826340631875926,False
2014-02-25 21:05:00,0.134,False,0.029850746268656716,0.009983549985510232,0.044826340631875926,False
2014-02-25 21:10:00,0.134,False,0.029850746268656716,0.009532766289058347,0.044826340631875926,False
2014-02-25 21:15:00,0.134,False,0.029850746268656716,0.009590433596614021,0.044826340631875926,False
2014-02-25 21:20:00,0.134,False,0.029850746268656716,0.009669182623960326,0.044826340631875926,False
2014-02-25 21:25:00,0.068,False,0.0008779631255487266,0.009740165786974113,0.044826340631875926,False
2014-02-25 21:30:00,0.132,False,0.02897278314310799,0.01055131253075287,0.044826340631875926,False
2014-02-25 21:35:00,0.134,False,0.029850746268656716,0.010030892293192694,0.044826340631875926,False
2014-02-25 21:40:00,0.134,False,0.029850746268656716,0.01003859190944607,0.044826340631875926,False
2014-02-25 21:45:00,0.132,False,0.02897278314310799,0.010047259728648015,0.044826340631875926,False
2014-02-25 21:50:00,0.136,False,0.030728709394205442,0.01000224967057336,0.044826340631875926,False
2014-02-25 21:55:00,0.134,False,0.029850746268656716,0.010028865184926012,0.044826340631875926,False
2014-02-25 22:00:00,0.134,False,0.029850746268656716,0.010067011093634119,0.044826340631875926,False
2014-02-25 22:05:00,0.136,False,0.030728709394205442,0.010042612048022431,0.044826340631875926,False
2014-02-25 22:10:00,0.132,False,0.02897278314310799,0.009538839876004172,0.044826340631875926,False
2014-02-25 22:15:00,0.066,False,0.0,0.009520356484108546,0.044826340631875926,False
2014-02-25 22:20:00,0.134,False,0.029850746268656716,0.01029531146539498,0.044826340631875926,False
2014-02-25 22:25:00,0.132,False,0.02897278314310799,0.010268348931801797,0.044826340631875926,False
2014-02-25 22:30:00,0.066,False,0.0,0.009308541390008054,0.044826340631875926,False
2014-02-25 22:35:00,0.134,False,0.029850746268656716,0.010041384447997237,0.044826340631875926,False
2014-02-25 22:40:00,0.134,False,0.029850746268656716,0.010065940994401928,0.044826340631875926,False
2014-02-25 22:45:00,0.134,False,0.029850746268656716,0.009998650206506405,0.044826340631875926,False
2014-02-25 22:50:00,0.134,False,0.029850746268656716,0.009428184605341207,0.044826340631875926,False
2014-02-25 22:55:00,0.134,False,0.029850746268656716,0.0094213945187142,0.044826340631875926,False
2014-02-25 23:00:00,0.134,False,0.029850746268656716,0.009420232041876564,0.044826340631875926,False
2014-02-25 23:05:00,0.134,False,0.029850746268656716,0.009379066209689561,0.044826340631875926,False
2014-02-25 23:10:00,0.066,False,0.0,0.008808956001218836,0.044826340631875926,False
2014-02-25 23:15:00,0.132,False,0.02897278314310799,0.009540095546042706,0.044826340631875926,False
2014-02-25 23:20:00,0.2019999999999999,False,0.05970149253731338,0.00947762454718456,0.044826340631875926,False
2014-02-25 23:25:00,0.134,False,0.029850746268656716,0.00953405725461438,0.044826340631875926,False
2014-02-25 23:30:00,0.132,False,0.02897278314310799,0.008685705981841204,0.044826340631875926,False
2014-02-25 23:35:00,0.134,False,0.029850746268656716,0.008753531038453694,0.044826340631875926,False
2014-02-25 23:40:00,0.066,False,0.0,0.008802853819917158,0.044826340631875926,False
2014-02-25 23:45:00,0.134,False,0.029850746268656716,0.009715926670898612,0.044826340631875926,False
2014-02-25 23:50:00,0.134,False,0.029850746268656716,0.009719212687382715,0.044826340631875926,False
2014-02-25 23:55:00,0.2019999999999999,False,0.05970149253731338,0.009661985088258603,0.044826340631875926,False
2014-02-26 00:00:00,0.066,False,0.0,0.0092445146287542,0.044826340631875926,False
2014-02-26 00:05:00,0.2,False,0.058823529411764705,0.010381523549735523,0.044826340631875926,False
2014-02-26 00:10:00,0.134,False,0.029850746268656716,0.010583108104274812,0.044826340631875926,False
2014-02-26 00:15:00,0.066,False,0.0,0.010672263241813721,0.044826340631875926,False
2014-02-26 00:20:00,0.132,False,0.02897278314310799,0.011842414766728855,0.044826340631875926,False
2014-02-26 00:25:00,0.134,False,0.029850746268656716,0.011825535058667772,0.044826340631875926,False
2014-02-26 00:30:00,0.134,False,0.029850746268656716,0.011866275516341639,0.044826340631875926,False
2014-02-26 00:35:00,0.136,False,0.030728709394205442,0.011909723142475398,0.044826340631875926,False
2014-02-26 00:40:00,0.134,False,0.029850746268656716,0.011933610324750852,0.044826340631875926,False
2014-02-26 00:45:00,0.132,False,0.02897278314310799,0.011922504853392885,0.044826340631875926,False
2014-02-26 00:50:00,0.068,False,0.0008779631255487266,0.011453822387269543,0.044826340631875926,False
2014-02-26 00:55:00,0.134,False,0.029850746268656716,0.01230866492360411,0.044826340631875926,False
2014-02-26 01:00:00,0.134,False,0.029850746268656716,0.012278387680342309,0.044826340631875926,False
2014-02-26 01:05:00,0.134,False,0.029850746268656716,0.011775040386131811,0.044826340631875926,False
2014-02-26 01:10:00,0.134,False,0.029850746268656716,0.01178639581601958,0.044826340631875926,False
2014-02-26 01:15:00,0.066,False,0.0,0.011797393059245154,0.044826340631875926,False
2014-02-26 01:20:00,0.134,False,0.029850746268656716,0.012549734535009177,0.044826340631875926,False
2014-02-26 01:25:00,0.134,False,0.029850746268656716,0.012529559977045168,0.044826340631875926,False
2014-02-26 01:30:00,0.134,False,0.029850746268656716,0.012519832250665138,0.044826340631875926,False
2014-02-26 01:35:00,0.134,False,0.029850746268656716,0.012516863691002637,0.044826340631875926,False
2014-02-26 01:40:00,0.132,False,0.02897278314310799,0.012452725119581332,0.044826340631875926,False
2014-02-26 01:45:00,0.066,False,0.0,0.011885566591239644,0.044826340631875926,False
2014-02-26 01:50:00,0.132,False,0.02897278314310799,0.01261979079215776,0.044826340631875926,False
2014-02-26 01:55:00,0.132,False,0.02897278314310799,0.011582443088168784,0.044826340631875926,False
2014-02-26 02:00:00,0.134,False,0.029850746268656716,0.01155043863095855,0.044826340631875926,False
2014-02-26 02:05:00,0.066,False,0.0,0.011582821453486766,0.044826340631875926,False
2014-02-26 02:10:00,0.134,False,0.029850746268656716,0.01223082555736501,0.044826340631875926,False
2014-02-26 02:15:00,0.134,False,0.029850746268656716,0.011644403482352579,0.044826340631875926,False
2014-02-26 02:20:00,0.134,False,0.029850746268656716,0.011642496940865998,0.044826340631875926,False
2014-02-26 02:25:00,0.066,False,0.0,0.011650327190632507,0.044826340631875926,False
2014-02-26 02:30:00,0.2,False,0.058823529411764705,0.011307347924245491,0.044826340631875926,False
2014-02-26 02:35:00,0.066,False,0.0,0.010947310220082754,0.044826340631875926,False
2014-02-26 02:40:00,0.134,False,0.029850746268656716,0.010858596847189565,0.044826340631875926,False
2014-02-26 02:45:00,0.134,False,0.029850746268656716,0.010796940498782296,0.044826340631875926,False
2014-02-26 02:50:00,0.132,False,0.02897278314310799,0.010268595202817511,0.044826340631875926,False
2014-02-26 02:55:00,0.134,False,0.029850746268656716,0.01029870144680539,0.044826340631875926,False
2014-02-26 03:00:00,0.134,False,0.029850746268656716,0.010322601232979687,0.044826340631875926,False
2014-02-26 03:05:00,0.198,False,0.057945566286215985,0.010344316074305764,0.044826340631875926,False
2014-02-26 03:10:00,0.066,False,0.0,0.010597117302706531,0.044826340631875926,False
2014-02-26 03:15:00,1.534,False,0.6444249341527655,0.011579582439929044,0.044826340631875926,False
2014-02-26 03:20:00,0.066,False,0.0,0.03171888191971403,0.044826340631875926,False
2014-02-26 03:25:00,0.134,False,0.029850746268656716,0.0415396728105614,0.044826340631875926,False
2014-02-26 03:30:00,0.132,False,0.02897278314310799,0.052282168609841036,0.044826340631875926,True
2014-02-26 03:35:00,0.132,False,0.02897278314310799,0.05168819285374279,0.044826340631875926,True
2014-02-26 03:40:00,0.134,False,0.029850746268656716,0.049974532191223796,0.044826340631875926,True
2014-02-26 03:45:00,0.132,False,0.02897278314310799,0.04657241088938635,0.044826340631875926,True
2014-02-26 03:50:00,0.132,False,0.02897278314310799,0.043003491729439035,0.044826340631875926,False
2014-02-26 03:55:00,0.134,False,0.029850746268656716,0.04101786915107118,0.044826340631875926,False
2014-02-26 04:00:00,0.134,False,0.029850746268656716,0.04028474443796821,0.044826340631875926,False
2014-02-26 04:05:00,0.136,False,0.030728709394205442,0.040056582266028186,0.044826340631875926,False
2014-02-26 04:10:00,0.134,False,0.029850746268656716,0.040300482386798925,0.044826340631875926,False
2014-02-26 04:15:00,0.136,False,0.030728709394205442,0.04131430292004359,0.044826340631875926,False
2014-02-26 04:20:00,0.066,False,0.0,0.04129325988974213,0.044826340631875926,False
2014-02-26 04:25:00,0.2,False,0.058823529411764705,0.041121580290483,0.044826340631875926,False
2014-02-26 04:30:00,0.066,False,0.0,0.042345211858991164,0.044826340631875926,False
2014-02-26 04:35:00,0.132,False,0.02897278314310799,0.04163098941735088,0.044826340631875926,False
2014-02-26 04:40:00,0.136,False,0.030728709394205442,0.04325062736033748,0.044826340631875926,False
2014-02-26 04:45:00,0.132,False,0.02897278314310799,0.04461195217628104,0.044826340631875926,False
2014-02-26 04:50:00,0.132,False,0.02897278314310799,0.04568822211107604,0.044826340631875926,True
2014-02-26 04:55:00,0.132,False,0.02897278314310799,0.04686866000971713,0.044826340631875926,True
2014-02-26 05:00:00,0.132,False,0.02897278314310799,0.047653044578432585,0.044826340631875926,True
2014-02-26 05:05:00,0.134,False,0.029850746268656716,0.047247238252241065,0.044826340631875926,True
2014-02-26 05:10:00,0.134,False,0.029850746268656716,0.045328196298297214,0.044826340631875926,True
2014-02-26 05:15:00,0.134,False,0.029850746268656716,0.04376802206800406,0.044826340631875926,False
2014-02-26 05:20:00,0.134,False,0.029850746268656716,0.04380102152675869,0.044826340631875926,False
2014-02-26 05:25:00,0.132,False,0.02897278314310799,0.045234661134936176,0.044826340631875926,True
2014-02-26 05:30:00,0.134,False,0.029850746268656716,0.04642905825397443,0.044826340631875926,True
2014-02-26 05:35:00,0.132,False,0.02897278314310799,0.04928256096195713,0.044826340631875926,True
2014-02-26 05:40:00,0.132,False,0.02897278314310799,0.04981064361536191,0.044826340631875926,True
2014-02-26 05:45:00,0.2019999999999999,False,0.05970149253731338,0.049218483358830924,0.044826340631875926,True
2014-02-26 05:50:00,0.134,False,0.029850746268656716,0.008317366874574272,0.044826340631875926,False
2014-02-26 05:55:00,0.132,False,0.02897278314310799,0.007928664085447335,0.044826340631875926,False
2014-02-26 06:00:00,0.132,False,0.02897278314310799,0.008019612275744289,0.044826340631875926,False
2014-02-26 06:05:00,0.134,False,0.029850746268656716,0.008121499958817969,0.044826340631875926,False
2014-02-26 06:10:00,0.134,False,0.029850746268656716,0.008230500268121105,0.044826340631875926,False
2014-02-26 06:15:00,0.134,False,0.029850746268656716,0.008305447520990711,0.044826340631875926,False
2014-02-26 06:20:00,0.2,False,0.058823529411764705,0.008403590657983497,0.044826340631875926,False
2014-02-26 06:25:00,0.066,False,0.0,0.00830972224423803,0.044826340631875926,False
2014-02-26 06:30:00,0.134,False,0.029850746268656716,0.009606238045964912,0.044826340631875926,False
2014-02-26 06:35:00,0.132,False,0.02897278314310799,0.00965407263604231,0.044826340631875926,False
2014-02-26 06:40:00,0.066,False,0.0,0.009681192083343674,0.044826340631875926,False
2014-02-26 06:45:00,0.134,False,0.029850746268656716,0.01070894110437623,0.044826340631875926,False
2014-02-26 06:50:00,0.134,False,0.029850746268656716,0.01063878923989254,0.044826340631875926,False
2014-02-26 06:55:00,0.2019999999999999,False,0.05970149253731338,0.010169954400946769,0.044826340631875926,False
2014-02-26 07:00:00,0.132,False,0.02897278314310799,0.009081970881109246,0.044826340631875926,False
2014-02-26 07:05:00,0.134,False,0.029850746268656716,0.008705547650666008,0.044826340631875926,False
2014-02-26 07:10:00,0.134,False,0.029850746268656716,0.008838437439506951,0.044826340631875926,False
2014-02-26 07:15:00,0.134,False,0.029850746268656716,0.008909675739716459,0.044826340631875926,False
2014-02-26 07:20:00,0.134,False,0.029850746268656716,0.009035554221774838,0.044826340631875926,False
2014-02-26 07:25:00,0.134,False,0.029850746268656716,0.009159663563470474,0.044826340631875926,False
2014-02-26 07:30:00,0.068,False,0.0008779631255487266,0.009282749878361982,0.044826340631875926,False
2014-02-26 07:35:00,0.132,False,0.02897278314310799,0.010323187796944645,0.044826340631875926,False
2014-02-26 07:40:00,0.132,False,0.02897278314310799,0.010332080880482531,0.044826340631875926,False
2014-02-26 07:45:00,0.132,False,0.02897278314310799,0.010342841079518003,0.044826340631875926,False
2014-02-26 07:50:00,0.2019999999999999,False,0.05970149253731338,0.010345428177903166,0.044826340631875926,False
2014-02-26 07:55:00,0.132,False,0.02897278314310799,0.010315429990501172,0.044826340631875926,False
2014-02-26 08:00:00,0.134,False,0.029850746268656716,0.010457071301848657,0.044826340631875926,False
2014-02-26 08:05:00,0.134,False,0.029850746268656716,0.010565144146493044,0.044826340631875926,False
2014-02-26 08:10:00,0.132,False,0.02897278314310799,0.010705468310918112,0.044826340631875926,False
2014-02-26 08:15:00,0.132,False,0.02897278314310799,0.010827847263719338,0.044826340631875926,False
2014-02-26 08:20:00,0.132,False,0.02897278314310799,0.009852624735921692,0.044826340631875926,False
2014-02-26 08:25:00,0.132,False,0.02897278314310799,0.009906071422194776,0.044826340631875926,False
2014-02-26 08:30:00,0.134,False,0.029850746268656716,0.009978834971979596,0.044826340631875926,False
2014-02-26 08:35:00,0.134,False,0.029850746268656716,0.010059984265953373,0.044826340631875926,False
2014-02-26 08:40:00,0.134,False,0.029850746268656716,0.010103499754458737,0.044826340631875926,False
2014-02-26 08:45:00,0.134,False,0.029850746268656716,0.010137240081220935,0.044826340631875926,False
2014-02-26 08:50:00,0.132,False,0.02897278314310799,0.010164702983389368,0.044826340631875926,False
2014-02-26 08:55:00,0.2019999999999999,False,0.05970149253731338,0.00916744510667441,0.044826340631875926,False
2014-02-26 09:00:00,0.132,False,0.02897278314310799,0.008443650864075591,0.044826340631875926,False
2014-02-26 09:05:00,0.134,False,0.029850746268656716,0.008540086469070353,0.044826340631875926,False
2014-02-26 09:10:00,0.134,False,0.029850746268656716,0.008561548354735939,0.044826340631875926,False
2014-02-26 09:15:00,0.132,False,0.02897278314310799,0.00818888623101698,0.044826340631875926,False
2014-02-26 09:20:00,0.068,False,0.0008779631255487266,0.00829544823054188,0.044826340631875926,False
2014-02-26 09:25:00,0.134,False,0.029850746268656716,0.009372148878397052,0.044826340631875926,False
2014-02-26 09:30:00,0.132,False,0.02897278314310799,0.008453283713460576,0.044826340631875926,False
2014-02-26 09:35:00,0.198,False,0.057945566286215985,0.008512795350154848,0.044826340631875926,False
2014-02-26 09:40:00,0.134,False,0.029850746268656716,0.008460583397777919,0.044826340631875926,False
2014-02-26 09:45:00,0.134,False,0.029850746268656716,0.008572619082065466,0.044826340631875926,False
2014-02-26 09:50:00,0.134,False,0.029850746268656716,0.008670091799430093,0.044826340631875926,False
2014-02-26 09:55:00,0.132,False,0.02897278314310799,0.008758063908946555,0.044826340631875926,False
2014-02-26 10:00:00,0.198,False,0.057945566286215985,0.008754017817514448,0.044826340631875926,False
2014-02-26 10:05:00,0.132,False,0.02897278314310799,0.00821926027306355,0.044826340631875926,False
2014-02-26 10:10:00,0.066,False,0.0,0.008373371310715248,0.044826340631875926,False
2014-02-26 10:15:00,0.132,False,0.02897278314310799,0.009766248380996987,0.044826340631875926,False
2014-02-26 10:20:00,0.134,False,0.029850746268656716,0.009852498475072986,0.044826340631875926,False
2014-02-26 10:25:00,0.132,False,0.02897278314310799,0.00896759473287792,0.044826340631875926,False
2014-02-26 10:30:00,0.066,False,0.0,0.009069075303810148,0.044826340631875926,False
2014-02-26 10:35:00,0.132,False,0.02897278314310799,0.010098547706222946,0.044826340631875926,False
2014-02-26 10:40:00,0.132,False,0.02897278314310799,0.010104144714992923,0.044826340631875926,False
2014-02-26 10:45:00,0.132,False,0.02897278314310799,0.010145363003235737,0.044826340631875926,False
2014-02-26 10:50:00,0.134,False,0.029850746268656716,0.010179287483515024,0.044826340631875926,False
2014-02-26 10:55:00,0.132,False,0.02897278314310799,0.010234528128521058,0.044826340631875926,False
2014-02-26 11:00:00,0.2019999999999999,False,0.05970149253731338,0.010261855988916173,0.044826340631875926,False
2014-02-26 11:05:00,0.066,False,0.0,0.010260341309048043,0.044826340631875926,False
2014-02-26 11:10:00,0.134,False,0.029850746268656716,0.01139940833719215,0.044826340631875926,False
2014-02-26 11:15:00,0.134,False,0.029850746268656716,0.011453075738466195,0.044826340631875926,False
2014-02-26 11:20:00,0.066,False,0.0,0.01151287577471774,0.044826340631875926,False
2014-02-26 11:25:00,0.132,False,0.02897278314310799,0.0124225489173236,0.044826340631875926,False
2014-02-26 11:30:00,0.134,False,0.029850746268656716,0.01141629155484301,0.044826340631875926,False
2014-02-26 11:35:00,0.134,False,0.029850746268656716,0.011459476725826019,0.044826340631875926,False
2014-02-26 11:40:00,0.066,False,0.0,0.011474182123014681,0.044826340631875926,False
2014-02-26 11:45:00,0.198,False,0.057945566286215985,0.012258580342678684,0.044826340631875926,False
2014-02-26 11:50:00,0.134,False,0.029850746268656716,0.012443522597426796,0.044826340631875926,False
2014-02-26 11:55:00,0.134,False,0.029850746268656716,0.012020026706050088,0.044826340631875926,False
2014-02-26 12:00:00,0.2,False,0.058823529411764705,0.012076273560414961,0.044826340631875926,False
2014-02-26 12:05:00,0.066,False,0.0,0.01233609600435808,0.044826340631875926,False
2014-02-26 12:10:00,0.132,False,0.02897278314310799,0.012540811570543866,0.044826340631875926,False
2014-02-26 12:15:00,0.134,False,0.029850746268656716,0.012563249995871472,0.044826340631875926,False
2014-02-26 12:20:00,0.066,False,0.0,0.012607977942192641,0.044826340631875926,False
2014-02-26 12:25:00,0.134,False,0.029850746268656716,0.013523447148246758,0.044826340631875926,False
2014-02-26 12:30:00,0.132,False,0.02897278314310799,0.013561126774785843,0.044826340631875926,False
2014-02-26 12:35:00,0.134,False,0.029850746268656716,0.012619912901929774,0.044826340631875926,False
2014-02-26 12:40:00,0.134,False,0.029850746268656716,0.012598103243516377,0.044826340631875926,False
2014-02-26 12:45:00,0.132,False,0.02897278314310799,0.012096870486167456,0.044826340631875926,False
2014-02-26 12:50:00,0.136,False,0.030728709394205442,0.012113714386251953,0.044826340631875926,False
2014-02-26 12:55:00,0.134,False,0.029850746268656716,0.012141866024059176,0.044826340631875926,False
2014-02-26 13:00:00,0.134,False,0.029850746268656716,0.012118560102797401,0.044826340631875926,False
2014-02-26 13:05:00,0.134,False,0.029850746268656716,0.011610391786235321,0.044826340631875926,False
2014-02-26 13:10:00,0.134,False,0.029850746268656716,0.011648177397283393,0.044826340631875926,False
2014-02-26 13:15:00,0.132,False,0.02897278314310799,0.011684299417860521,0.044826340631875926,False
2014-02-26 13:20:00,0.132,False,0.02897278314310799,0.011693758799162717,0.044826340631875926,False
2014-02-26 13:25:00,0.132,False,0.02897278314310799,0.011673981241417409,0.044826340631875926,False
2014-02-26 13:30:00,0.066,False,0.0,0.011683932236862657,0.044826340631875926,False
2014-02-26 13:35:00,0.132,False,0.02897278314310799,0.011415535765777718,0.044826340631875926,False
2014-02-26 13:40:00,0.132,False,0.02897278314310799,0.010817229898986076,0.044826340631875926,False
2014-02-26 13:45:00,0.066,False,0.0,0.010783631948850675,0.044826340631875926,False
2014-02-26 13:50:00,0.134,False,0.029850746268656716,0.011460357233783828,0.044826340631875926,False
2014-02-26 13:55:00,0.134,False,0.029850746268656716,0.01086455748550308,0.044826340631875926,False
2014-02-26 14:00:00,0.132,False,0.02897278314310799,0.010877536760982727,0.044826340631875926,False
2014-02-26 14:05:00,0.134,False,0.029850746268656716,0.010852220565798007,0.044826340631875926,False
2014-02-26 14:10:00,0.066,False,0.0,0.010786781743886194,0.044826340631875926,False
2014-02-26 14:15:00,0.134,False,0.029850746268656716,0.010935958013655865,0.044826340631875926,False
2014-02-26 14:20:00,0.132,False,0.02897278314310799,0.009996698481729318,0.044826340631875926,False
2014-02-26 14:25:00,0.2019999999999999,False,0.05970149253731338,0.009977588433917321,0.044826340631875926,False
2014-02-26 14:30:00,0.134,False,0.029850746268656716,0.010090083718018585,0.044826340631875926,False
2014-02-26 14:35:00,0.132,False,0.02897278314310799,0.009131494718681465,0.044826340631875926,False
2014-02-26 14:40:00,0.066,False,0.0,0.008642204008715206,0.044826340631875926,False
2014-02-26 14:45:00,0.2019999999999999,False,0.05970149253731338,0.009614147924274893,0.044826340631875926,False
2014-02-26 14:50:00,0.066,False,0.0,0.009626022310268467,0.044826340631875926,False
2014-02-26 14:55:00,0.2,False,0.058823529411764705,0.010246674859237258,0.044826340631875926,False
2014-02-26 15:00:00,0.132,False,0.02897278314310799,0.010451113731203228,0.044826340631875926,False
2014-02-26 15:05:00,0.068,False,0.0008779631255487266,0.010552404560682922,0.044826340631875926,False
2014-02-26 15:10:00,0.136,False,0.030728709394205442,0.011659670035761715,0.044826340631875926,False
2014-02-26 15:15:00,0.134,False,0.029850746268656716,0.011687222150183573,0.044826340631875926,False
2014-02-26 15:20:00,0.132,False,0.02897278314310799,0.01174507999788879,0.044826340631875926,False
2014-02-26 15:25:00,0.134,False,0.029850746268656716,0.011741628347061196,0.044826340631875926,False
2014-02-26 15:30:00,0.132,False,0.02897278314310799,0.01178741241318198,0.044826340631875926,False
2014-02-26 15:35:00,0.134,False,0.029850746268656716,0.011821514411993212,0.044826340631875926,False
2014-02-26 15:40:00,0.134,False,0.029850746268656716,0.011863113673257219,0.044826340631875926,False
2014-02-26 15:45:00,0.066,False,0.0,0.011898571731376036,0.044826340631875926,False
2014-02-26 15:50:00,0.134,False,0.029850746268656716,0.012772028470934652,0.044826340631875926,False
2014-02-26 15:55:00,0.2,False,0.058823529411764705,0.01279663636425729,0.044826340631875926,False
2014-02-26 16:00:00,0.134,False,0.029850746268656716,0.012969022581693381,0.044826340631875926,False
2014-02-26 16:05:00,0.132,False,0.02897278314310799,0.0125325678418455,0.044826340631875926,False
2014-02-26 16:10:00,0.066,False,0.0,0.012590793942945943,0.044826340631875926,False
2014-02-26 16:15:00,0.134,False,0.029850746268656716,0.013499891031495317,0.044826340631875926,False
2014-02-26 16:20:00,0.134,False,0.029850746268656716,0.013025156760744729,0.044826340631875926,False
2014-02-26 16:25:00,0.132,False,0.02897278314310799,0.013047646400364715,0.044826340631875926,False
2014-02-26 16:30:00,0.134,False,0.029850746268656716,0.013047989135521399,0.044826340631875926,False
2014-02-26 16:35:00,0.132,False,0.02897278314310799,0.013100526399446009,0.044826340631875926,False
2014-02-26 16:40:00,0.134,False,0.029850746268656716,0.013043807124632345,0.044826340631875926,False
2014-02-26 16:45:00,0.134,False,0.029850746268656716,0.012565005147316694,0.044826340631875926,False
2014-02-26 16:50:00,0.132,False,0.02897278314310799,0.012590847548205298,0.044826340631875926,False
2014-02-26 16:55:00,0.134,False,0.029850746268656716,0.012621181283254068,0.044826340631875926,False
2014-02-26 17:00:00,0.066,False,0.0,0.011619178380109615,0.044826340631875926,False
2014-02-26 17:05:00,0.132,False,0.02897278314310799,0.01241270207088873,0.044826340631875926,False
2014-02-26 17:10:00,0.134,False,0.029850746268656716,0.01235516328584835,0.044826340631875926,False
2014-02-26 17:15:00,0.134,False,0.029850746268656716,0.011825606277125821,0.044826340631875926,False
2014-02-26 17:20:00,0.066,False,0.0,0.01076533095510488,0.044826340631875926,False
2014-02-26 17:25:00,0.134,False,0.029850746268656716,0.010961662011560652,0.044826340631875926,False
2014-02-26 17:30:00,0.132,False,0.02897278314310799,0.009990983265529763,0.044826340631875926,False
2014-02-26 17:35:00,0.066,False,0.0,0.009915262642394196,0.044826340631875926,False
2014-02-26 17:40:00,0.132,False,0.02897278314310799,0.010058313408876881,0.044826340631875926,False
2014-02-26 17:45:00,0.134,False,0.029850746268656716,0.009967892372504832,0.044826340631875926,False
2014-02-26 17:50:00,0.134,False,0.029850746268656716,0.009945162637925107,0.044826340631875926,False
2014-02-26 17:55:00,0.134,False,0.029850746268656716,0.00996095742572416,0.044826340631875926,False
2014-02-26 18:00:00,0.134,False,0.029850746268656716,0.009954797037333934,0.044826340631875926,False
2014-02-26 18:05:00,0.068,False,0.0008779631255487266,0.00998293104210041,0.044826340631875926,False
2014-02-26 18:10:00,0.132,False,0.02897278314310799,0.010672071237931442,0.044826340631875926,False
2014-02-26 18:15:00,0.132,False,0.02897278314310799,0.010572802566563151,0.044826340631875926,False
2014-02-26 18:20:00,0.066,False,0.0,0.009964918171267932,0.044826340631875926,False
2014-02-26 18:25:00,0.132,False,0.02897278314310799,0.010626187040488254,0.044826340631875926,False
2014-02-26 18:30:00,0.132,False,0.02897278314310799,0.009634352627654311,0.044826340631875926,False
2014-02-26 18:35:00,0.068,False,0.0008779631255487266,0.009608294665082995,0.044826340631875926,False
2014-02-26 18:40:00,0.134,False,0.029850746268656716,0.010185153112753042,0.044826340631875926,False
2014-02-26 18:45:00,0.134,False,0.029850746268656716,0.009563939371968016,0.044826340631875926,False
2014-02-26 18:50:00,0.134,False,0.029850746268656716,0.009531175692145729,0.044826340631875926,False
2014-02-26 18:55:00,0.134,False,0.029850746268656716,0.00950028397069842,0.044826340631875926,False
2014-02-26 19:00:00,0.066,False,0.0,0.009501581853389177,0.044826340631875926,False
2014-02-26 19:05:00,0.132,False,0.02897278314310799,0.01013110466792041,0.044826340631875926,False
2014-02-26 19:10:00,0.134,False,0.029850746268656716,0.010114284671781996,0.044826340631875926,False
2014-02-26 19:15:00,0.134,False,0.029850746268656716,0.010101194995083947,0.044826340631875926,False
2014-02-26 19:20:00,0.134,False,0.029850746268656716,0.010095653998294015,0.044826340631875926,False
2014-02-26 19:25:00,0.132,False,0.02897278314310799,0.010129038613471659,0.044826340631875926,False
2014-02-26 19:30:00,0.132,False,0.02897278314310799,0.010036955654560068,0.044826340631875926,False
2014-02-26 19:35:00,0.066,False,0.0,0.009440418058896761,0.044826340631875926,False
2014-02-26 19:40:00,0.134,False,0.029850746268656716,0.010154715682008405,0.044826340631875926,False
2014-02-26 19:45:00,0.134,False,0.029850746268656716,0.010151098797657626,0.044826340631875926,False
2014-02-26 19:50:00,0.134,False,0.029850746268656716,0.01007424959782614,0.044826340631875926,False
2014-02-26 19:55:00,0.134,False,0.029850746268656716,0.00948829690939132,0.044826340631875926,False
2014-02-26 20:00:00,0.134,False,0.029850746268656716,0.009473351913948292,0.044826340631875926,False
2014-02-26 20:05:00,0.134,False,0.029850746268656716,0.009418307699018882,0.044826340631875926,False
2014-02-26 20:10:00,0.066,False,0.0,0.008837001689349675,0.044826340631875926,False
2014-02-26 20:15:00,0.134,False,0.029850746268656716,0.009556045829006932,0.044826340631875926,False
2014-02-26 20:20:00,0.136,False,0.030728709394205442,0.009527839172630411,0.044826340631875926,False
2014-02-26 20:25:00,0.136,False,0.030728709394205442,0.009541764671845868,0.044826340631875926,False
2014-02-26 20:30:00,0.134,False,0.029850746268656716,0.00956887124154803,0.044826340631875926,False
2014-02-26 20:35:00,0.068,False,0.0008779631255487266,0.009507256988921131,0.044826340631875926,False
2014-02-26 20:40:00,0.134,False,0.029850746268656716,0.009657037687041728,0.044826340631875926,False
2014-02-26 20:45:00,0.136,False,0.030728709394205442,0.009686417677236693,0.044826340631875926,False
2014-02-26 20:50:00,0.134,False,0.029850746268656716,0.009671916781586968,0.044826340631875926,False
2014-02-26 20:55:00,0.134,False,0.029850746268656716,0.009101627945446429,0.044826340631875926,False
2014-02-26 21:00:00,0.266,False,0.0877963125548727,0.009131705930866986,0.044826340631875926,False
2014-02-26 21:05:00,0.198,False,0.057945566286215985,0.007734203377053391,0.044826340631875926,False
2014-02-26 21:10:00,0.264,False,0.08691834942932397,0.008954759614740003,0.044826340631875926,False
2014-02-26 21:15:00,0.2,False,0.058823529411764705,0.026582880060817805,0.044826340631875926,False
2014-02-26 21:20:00,0.134,False,0.029850746268656716,0.02626400618501311,0.044826340631875926,False
2014-02-26 21:25:00,0.066,False,0.0,0.02602618304837603,0.044826340631875926,False
2014-02-26 21:30:00,0.134,False,0.029850746268656716,0.026730044139235694,0.044826340631875926,False
2014-02-26 21:35:00,0.132,False,0.02897278314310799,0.02667516248929185,0.044826340631875926,False
2014-02-26 21:40:00,0.134,False,0.029850746268656716,0.026972313481635143,0.044826340631875926,False
2014-02-26 21:45:00,0.066,False,0.0,0.027127237641736364,0.044826340631875926,False
2014-02-26 21:50:00,0.134,False,0.029850746268656716,0.027262661545729563,0.044826340631875926,False
2014-02-26 21:55:00,0.132,False,0.02897278314310799,0.028219434559750806,0.044826340631875926,False
2014-02-26 22:00:00,0.132,False,0.02897278314310799,0.028787425411649796,0.044826340631875926,False
2014-02-26 22:05:00,2.344,True,0.9999999999999999,0.02922445081473095,0.044826340631875926,False
2014-02-26 22:10:00,0.134,False,0.029850746268656716,0.07696240719752306,0.044826340631875926,True
2014-02-26 22:15:00,0.066,False,0.0,0.09589683964689345,0.044826340631875926,True
2014-02-26 22:20:00,0.134,False,0.029850746268656716,0.10581282025602674,0.044826340631875926,True
2014-02-26 22:25:00,0.066,False,0.0,0.10725479780164576,0.044826340631875926,True
2014-02-26 22:30:00,0.132,False,0.02897278314310799,0.10547780945508982,0.044826340631875926,True
2014-02-26 22:35:00,0.134,False,0.029850746268656716,0.10443354817736922,0.044826340631875926,True
2014-02-26 22:40:00,0.132,False,0.02897278314310799,0.10268074482688087,0.044826340631875926,True
2014-02-26 22:45:00,0.132,False,0.02897278314310799,0.09956767180886031,0.044826340631875926,True
2014-02-26 22:50:00,0.134,False,0.029850746268656716,0.09859722847800904,0.044826340631875926,True
2014-02-26 22:55:00,0.134,False,0.029850746268656716,0.09816553220610745,0.044826340631875926,True
2014-02-26 23:00:00,0.132,False,0.02897278314310799,0.09684641376554197,0.044826340631875926,True
2014-02-26 23:05:00,0.134,False,0.029850746268656716,0.09030198849757265,0.044826340631875926,True
2014-02-26 23:10:00,0.066,False,0.0,0.07656983186038116,0.044826340631875926,True
2014-02-26 23:15:00,0.3279999999999999,False,0.11501316944688318,0.07613253684979905,0.044826340631875926,True
2014-02-26 23:20:00,0.132,False,0.02897278314310799,0.08599609673428786,0.044826340631875926,True
2014-02-26 23:25:00,0.066,False,0.0,0.08924634090897579,0.044826340631875926,True
2014-02-26 23:30:00,0.134,False,0.029850746268656716,0.09571455583392806,0.044826340631875926,True
2014-02-26 23:35:00,0.134,False,0.029850746268656716,0.07827031418074978,0.044826340631875926,True
2014-02-26 23:40:00,0.132,False,0.02897278314310799,0.06066794173859053,0.044826340631875926,True
2014-02-26 23:45:00,0.066,False,0.0,0.056364699735374064,0.044826340631875926,True
2014-02-26 23:50:00,0.134,False,0.029850746268656716,0.05916403298524342,0.044826340631875926,True
2014-02-26 23:55:00,0.136,False,0.030728709394205442,0.06449161348169417,0.044826340631875926,True
2014-02-27 00:00:00,0.132,False,0.02897278314310799,0.07158223950310358,0.044826340631875926,True
2014-02-27 00:05:00,0.134,False,0.029850746268656716,0.0766409826321314,0.044826340631875926,True
2014-02-27 00:10:00,0.066,False,0.0,0.08119289455114963,0.044826340631875926,True
2014-02-27 00:15:00,0.132,False,0.02897278314310799,0.08894414231148436,0.044826340631875926,True
2014-02-27 00:20:00,0.066,False,0.0,0.09685087771996317,0.044826340631875926,True
2014-02-27 00:25:00,0.134,False,0.029850746268656716,0.10542601658108203,0.044826340631875926,True
2014-02-27 00:30:00,0.132,False,0.02897278314310799,0.11281949028673663,0.044826340631875926,True
2014-02-27 00:35:00,0.066,False,0.0,0.11770367344521378,0.044826340631875926,True
2014-02-27 00:40:00,0.132,False,0.02897278314310799,0.011877862308016287,0.044826340631875926,False
2014-02-27 00:45:00,0.134,False,0.029850746268656716,0.01177228988666945,0.044826340631875926,False
2014-02-27 00:50:00,0.066,False,0.0,0.01124587764384054,0.044826340631875926,False
2014-02-27 00:55:00,0.134,False,0.029850746268656716,0.01224446900397155,0.044826340631875926,False
2014-02-27 01:00:00,0.132,False,0.02897278314310799,0.011661513373670012,0.044826340631875926,False
2014-02-27 01:05:00,0.134,False,0.029850746268656716,0.011795050005532333,0.044826340631875926,False
2014-02-27 01:10:00,0.066,False,0.0,0.011937403033591337,0.044826340631875926,False
2014-02-27 01:15:00,0.134,False,0.029850746268656716,0.012824024204006655,0.044826340631875926,False
2014-02-27 01:20:00,0.134,False,0.029850746268656716,0.01298270684737523,0.044826340631875926,False
2014-02-27 01:25:00,0.134,False,0.029850746268656716,0.013107741373365714,0.044826340631875926,False
2014-02-27 01:30:00,0.068,False,0.0008779631255487266,0.013227152139033473,0.044826340631875926,False
2014-02-27 01:35:00,0.134,False,0.029850746268656716,0.013977523184582293,0.044826340631875926,False
2014-02-27 01:40:00,0.134,False,0.029850746268656716,0.013984919562205374,0.044826340631875926,False
2014-02-27 01:45:00,0.066,False,0.0,0.013381656815693373,0.044826340631875926,False
2014-02-27 01:50:00,0.134,False,0.029850746268656716,0.011462430891171771,0.044826340631875926,False
2014-02-27 01:55:00,0.134,False,0.029850746268656716,0.011421063458691448,0.044826340631875926,False
2014-02-27 02:00:00,0.134,False,0.029850746268656716,0.010829745607168779,0.044826340631875926,False
2014-02-27 02:05:00,0.068,False,0.0008779631255487266,0.010819522913884423,0.044826340631875926,False
2014-02-27 02:10:00,0.134,False,0.029850746268656716,0.011424871086354729,0.044826340631875926,False
2014-02-27 02:15:00,0.198,False,0.057945566286215985,0.011376873258024861,0.044826340631875926,False
2014-02-27 02:20:00,0.066,False,0.0,0.011207853050949908,0.044826340631875926,False
2014-02-27 02:25:00,0.134,False,0.029850746268656716,0.011980985061428787,0.044826340631875926,False
2014-02-27 02:30:00,0.066,False,0.0,0.011971073003716378,0.044826340631875926,False
2014-02-27 02:35:00,0.134,False,0.029850746268656716,0.012721976633152313,0.044826340631875926,False
2014-02-27 02:40:00,0.134,False,0.029850746268656716,0.012686311883510099,0.044826340631875926,False
2014-02-27 02:45:00,0.066,False,0.0,0.012158762930434783,0.044826340631875926,False
2014-02-27 02:50:00,0.132,False,0.02897278314310799,0.012809600854193843,0.044826340631875926,False
2014-02-27 02:55:00,0.132,False,0.02897278314310799,0.012236326268416484,0.044826340631875926,False
2014-02-27 03:00:00,0.134,False,0.029850746268656716,0.012239733986166228,0.044826340631875926,False
2014-02-27 03:05:00,0.136,False,0.030728709394205442,0.012220418968401195,0.044826340631875926,False
2014-02-27 03:10:00,0.134,False,0.029850746268656716,0.011693313688951204,0.044826340631875926,False
2014-02-27 03:15:00,0.068,False,0.0008779631255487266,0.01173258326938967,0.044826340631875926,False
2014-02-27 03:20:00,0.134,False,0.029850746268656716,0.012321624169842973,0.044826340631875926,False
2014-02-27 03:25:00,0.132,False,0.02897278314310799,0.01174303495230026,0.044826340631875926,False
2014-02-27 03:30:00,0.068,False,0.0008779631255487266,0.011712996827485896,0.044826340631875926,False
2014-02-27 03:35:00,0.134,False,0.029850746268656716,0.012368323548239314,0.044826340631875926,False
2014-02-27 03:40:00,1.5319999999999998,False,0.6435469710272167,0.012298989562791428,0.044826340631875926,False
2014-02-27 03:45:00,0.132,False,0.02897278314310799,0.032023038268896055,0.044826340631875926,False
2014-02-27 03:50:00,0.066,False,0.0,0.04192998345177059,0.044826340631875926,False
2014-02-27 03:55:00,0.136,False,0.030728709394205442,0.05408166904980358,0.044826340631875926,True
2014-02-27 04:00:00,0.134,False,0.029850746268656716,0.05299899334140844,0.044826340631875926,True
2014-02-27 04:05:00,0.134,False,0.029850746268656716,0.05120150881171017,0.044826340631875926,True
2014-02-27 04:10:00,0.068,False,0.0008779631255487266,0.047669731822210445,0.044826340631875926,True
2014-02-27 04:15:00,0.134,False,0.029850746268656716,0.04640088889639927,0.044826340631875926,True
2014-02-27 04:20:00,0.132,False,0.02897278314310799,0.04421312154306413,0.044826340631875926,False
2014-02-27 04:25:00,0.068,False,0.0008779631255487266,0.04356978179721768,0.044826340631875926,False
2014-02-27 04:30:00,0.134,False,0.029850746268656716,0.04313549908057383,0.044826340631875926,False
2014-02-27 04:35:00,0.066,False,0.0,0.04395344575138243,0.044826340631875926,False
2014-02-27 04:40:00,0.134,False,0.029850746268656716,0.04351039018437271,0.044826340631875926,False
2014-02-27 04:45:00,0.132,False,0.02897278314310799,0.04412395952845617,0.044826340631875926,False
2014-02-27 04:50:00,0.134,False,0.029850746268656716,0.04274359912199167,0.044826340631875926,False
2014-02-27 04:55:00,0.134,False,0.029850746268656716,0.04174788992536898,0.044826340631875926,False
2014-02-27 05:00:00,0.066,False,0.0,0.04239297912117854,0.044826340631875926,False
2014-02-27 05:05:00,0.134,False,0.029850746268656716,0.042424549683405186,0.044826340631875926,False
2014-02-27 05:10:00,0.136,False,0.030728709394205442,0.04328653169237132,0.044826340631875926,False
2014-02-27 05:15:00,0.134,False,0.029850746268656716,0.04403076290060571,0.044826340631875926,False
2014-02-27 05:20:00,0.068,False,0.0008779631255487266,0.045655428395187665,0.044826340631875926,True
2014-02-27 05:25:00,0.134,False,0.029850746268656716,0.04651271036733678,0.044826340631875926,True
2014-02-27 05:30:00,0.066,False,0.0,0.046476117018550284,0.044826340631875926,True
2014-02-27 05:35:00,0.134,False,0.029850746268656716,0.045935421003334566,0.044826340631875926,True
2014-02-27 05:40:00,0.134,False,0.029850746268656716,0.04566787474439582,0.044826340631875926,True
2014-02-27 05:45:00,0.136,False,0.030728709394205442,0.04591594977565447,0.044826340631875926,True
2014-02-27 05:50:00,0.066,False,0.0,0.04695637925024578,0.044826340631875926,True
2014-02-27 05:55:00,0.134,False,0.029850746268656716,0.04876548717393139,0.044826340631875926,True
2014-02-27 06:00:00,0.134,False,0.029850746268656716,0.04997268432949172,0.044826340631875926,True
2014-02-27 06:05:00,0.134,False,0.029850746268656716,0.05025265252979169,0.044826340631875926,True
2014-02-27 06:10:00,0.066,False,0.0,0.05089414975436101,0.044826340631875926,True
2014-02-27 06:15:00,0.132,False,0.02897278314310799,0.011544600330546106,0.044826340631875926,False
2014-02-27 06:20:00,0.132,False,0.02897278314310799,0.011481339437519118,0.044826340631875926,False
2014-02-27 06:25:00,0.066,False,0.0,0.010873365138551363,0.044826340631875926,False
2014-02-27 06:30:00,0.2,False,0.058823529411764705,0.01146307435608421,0.044826340631875926,False
2014-02-27 06:35:00,0.066,False,0.0,0.011923164503367053,0.044826340631875926,False
2014-02-27 06:40:00,0.134,False,0.029850746268656716,0.012625776271790675,0.044826340631875926,False
2014-02-27 06:45:00,0.134,False,0.029850746268656716,0.012119875593072213,0.044826340631875926,False
2014-02-27 06:50:00,0.066,False,0.0,0.012150805188304224,0.044826340631875926,False
2014-02-27 06:55:00,0.2019999999999999,False,0.05970149253731338,0.012839021929859992,0.044826340631875926,False
2014-02-27 07:00:00,0.134,False,0.029850746268656716,0.01282724533170104,0.044826340631875926,False
2014-02-27 07:05:00,0.066,False,0.0,0.012773157096799607,0.044826340631875926,False
2014-02-27 07:10:00,0.134,False,0.029850746268656716,0.013082941807206866,0.044826340631875926,False
2014-02-27 07:15:00,0.132,False,0.02897278314310799,0.013093830892837442,0.044826340631875926,False
2014-02-27 07:20:00,0.132,False,0.02897278314310799,0.013114117209510402,0.044826340631875926,False
2014-02-27 07:25:00,0.134,False,0.029850746268656716,0.013108609686694207,0.044826340631875926,False
2014-02-27 07:30:00,0.066,False,0.0,0.013052737472357018,0.044826340631875926,False
2014-02-27 07:35:00,0.132,False,0.02897278314310799,0.013257805079620742,0.044826340631875926,False
2014-02-27 07:40:00,0.134,False,0.029850746268656716,0.013234942298538416,0.044826340631875926,False
2014-02-27 07:45:00,0.134,False,0.029850746268656716,0.013214732669206659,0.044826340631875926,False
2014-02-27 07:50:00,0.134,False,0.029850746268656716,0.013156825701308448,0.044826340631875926,False
2014-02-27 07:55:00,0.132,False,0.02897278314310799,0.012649448627956535,0.044826340631875926,False
2014-02-27 08:00:00,0.132,False,0.02897278314310799,0.012558458545042171,0.044826340631875926,False
2014-02-27 08:05:00,0.134,False,0.029850746268656716,0.011986053876637674,0.044826340631875926,False
2014-02-27 08:10:00,0.066,False,0.0,0.011977573191185054,0.044826340631875926,False
2014-02-27 08:15:00,0.134,False,0.029850746268656716,0.01269457979176279,0.044826340631875926,False
2014-02-27 08:20:00,0.068,False,0.0008779631255487266,0.012583952586098143,0.044826340631875926,False
2014-02-27 08:25:00,0.198,False,0.057945566286215985,0.012649250848838585,0.044826340631875926,False
2014-02-27 08:30:00,0.066,False,0.0,0.013009287654439936,0.044826340631875926,False
2014-02-27 08:35:00,0.134,False,0.029850746268656716,0.013826224918921227,0.044826340631875926,False
2014-02-27 08:40:00,0.066,False,0.0,0.013773834298808808,0.044826340631875926,False
2014-02-27 08:45:00,0.132,False,0.02897278314310799,0.013958339793741142,0.044826340631875926,False
2014-02-27 08:50:00,0.066,False,0.0,0.014007335060099201,0.044826340631875926,False
2014-02-27 08:55:00,0.2019999999999999,False,0.05970149253731338,0.01467394064757553,0.044826340631875926,False
2014-02-27 09:00:00,0.134,False,0.029850746268656716,0.014662257562652293,0.044826340631875926,False
2014-02-27 09:05:00,0.068,False,0.0008779631255487266,0.013668018280216947,0.044826340631875926,False
2014-02-27 09:10:00,0.134,False,0.029850746268656716,0.01393067664876994,0.044826340631875926,False
2014-02-27 09:15:00,0.132,False,0.02897278314310799,0.013969741657132075,0.044826340631875926,False
2014-02-27 09:20:00,0.132,False,0.02897278314310799,0.013902738966802193,0.044826340631875926,False
2014-02-27 09:25:00,0.134,False,0.029850746268656716,0.013371990059897896,0.044826340631875926,False
2014-02-27 09:30:00,0.134,False,0.029850746268656716,0.012400035472477179,0.044826340631875926,False
2014-02-27 09:35:00,0.2,False,0.058823529411764705,0.012346576314930819,0.044826340631875926,False
2014-02-27 09:40:00,0.134,False,0.029850746268656716,0.012163225901039203,0.044826340631875926,False
2014-02-27 09:45:00,0.136,False,0.030728709394205442,0.012202550748399654,0.044826340631875926,False
2014-02-27 09:50:00,0.134,False,0.029850746268656716,0.012264698197346156,0.044826340631875926,False
2014-02-27 09:55:00,0.134,False,0.029850746268656716,0.012305094181394536,0.044826340631875926,False
2014-02-27 10:00:00,0.136,False,0.030728709394205442,0.012234220781818983,0.044826340631875926,False
2014-02-27 10:05:00,0.134,False,0.029850746268656716,0.011780548797261306,0.044826340631875926,False
2014-02-27 10:10:00,0.134,False,0.029850746268656716,0.011838704047308683,0.044826340631875926,False
2014-02-27 10:15:00,0.066,False,0.0,0.011866816453840653,0.044826340631875926,False
2014-02-27 10:20:00,0.134,False,0.029850746268656716,0.012704585417494597,0.044826340631875926,False
2014-02-27 10:25:00,0.132,False,0.02897278314310799,0.012695296530311725,0.044826340631875926,False
2014-02-27 10:30:00,0.066,False,0.0,0.012706789423411512,0.044826340631875926,False
2014-02-27 10:35:00,0.134,False,0.029850746268656716,0.013485411758283038,0.044826340631875926,False
2014-02-27 10:40:00,0.066,False,0.0,0.013429387241660812,0.044826340631875926,False
2014-02-27 10:45:00,0.132,False,0.02897278314310799,0.013615330326119323,0.044826340631875926,False
2014-02-27 10:50:00,0.134,False,0.029850746268656716,0.013550181402330127,0.044826340631875926,False
2014-02-27 10:55:00,0.132,False,0.02897278314310799,0.013061729672928802,0.044826340631875926,False
2014-02-27 11:00:00,0.136,False,0.030728709394205442,0.012084819137110302,0.044826340631875926,False
2014-02-27 11:05:00,0.066,False,0.0,0.011584990122784793,0.044826340631875926,False
2014-02-27 11:10:00,0.134,False,0.029850746268656716,0.012270392043440267,0.044826340631875926,False
2014-02-27 11:15:00,0.134,False,0.029850746268656716,0.011723467607169965,0.044826340631875926,False
2014-02-27 11:20:00,0.068,False,0.0008779631255487266,0.011704969980184585,0.044826340631875926,False
2014-02-27 11:25:00,0.136,False,0.030728709394205442,0.011797166328996042,0.044826340631875926,False
2014-02-27 11:30:00,0.134,False,0.029850746268656716,0.010852052760167378,0.044826340631875926,False
2014-02-27 11:35:00,0.134,False,0.029850746268656716,0.010781032522065893,0.044826340631875926,False
2014-02-27 11:40:00,0.068,False,0.0008779631255487266,0.010219989972173259,0.044826340631875926,False
2014-02-27 11:45:00,0.134,False,0.029850746268656716,0.010826531789743361,0.044826340631875926,False
2014-02-27 11:50:00,0.066,False,0.0,0.010824038071968346,0.044826340631875926,False
2014-02-27 11:55:00,0.134,False,0.029850746268656716,0.011443434048903014,0.044826340631875926,False
2014-02-27 12:00:00,0.198,False,0.057945566286215985,0.011412833396804357,0.044826340631875926,False
2014-02-27 12:05:00,0.066,False,0.0,0.011773126440290072,0.044826340631875926,False
2014-02-27 12:10:00,0.132,False,0.02897278314310799,0.011581298025346198,0.044826340631875926,False
2014-02-27 12:15:00,0.132,False,0.02897278314310799,0.011557502245308625,0.044826340631875926,False
2014-02-27 12:20:00,0.066,False,0.0,0.011512795922569635,0.044826340631875926,False
2014-02-27 12:25:00,0.134,False,0.029850746268656716,0.012195334585101712,0.044826340631875926,False
2014-02-27 12:30:00,0.134,False,0.029850746268656716,0.012210899034233199,0.044826340631875926,False
2014-02-27 12:35:00,0.066,False,0.0,0.012205209655162268,0.044826340631875926,False
2014-02-27 12:40:00,0.134,False,0.029850746268656716,0.01288226214475997,0.044826340631875926,False
2014-02-27 12:45:00,0.132,False,0.02897278314310799,0.012844478512084164,0.044826340631875926,False
2014-02-27 12:50:00,0.066,False,0.0,0.012273859623672407,0.044826340631875926,False
2014-02-27 12:55:00,0.198,False,0.057945566286215985,0.012934862569253589,0.044826340631875926,False
2014-02-27 13:00:00,0.066,False,0.0,0.013409565974878381,0.044826340631875926,False
2014-02-27 13:05:00,0.132,False,0.02897278314310799,0.013631486857540518,0.044826340631875926,False
2014-02-27 13:10:00,0.134,False,0.029850746268656716,0.013540245007090149,0.044826340631875926,False
2014-02-27 13:15:00,0.134,False,0.029850746268656716,0.012999815490278874,0.044826340631875926,False
2014-02-27 13:20:00,0.134,False,0.029850746268656716,0.013039013420967267,0.044826340631875926,False
2014-02-27 13:25:00,0.068,False,0.0008779631255487266,0.013048200483548645,0.044826340631875926,False
2014-02-27 13:30:00,0.134,False,0.029850746268656716,0.013749393288897582,0.044826340631875926,False
2014-02-27 13:35:00,0.134,False,0.029850746268656716,0.013660934913270053,0.044826340631875926,False
2014-02-27 13:40:00,0.132,False,0.02897278314310799,0.013111956786546381,0.044826340631875926,False
2014-02-27 13:45:00,0.2019999999999999,False,0.05970149253731338,0.013094971147615254,0.044826340631875926,False
2014-02-27 13:50:00,0.134,False,0.029850746268656716,0.013421252894659275,0.044826340631875926,False
2014-02-27 13:55:00,0.132,False,0.02897278314310799,0.012965833314334414,0.044826340631875926,False
2014-02-27 14:00:00,0.132,False,0.02897278314310799,0.012935423662350176,0.044826340631875926,False
2014-02-27 14:05:00,0.066,False,0.0,0.012929408568730816,0.044826340631875926,False
2014-02-27 14:10:00,0.134,False,0.029850746268656716,0.01370064788338539,0.044826340631875926,False
2014-02-27 14:15:00,0.134,False,0.029850746268656716,0.01320563753206094,0.044826340631875926,False
2014-02-27 14:20:00,0.134,False,0.029850746268656716,0.013143041975881255,0.044826340631875926,False
2014-02-27 14:25:00,0.066,False,0.0,0.012630357924507552,0.044826340631875926,False
2014-02-27 14:30:00,0.134,False,0.029850746268656716,0.01339166921634038,0.044826340631875926,False
2014-02-27 14:35:00,0.132,False,0.02897278314310799,0.012390585511678622,0.044826340631875926,False
2014-02-27 14:40:00,0.134,False,0.029850746268656716,0.011828892232557462,0.044826340631875926,False
2014-02-27 14:45:00,0.198,False,0.057945566286215985,0.011870110015645684,0.044826340631875926,False
2014-02-27 14:50:00,0.132,False,0.02897278314310799,0.012083383475642627,0.044826340631875926,False
2014-02-27 14:55:00,0.2,False,0.058823529411764705,0.01161975126140057,0.044826340631875926,False
2014-02-27 15:00:00,0.132,False,0.02897278314310799,0.011796218418631507,0.044826340631875926,False
2014-02-27 15:05:00,0.134,False,0.029850746268656716,0.011732559176344495,0.044826340631875926,False
2014-02-27 15:10:00,0.066,False,0.0,0.011312796034296071,0.044826340631875926,False
2014-02-27 15:15:00,0.132,False,0.02897278314310799,0.012437011261342784,0.044826340631875926,False
2014-02-27 15:20:00,0.134,False,0.029850746268656716,0.012366046592154921,0.044826340631875926,False
2014-02-27 15:25:00,0.066,False,0.0,0.01192772902089329,0.044826340631875926,False
2014-02-27 15:30:00,0.134,False,0.029850746268656716,0.011894707922366647,0.044826340631875926,False
2014-02-27 15:35:00,0.134,False,0.029850746268656716,0.011414078814335945,0.044826340631875926,False
2014-02-27 15:40:00,0.134,False,0.029850746268656716,0.01146740968927047,0.044826340631875926,False
2014-02-27 15:45:00,0.136,False,0.030728709394205442,0.01148890095109047,0.044826340631875926,False
2014-02-27 15:50:00,0.134,False,0.029850746268656716,0.011528103662568078,0.044826340631875926,False
2014-02-27 15:55:00,0.132,False,0.02897278314310799,0.011490312144694476,0.044826340631875926,False
2014-02-27 16:00:00,0.134,False,0.029850746268656716,0.011004517611224097,0.044826340631875926,False
2014-02-27 16:05:00,0.134,False,0.029850746268656716,0.011024151815830312,0.044826340631875926,False
2014-02-27 16:10:00,0.134,False,0.029850746268656716,0.011043309804160042,0.044826340631875926,False
2014-02-27 16:15:00,0.134,False,0.029850746268656716,0.011089167436314997,0.044826340631875926,False
2014-02-27 16:20:00,0.132,False,0.02897278314310799,0.010110884946616968,0.044826340631875926,False
2014-02-27 16:25:00,0.066,False,0.0,0.010096327886519579,0.044826340631875926,False
2014-02-27 16:30:00,0.134,False,0.029850746268656716,0.010921426446449344,0.044826340631875926,False
2014-02-27 16:35:00,0.134,False,0.029850746268656716,0.010869679237610418,0.044826340631875926,False
2014-02-27 16:40:00,0.134,False,0.029850746268656716,0.010306282809403749,0.044826340631875926,False
2014-02-27 16:45:00,0.136,False,0.030728709394205442,0.010291863949127211,0.044826340631875926,False
2014-02-27 16:50:00,0.134,False,0.029850746268656716,0.010306744364422506,0.044826340631875926,False
2014-02-27 16:55:00,0.132,False,0.02897278314310799,0.010234810498875325,0.044826340631875926,False
2014-02-27 17:00:00,0.134,False,0.029850746268656716,0.00965391384497097,0.044826340631875926,False
2014-02-27 17:05:00,0.134,False,0.029850746268656716,0.009639085326937944,0.044826340631875926,False
2014-02-27 17:10:00,0.134,False,0.029850746268656716,0.009659581369005483,0.044826340631875926,False
2014-02-27 17:15:00,0.602,True,0.2352941176470588,0.009655452629767696,0.044826340631875926,False
2014-02-27 17:20:00,0.332,False,0.11676909569798068,0.023473593937699162,0.044826340631875926,False
2014-02-27 17:25:00,0.134,False,0.029850746268656716,0.02027055510418707,0.044826340631875926,False
2014-02-27 17:30:00,0.134,False,0.029850746268656716,0.0222890340199518,0.044826340631875926,False
2014-02-27 17:35:00,0.134,False,0.029850746268656716,0.026683348080512374,0.044826340631875926,False
2014-02-27 17:40:00,0.134,False,0.029850746268656716,0.031467179616355555,0.044826340631875926,False
2014-02-27 17:45:00,0.132,False,0.02897278314310799,0.033637909370264375,0.044826340631875926,False
2014-02-27 17:50:00,0.132,False,0.02897278314310799,0.03382666863311374,0.044826340631875926,False
2014-02-27 17:55:00,0.134,False,0.029850746268656716,0.03428084180080641,0.044826340631875926,False
2014-02-27 18:00:00,0.132,False,0.02897278314310799,0.035322842679760824,0.044826340631875926,False
2014-02-27 18:05:00,0.134,False,0.029850746268656716,0.03700895750606779,0.044826340631875926,False
2014-02-27 18:10:00,0.132,False,0.02897278314310799,0.03855355512683315,0.044826340631875926,False
2014-02-27 18:15:00,0.134,False,0.029850746268656716,0.03980730891277872,0.044826340631875926,False
2014-02-27 18:20:00,0.134,False,0.029850746268656716,0.040836874168624575,0.044826340631875926,False
2014-02-27 18:25:00,0.066,False,0.0,0.04156298993429552,0.044826340631875926,False
2014-02-27 18:30:00,0.132,False,0.02897278314310799,0.04097821399452858,0.044826340631875926,False
2014-02-27 18:35:00,0.132,False,0.02897278314310799,0.040972346717092184,0.044826340631875926,False
2014-02-27 18:40:00,0.134,False,0.029850746268656716,0.04029916042747084,0.044826340631875926,False
2014-02-27 18:45:00,0.134,False,0.029850746268656716,0.03946276663156335,0.044826340631875926,False
2014-02-27 18:50:00,0.132,False,0.02897278314310799,0.03868606738524851,0.044826340631875926,False
2014-02-27 18:55:00,0.134,False,0.029850746268656716,0.03754270526048756,0.044826340631875926,False
2014-02-27 19:00:00,0.134,False,0.029850746268656716,0.03626661781627191,0.044826340631875926,False
2014-02-27 19:05:00,0.134,False,0.029850746268656716,0.03485445679547819,0.044826340631875926,False
2014-02-27 19:10:00,0.134,False,0.029850746268656716,0.03295594161735585,0.044826340631875926,False
2014-02-27 19:15:00,0.066,False,0.0,0.03071712823162214,0.044826340631875926,False
2014-02-27 19:20:00,0.134,False,0.029850746268656716,0.02752073866260402,0.044826340631875926,False
2014-02-27 19:25:00,0.134,False,0.029850746268656716,0.025058665557527067,0.044826340631875926,False
2014-02-27 19:30:00,0.134,False,0.029850746268656716,0.023058251466821215,0.044826340631875926,False
2014-02-27 19:35:00,0.134,False,0.029850746268656716,0.021652964413774387,0.044826340631875926,False
2014-02-27 19:40:00,0.066,False,0.0,0.020891069143766327,0.044826340631875926,False
2014-02-27 19:45:00,0.134,False,0.029850746268656716,0.021080316661728694,0.044826340631875926,False
2014-02-27 19:50:00,0.134,False,0.029850746268656716,0.007611942636151654,0.044826340631875926,False
2014-02-27 19:55:00,0.134,False,0.029850746268656716,0.00790228303690856,0.044826340631875926,False
2014-02-27 20:00:00,0.134,False,0.029850746268656716,0.00787178203632539,0.044826340631875926,False
2014-02-27 20:05:00,0.132,False,0.02897278314310799,0.007844814038973106,0.044826340631875926,False
2014-02-27 20:10:00,0.134,False,0.029850746268656716,0.0077990339549445335,0.044826340631875926,False
2014-02-27 20:15:00,0.066,False,0.0,0.0077775849751694215,0.044826340631875926,False
2014-02-27 20:20:00,0.134,False,0.029850746268656716,0.008528564165910243,0.044826340631875926,False
2014-02-27 20:25:00,0.134,False,0.029850746268656716,0.008520023556922765,0.044826340631875926,False
2014-02-27 20:30:00,0.134,False,0.029850746268656716,0.008496678093944878,0.044826340631875926,False
2014-02-27 20:35:00,0.134,False,0.029850746268656716,0.008509048967430615,0.044826340631875926,False
2014-02-27 20:40:00,0.132,False,0.02897278314310799,0.008496271842588606,0.044826340631875926,False
2014-02-27 20:45:00,0.132,False,0.02897278314310799,0.008492190911242984,0.044826340631875926,False
2014-02-27 20:50:00,0.132,False,0.02897278314310799,0.008462159740303845,0.044826340631875926,False
2014-02-27 20:55:00,0.132,False,0.02897278314310799,0.008361004395663896,0.044826340631875926,False
2014-02-27 21:00:00,0.132,False,0.02897278314310799,0.007758680244491819,0.044826340631875926,False
2014-02-27 21:05:00,0.132,False,0.02897278314310799,0.007739211380686684,0.044826340631875926,False
2014-02-27 21:10:00,0.066,False,0.0,0.007721683020598017,0.044826340631875926,False
2014-02-27 21:15:00,0.134,False,0.029850746268656716,0.008456903062150306,0.044826340631875926,False
2014-02-27 21:20:00,0.136,False,0.030728709394205442,0.008412172135596897,0.044826340631875926,False
2014-02-27 21:25:00,0.132,False,0.02897278314310799,0.008434808224315337,0.044826340631875926,False
2014-02-27 21:30:00,0.132,False,0.02897278314310799,0.008393035000443616,0.044826340631875926,False
2014-02-27 21:35:00,0.066,False,0.0,0.008357516414806669,0.044826340631875926,False
2014-02-27 21:40:00,0.134,False,0.029850746268656716,0.009103479758962522,0.044826340631875926,False
2014-02-27 21:45:00,0.066,False,0.0,0.0090127093355502,0.044826340631875926,False
2014-02-27 21:50:00,0.132,False,0.02897278314310799,0.00910915039585484,0.044826340631875926,False
2014-02-27 21:55:00,0.132,False,0.02897278314310799,0.009059774102836647,0.044826340631875926,False
2014-02-27 22:00:00,0.132,False,0.02897278314310799,0.00902479916123059,0.044826340631875926,False
2014-02-27 22:05:00,0.134,False,0.029850746268656716,0.009001783394893338,0.044826340631875926,False
2014-02-27 22:10:00,0.066,False,0.0,0.008926739408652318,0.044826340631875926,False
2014-02-27 22:15:00,0.134,False,0.029850746268656716,0.009029279203792744,0.044826340631875926,False
2014-02-27 22:20:00,0.132,False,0.02897278314310799,0.00900528870679968,0.044826340631875926,False
2014-02-27 22:25:00,0.066,False,0.0,0.008969586774791876,0.044826340631875926,False
2014-02-27 22:30:00,0.132,False,0.02897278314310799,0.009620687712495234,0.044826340631875926,False
2014-02-27 22:35:00,0.134,False,0.029850746268656716,0.009592462624380958,0.044826340631875926,False
2014-02-27 22:40:00,0.066,False,0.0,0.009627150842810376,0.044826340631875926,False
2014-02-27 22:45:00,0.134,False,0.029850746268656716,0.010205658973200925,0.044826340631875926,False
2014-02-27 22:50:00,0.136,False,0.030728709394205442,0.009588942340776032,0.044826340631875926,False
2014-02-27 22:55:00,0.134,False,0.029850746268656716,0.009585819111028748,0.044826340631875926,False
2014-02-27 23:00:00,0.134,False,0.029850746268656716,0.009557509947080848,0.044826340631875926,False
2014-02-27 23:05:00,0.134,False,0.029850746268656716,0.00952869197056635,0.044826340631875926,False
2014-02-27 23:10:00,0.068,False,0.0008779631255487266,0.009501375223953957,0.044826340631875926,False
2014-02-27 23:15:00,0.134,False,0.029850746268656716,0.010135574954190395,0.044826340631875926,False
2014-02-27 23:20:00,0.134,False,0.029850746268656716,0.010139959115717086,0.044826340631875926,False
2014-02-27 23:25:00,0.132,False,0.02897278314310799,0.010150359248546762,0.044826340631875926,False
2014-02-27 23:30:00,0.068,False,0.0008779631255487266,0.010141594447620713,0.044826340631875926,False
2014-02-27 23:35:00,0.134,False,0.029850746268656716,0.010804085149970758,0.044826340631875926,False
2014-02-27 23:40:00,0.134,False,0.029850746268656716,0.01075043667713984,0.044826340631875926,False
2014-02-27 23:45:00,0.066,False,0.0,0.010159488188150262,0.044826340631875926,False
2014-02-27 23:50:00,0.134,False,0.029850746268656716,0.010785977374615115,0.044826340631875926,False
2014-02-27 23:55:00,0.138,False,0.03160667251975417,0.010759888616310664,0.044826340631875926,False
2014-02-28 00:00:00,0.134,False,0.029850746268656716,0.010854542008629746,0.044826340631875926,False
2014-02-28 00:05:00,0.134,False,0.029850746268656716,0.010823458985076386,0.044826340631875926,False
2014-02-28 00:10:00,0.066,False,0.0,0.010255855772800183,0.044826340631875926,False
2014-02-28 00:15:00,0.132,False,0.02897278314310799,0.010859157013978599,0.044826340631875926,False
2014-02-28 00:20:00,0.134,False,0.029850746268656716,0.010236199473254085,0.044826340631875926,False
2014-02-28 00:25:00,0.134,False,0.029850746268656716,0.010254883596208625,0.044826340631875926,False
2014-02-28 00:30:00,0.066,False,0.0,0.010284280909003482,0.044826340631875926,False
2014-02-28 00:35:00,0.134,False,0.029850746268656716,0.010993768933987123,0.044826340631875926,False
2014-02-28 00:40:00,0.132,False,0.02897278314310799,0.010930524991030994,0.044826340631875926,False
2014-02-28 00:45:00,0.066,False,0.0,0.010332453134558266,0.044826340631875926,False
2014-02-28 00:50:00,0.132,False,0.02897278314310799,0.010997927546084692,0.044826340631875926,False
2014-02-28 00:55:00,0.132,False,0.02897278314310799,0.010936034393390784,0.044826340631875926,False
2014-02-28 01:00:00,0.132,False,0.02897278314310799,0.010326300950255923,0.044826340631875926,False
2014-02-28 01:05:00,0.134,False,0.029850746268656716,0.010329366429554353,0.044826340631875926,False
2014-02-28 01:10:00,0.066,False,0.0,0.01024777158241166,0.044826340631875926,False
2014-02-28 01:15:00,0.134,False,0.029850746268656716,0.010310706326273017,0.044826340631875926,False
2014-02-28 01:20:00,0.134,False,0.029850746268656716,0.010287241591917408,0.044826340631875926,False
2014-02-28 01:25:00,0.2,False,0.058823529411764705,0.010242892205627959,0.044826340631875926,False
2014-02-28 01:30:00,0.066,False,0.0,0.010541532307106619,0.044826340631875926,False
2014-02-28 01:35:00,0.134,False,0.029850746268656716,0.011399175011532973,0.044826340631875926,False
2014-02-28 01:40:00,0.134,False,0.029850746268656716,0.011336034134941766,0.044826340631875926,False
2014-02-28 01:45:00,0.134,False,0.029850746268656716,0.010840397872759002,0.044826340631875926,False
2014-02-28 01:50:00,0.068,False,0.0008779631255487266,0.010859034072094258,0.044826340631875926,False
2014-02-28 01:55:00,0.134,False,0.029850746268656716,0.011596298933940598,0.044826340631875926,False
2014-02-28 02:00:00,0.132,False,0.02897278314310799,0.011564799485020042,0.044826340631875926,False
2014-02-28 02:05:00,0.132,False,0.02897278314310799,0.011026713113718327,0.044826340631875926,False
2014-02-28 02:10:00,0.068,False,0.0008779631255487266,0.011013160019356373,0.044826340631875926,False
2014-02-28 02:15:00,0.134,False,0.029850746268656716,0.011637008666418728,0.044826340631875926,False
2014-02-28 02:20:00,0.066,False,0.0,0.011062153307342164,0.044826340631875926,False
2014-02-28 02:25:00,0.134,False,0.029850746268656716,0.011708515613697703,0.044826340631875926,False
2014-02-28 02:30:00,0.134,False,0.029850746268656716,0.011653252625399105,0.044826340631875926,False
2014-02-28 02:35:00,0.134,False,0.029850746268656716,0.011670387160215052,0.044826340631875926,False
2014-02-28 02:40:00,0.068,False,0.0008779631255487266,0.011613523584041269,0.044826340631875926,False
2014-02-28 02:45:00,0.134,False,0.029850746268656716,0.011663152220287461,0.044826340631875926,False
2014-02-28 02:50:00,0.134,False,0.029850746268656716,0.011700624969038637,0.044826340631875926,False
2014-02-28 02:55:00,0.134,False,0.029850746268656716,0.011720688699616264,0.044826340631875926,False
2014-02-28 03:00:00,0.134,False,0.029850746268656716,0.011662748017840853,0.044826340631875926,False
2014-02-28 03:05:00,0.132,False,0.02897278314310799,0.011096217999611463,0.044826340631875926,False
2014-02-28 03:10:00,0.066,False,0.0,0.011072156854728295,0.044826340631875926,False
2014-02-28 03:15:00,0.134,False,0.029850746268656716,0.011718328914476705,0.044826340631875926,False
2014-02-28 03:20:00,1.6,False,0.6733977172958735,0.011122429825121329,0.044826340631875926,False
2014-02-28 03:25:00,0.132,False,0.02897278314310799,0.03224269385731138,0.044826340631875926,False
2014-02-28 03:30:00,0.068,False,0.0008779631255487266,0.04316150649617796,0.044826340631875926,False
2014-02-28 03:35:00,0.132,False,0.02897278314310799,0.05206893543024047,0.044826340631875926,True
2014-02-28 03:40:00,0.132,False,0.02897278314310799,0.052854774467906554,0.044826340631875926,True
2014-02-28 03:45:00,0.132,False,0.02897278314310799,0.048123032331056755,0.044826340631875926,True
2014-02-28 03:50:00,0.134,False,0.029850746268656716,0.04563569119431783,0.044826340631875926,True
2014-02-28 03:55:00,0.134,False,0.029850746268656716,0.04369537673834989,0.044826340631875926,False
2014-02-28 04:00:00,0.134,False,0.029850746268656716,0.04112589593910232,0.044826340631875926,False
2014-02-28 04:05:00,0.066,False,0.0,0.03957235367114488,0.044826340631875926,False
2014-02-28 04:10:00,0.132,False,0.02897278314310799,0.03929384689377978,0.044826340631875926,False
2014-02-28 04:15:00,0.134,False,0.029850746268656716,0.039525921605494695,0.044826340631875926,False
2014-02-28 04:20:00,0.066,False,0.0,0.039971728585627746,0.044826340631875926,False
2014-02-28 04:25:00,0.134,False,0.029850746268656716,0.03923385559330741,0.044826340631875926,False
2014-02-28 04:30:00,0.066,False,0.0,0.040402225888818546,0.044826340631875926,False
2014-02-28 04:35:00,0.134,False,0.029850746268656716,0.038801925587185766,0.044826340631875926,False
2014-02-28 04:40:00,0.134,False,0.029850746268656716,0.03925939813400174,0.044826340631875926,False
2014-02-28 04:45:00,0.132,False,0.02897278314310799,0.040824368946583506,0.044826340631875926,False
2014-02-28 04:50:00,0.066,False,0.0,0.04187107126825136,0.044826340631875926,False
2014-02-28 04:55:00,0.134,False,0.029850746268656716,0.04324239050233036,0.044826340631875926,False
2014-02-28 05:00:00,0.132,False,0.02897278314310799,0.04437379133967993,0.044826340631875926,False
2014-02-28 05:05:00,0.134,False,0.029850746268656716,0.04586349209764564,0.044826340631875926,True
2014-02-28 05:10:00,0.066,False,0.0,0.04614528646686637,0.044826340631875926,True
2014-02-28 05:15:00,0.134,False,0.029850746268656716,0.04559718860923276,0.044826340631875926,True
2014-02-28 05:20:00,0.134,False,0.029850746268656716,0.045821270872237814,0.044826340631875926,True
2014-02-28 05:25:00,0.134,False,0.029850746268656716,0.04759059394449474,0.044826340631875926,True
2014-02-28 05:30:00,0.066,False,0.0,0.04982740712712687,0.044826340631875926,True
2014-02-28 05:35:00,0.134,False,0.029850746268656716,0.05212246911196303,0.044826340631875926,True
2014-02-28 05:40:00,0.132,False,0.02897278314310799,0.05372544533082762,0.044826340631875926,True
2014-02-28 05:45:00,0.066,False,0.0,0.05448776796843909,0.044826340631875926,True
2014-02-28 05:50:00,0.132,False,0.02897278314310799,0.05633540599513444,0.044826340631875926,True
2014-02-28 05:55:00,0.132,False,0.02897278314310799,0.010803405292940516,0.044826340631875926,False
2014-02-28 06:00:00,0.132,False,0.02897278314310799,0.010722419158232585,0.044826340631875926,False
2014-02-28 06:05:00,0.132,False,0.02897278314310799,0.010120451136363815,0.044826340631875926,False
2014-02-28 06:10:00,0.134,False,0.029850746268656716,0.01009689004116582,0.044826340631875926,False
2014-02-28 06:15:00,0.066,False,0.0,0.010103936170963449,0.044826340631875926,False
2014-02-28 06:20:00,0.134,False,0.029850746268656716,0.010770545235377392,0.044826340631875926,False
2014-02-28 06:25:00,0.134,False,0.029850746268656716,0.010764124262930792,0.044826340631875926,False
2014-02-28 06:30:00,0.134,False,0.029850746268656716,0.010775639383596021,0.044826340631875926,False
2014-02-28 06:35:00,0.134,False,0.029850746268656716,0.010714157378774724,0.044826340631875926,False
2014-02-28 06:40:00,0.066,False,0.0,0.010146794633987283,0.044826340631875926,False
2014-02-28 06:45:00,0.134,False,0.029850746268656716,0.010871282540357682,0.044826340631875926,False
2014-02-28 06:50:00,0.134,False,0.029850746268656716,0.01080329065282799,0.044826340631875926,False
2014-02-28 06:55:00,0.134,False,0.029850746268656716,0.01023117810082184,0.044826340631875926,False
2014-02-28 07:00:00,0.134,False,0.029850746268656716,0.010155639085588324,0.044826340631875926,False
2014-02-28 07:05:00,0.066,False,0.0,0.009574004691579307,0.044826340631875926,False
2014-02-28 07:10:00,0.134,False,0.029850746268656716,0.010249158773240914,0.044826340631875926,False
2014-02-28 07:15:00,0.134,False,0.029850746268656716,0.010243719911493329,0.044826340631875926,False
2014-02-28 07:20:00,0.132,False,0.02897278314310799,0.010197814889164965,0.044826340631875926,False
2014-02-28 07:25:00,0.066,False,0.0,0.009591037650146449,0.044826340631875926,False
2014-02-28 07:30:00,0.134,False,0.029850746268656716,0.010258890411175756,0.044826340631875926,False
2014-02-28 07:35:00,0.136,False,0.030728709394205442,0.01028875835231165,0.044826340631875926,False
2014-02-28 07:40:00,0.066,False,0.0,0.010243665257003837,0.044826340631875926,False
2014-02-28 07:45:00,0.134,False,0.029850746268656716,0.010319825340218282,0.044826340631875926,False
2014-02-28 07:50:00,0.134,False,0.029850746268656716,0.01031949652126127,0.044826340631875926,False
2014-02-28 07:55:00,0.134,False,0.029850746268656716,0.010336013527122075,0.044826340631875926,False
2014-02-28 08:00:00,0.066,False,0.0,0.010273265047775641,0.044826340631875926,False
2014-02-28 08:05:00,0.132,False,0.02897278314310799,0.010362048835959965,0.044826340631875926,False
2014-02-28 08:10:00,0.134,False,0.029850746268656716,0.010340131719819904,0.044826340631875926,False
2014-02-28 08:15:00,0.066,False,0.0,0.010292538395928277,0.044826340631875926,False
2014-02-28 08:20:00,0.136,False,0.030728709394205442,0.010333214219815468,0.044826340631875926,False
2014-02-28 08:25:00,0.134,False,0.029850746268656716,0.010372847504314185,0.044826340631875926,False
2014-02-28 08:30:00,0.132,False,0.02897278314310799,0.010395198554685842,0.044826340631875926,False
2014-02-28 08:35:00,0.134,False,0.029850746268656716,0.010396693265329928,0.044826340631875926,False
2014-02-28 08:40:00,0.068,False,0.0008779631255487266,0.010428544364756208,0.044826340631875926,False
2014-02-28 08:45:00,0.132,False,0.02897278314310799,0.010991029719581439,0.044826340631875926,False
2014-02-28 08:50:00,0.134,False,0.029850746268656716,0.01036719381749272,0.044826340631875926,False
2014-02-28 08:55:00,0.134,False,0.029850746268656716,0.010351554552114403,0.044826340631875926,False
2014-02-28 09:00:00,0.136,False,0.030728709394205442,0.01034030461003025,0.044826340631875926,False
2014-02-28 09:05:00,0.134,False,0.029850746268656716,0.010359085342179863,0.044826340631875926,False
2014-02-28 09:10:00,0.132,False,0.02897278314310799,0.010281822821389763,0.044826340631875926,False
2014-02-28 09:15:00,0.2,False,0.058823529411764705,0.009676661302861862,0.044826340631875926,False
2014-02-28 09:20:00,0.132,False,0.02897278314310799,0.009870819801632026,0.044826340631875926,False
2014-02-28 09:25:00,0.132,False,0.02897278314310799,0.009894899279424276,0.044826340631875926,False
2014-02-28 09:30:00,0.134,False,0.029850746268656716,0.009909523473733656,0.044826340631875926,False
2014-02-28 09:35:00,0.134,False,0.029850746268656716,0.009867183314317457,0.044826340631875926,False
2014-02-28 09:40:00,0.066,False,0.0,0.009379253320271657,0.044826340631875926,False
2014-02-28 09:45:00,0.134,False,0.029850746268656716,0.010245189886842164,0.044826340631875926,False
2014-02-28 09:50:00,0.134,False,0.029850746268656716,0.010244843372756234,0.044826340631875926,False
2014-02-28 09:55:00,0.2019999999999999,False,0.05970149253731338,0.010220387019762122,0.044826340631875926,False
2014-02-28 10:00:00,0.066,False,0.0,0.009790837004473325,0.044826340631875926,False
2014-02-28 10:05:00,0.136,False,0.030728709394205442,0.01085420184966884,0.044826340631875926,False
2014-02-28 10:10:00,0.134,False,0.029850746268656716,0.010807967458039145,0.044826340631875926,False
2014-02-28 10:15:00,0.068,False,0.0008779631255487266,0.01035525611012232,0.044826340631875926,False
2014-02-28 10:20:00,0.136,False,0.030728709394205442,0.011206845164174726,0.044826340631875926,False
2014-02-28 10:25:00,0.132,False,0.02897278314310799,0.011249375367035092,0.044826340631875926,False
2014-02-28 10:30:00,0.134,False,0.029850746268656716,0.011194588834916442,0.044826340631875926,False
2014-02-28 10:35:00,0.066,False,0.0,0.01070397588679769,0.044826340631875926,False
2014-02-28 10:40:00,0.134,False,0.029850746268656716,0.011535530685255547,0.044826340631875926,False
2014-02-28 10:45:00,0.134,False,0.029850746268656716,0.011481008640298862,0.044826340631875926,False
2014-02-28 10:50:00,0.134,False,0.029850746268656716,0.010950841863642648,0.044826340631875926,False
2014-02-28 10:55:00,0.136,False,0.030728709394205442,0.010930904615119873,0.044826340631875926,False
2014-02-28 11:00:00,0.134,False,0.029850746268656716,0.010963856724093867,0.044826340631875926,False
2014-02-28 11:05:00,0.132,False,0.02897278314310799,0.01100204708793287,0.044826340631875926,False
2014-02-28 11:10:00,0.132,False,0.02897278314310799,0.010918459094753375,0.044826340631875926,False
2014-02-28 11:15:00,0.134,False,0.029850746268656716,0.010375310612729597,0.044826340631875926,False
2014-02-28 11:20:00,0.134,False,0.029850746268656716,0.010391357168064655,0.044826340631875926,False
2014-02-28 11:25:00,0.136,False,0.030728709394205442,0.010375292350357912,0.044826340631875926,False
2014-02-28 11:30:00,0.066,False,0.0,0.010381510969003908,0.044826340631875926,False
2014-02-28 11:35:00,0.2019999999999999,False,0.05970149253731338,0.011084528367902087,0.044826340631875926,False
2014-02-28 11:40:00,0.068,False,0.0008779631255487266,0.01117392138839378,0.044826340631875926,False
2014-02-28 11:45:00,0.132,False,0.02897278314310799,0.012104187571689731,0.044826340631875926,False
2014-02-28 11:50:00,0.134,False,0.029850746268656716,0.011134421716495703,0.044826340631875926,False
2014-02-28 11:55:00,0.134,False,0.029850746268656716,0.01118866702602216,0.044826340631875926,False
2014-02-28 12:00:00,0.134,False,0.029850746268656716,0.011247279369189156,0.044826340631875926,False
2014-02-28 12:05:00,0.066,False,0.0,0.011281782262875451,0.044826340631875926,False
2014-02-28 12:10:00,0.134,False,0.029850746268656716,0.012027017995747843,0.044826340631875926,False
2014-02-28 12:15:00,0.134,False,0.029850746268656716,0.011491645063811355,0.044826340631875926,False
2014-02-28 12:20:00,0.066,False,0.0,0.011512610935522924,0.044826340631875926,False
2014-02-28 12:25:00,0.134,False,0.029850746268656716,0.0122615064556727,0.044826340631875926,False
2014-02-28 12:30:00,0.134,False,0.029850746268656716,0.011227436005286398,0.044826340631875926,False
2014-02-28 12:35:00,0.132,False,0.02897278314310799,0.010685084673298317,0.044826340631875926,False
2014-02-28 12:40:00,0.068,False,0.0008779631255487266,0.01065398584260886,0.044826340631875926,False
2014-02-28 12:45:00,0.134,False,0.029850746268656716,0.011278341377504494,0.044826340631875926,False
2014-02-28 12:50:00,0.132,False,0.02897278314310799,0.01073453798099702,0.044826340631875926,False
2014-02-28 12:55:00,0.134,False,0.029850746268656716,0.010681581382010369,0.044826340631875926,False
2014-02-28 13:00:00,0.134,False,0.029850746268656716,0.010712510596264125,0.044826340631875926,False
2014-02-28 13:05:00,0.132,False,0.02897278314310799,0.010636629040587665,0.044826340631875926,False
2014-02-28 13:10:00,0.066,False,0.0,0.01003099832174667,0.044826340631875926,False
2014-02-28 13:15:00,0.134,False,0.029850746268656716,0.010702758043064663,0.044826340631875926,False
2014-02-28 13:20:00,0.136,False,0.030728709394205442,0.010661174241755394,0.044826340631875926,False
2014-02-28 13:25:00,0.066,False,0.0,0.010650128809659404,0.044826340631875926,False
2014-02-28 13:30:00,0.134,False,0.029850746268656716,0.011250496641529694,0.044826340631875926,False
2014-02-28 13:35:00,0.134,False,0.029850746268656716,0.011220718409352596,0.044826340631875926,False
2014-02-28 13:40:00,0.132,False,0.02897278314310799,0.011233102259266206,0.044826340631875926,False
2014-02-28 13:45:00,0.132,False,0.02897278314310799,0.011229131782777933,0.044826340631875926,False
2014-02-28 13:50:00,0.134,False,0.029850746268656716,0.011202937102052665,0.044826340631875926,False
2014-02-28 13:55:00,0.134,False,0.029850746268656716,0.01120838484240879,0.044826340631875926,False
2014-02-28 14:00:00,0.132,False,0.02897278314310799,0.011113263164200745,0.044826340631875926,False
2014-02-28 14:05:00,0.132,False,0.02897278314310799,0.010527461234295888,0.044826340631875926,False
2014-02-28 14:10:00,0.134,False,0.029850746268656716,0.009446897617229718,0.044826340631875926,False
2014-02-28 14:15:00,0.134,False,0.029850746268656716,0.008903665307725002,0.044826340631875926,False
2014-02-28 14:20:00,0.134,False,0.029850746268656716,0.00891955713933633,0.044826340631875926,False
2014-02-28 14:25:00,0.134,False,0.029850746268656716,0.00891090769823319,0.044826340631875926,False
